indicador,indicador_nome,iso,pais,ano,valor
NY.GDP.PCAP.PP.KD,PIB per capita PPC (const 2021 int$),ARG,Argentina,2025,27846.5984597239
NY.GDP.PCAP.PP.KD,PIB per capita PPC (const 2021 int$),ARG,Argentina,2024,26771.9657650571
NY.GDP.PCAP.PP.KD,PIB per capita PPC (const 2021 int$),ARG,Argentina,2023,27230.3968496682
NY.GDP.PCAP.PP.KD,PIB per capita PPC (const 2021 int$),ARG,Argentina,2022,27825.0273492567
NY.GDP.PCAP.PP.KD,PIB per capita PPC (const 2021 int$),ARG,Argentina,2021,26300.274261175
NY.GDP.PCAP.PP.KD,PIB per capita PPC (const 2021 int$),ARG,Argentina,2020,23877.0931404855
NY.GDP.PCAP.PP.KD,PIB per capita PPC (const 2021 int$),ARG,Argentina,2019,26629.5529419501
NY.GDP.PCAP.PP.KD,PIB per capita PPC (const 2021 int$),ARG,Argentina,2018,27367.115094108
NY.GDP.PCAP.PP.KD,PIB per capita PPC (const 2021 int$),ARG,Argentina,2017,28334.904184742
NY.GDP.PCAP.PP.KD,PIB per capita PPC (const 2021 int$),ARG,Argentina,2016,27802.1057201498
NY.GDP.PCAP.PP.KD,PIB per capita PPC (const 2021 int$),ARG,Argentina,2015,28669.2061336796
NY.GDP.PCAP.PP.KD,PIB per capita PPC (const 2021 int$),ARG,Argentina,2014,28200.8152571318
NY.GDP.PCAP.PP.KD,PIB per capita PPC (const 2021 int$),ARG,Argentina,2013,29227.6601818437
NY.GDP.PCAP.PP.KD,PIB per capita PPC (const 2021 int$),ARG,Argentina,2012,28825.9666865361
NY.GDP.PCAP.PP.KD,PIB per capita PPC (const 2021 int$),ARG,Argentina,2011,29425.7593876084
NY.GDP.PCAP.PP.KD,PIB per capita PPC (const 2021 int$),ARG,Argentina,2010,28056.2570212342
NY.GDP.PCAP.PP.KD,PIB per capita PPC (const 2021 int$),ARG,Argentina,2009,25747.1976809995
NY.GDP.PCAP.PP.KD,PIB per capita PPC (const 2021 int$),ARG,Argentina,2008,27658.4853446831
NY.GDP.PCAP.PP.KD,PIB per capita PPC (const 2021 int$),ARG,Argentina,2007,26850.6645932771
NY.GDP.PCAP.PP.KD,PIB per capita PPC (const 2021 int$),ARG,Argentina,2006,24877.2493922296
NY.GDP.PCAP.PP.KD,PIB per capita PPC (const 2021 int$),ARG,Argentina,2005,23262.4075792816
NY.GDP.PCAP.PP.KD,PIB per capita PPC (const 2021 int$),ARG,Argentina,2004,21591.449396517
NY.GDP.PCAP.PP.KD,PIB per capita PPC (const 2021 int$),ARG,Argentina,2003,20005.1385113465
NY.GDP.PCAP.PP.KD,PIB per capita PPC (const 2021 int$),ARG,Argentina,2002,18571.7020471274
NY.GDP.PCAP.PP.KD,PIB per capita PPC (const 2021 int$),ARG,Argentina,2001,21066.4581290433
NY.GDP.PCAP.PP.KD,PIB per capita PPC (const 2021 int$),ARG,Argentina,2000,22281.3814299958
NY.GDP.PCAP.PP.KD,PIB per capita PPC (const 2021 int$),ARG,Argentina,1999,22714.5111302701
NY.GDP.PCAP.PP.KD,PIB per capita PPC (const 2021 int$),ARG,Argentina,1998,23783.1017185449
NY.GDP.PCAP.PP.KD,PIB per capita PPC (const 2021 int$),ARG,Argentina,1997,23172.1583398342
NY.GDP.PCAP.PP.KD,PIB per capita PPC (const 2021 int$),ARG,Argentina,1996,21695.5949515372
NY.GDP.PCAP.PP.KD,PIB per capita PPC (const 2021 int$),ARG,Argentina,1995,20819.4999479903
NY.GDP.PCAP.PP.KD,PIB per capita PPC (const 2021 int$),BRA,Brasil,2025,20024.6968256903
NY.GDP.PCAP.PP.KD,PIB per capita PPC (const 2021 int$),BRA,Brasil,2024,19652.365499171
NY.GDP.PCAP.PP.KD,PIB per capita PPC (const 2021 int$),BRA,Brasil,2023,19079.8122134028
NY.GDP.PCAP.PP.KD,PIB per capita PPC (const 2021 int$),BRA,Brasil,2022,18554.0461828566
NY.GDP.PCAP.PP.KD,PIB per capita PPC (const 2021 int$),BRA,Brasil,2021,18075.7060049068
NY.GDP.PCAP.PP.KD,PIB per capita PPC (const 2021 int$),BRA,Brasil,2020,17327.5157249466
NY.GDP.PCAP.PP.KD,PIB per capita PPC (const 2021 int$),BRA,Brasil,2019,18018.6209151518
NY.GDP.PCAP.PP.KD,PIB per capita PPC (const 2021 int$),BRA,Brasil,2018,17917.7492123359
NY.GDP.PCAP.PP.KD,PIB per capita PPC (const 2021 int$),BRA,Brasil,2017,17724.4799577784
NY.GDP.PCAP.PP.KD,PIB per capita PPC (const 2021 int$),BRA,Brasil,2016,17620.9272434136
NY.GDP.PCAP.PP.KD,PIB per capita PPC (const 2021 int$),BRA,Brasil,2015,18357.0690617991
NY.GDP.PCAP.PP.KD,PIB per capita PPC (const 2021 int$),BRA,Brasil,2014,19183.172744636
NY.GDP.PCAP.PP.KD,PIB per capita PPC (const 2021 int$),BRA,Brasil,2013,19241.5059815726
NY.GDP.PCAP.PP.KD,PIB per capita PPC (const 2021 int$),BRA,Brasil,2012,18832.2195527075
NY.GDP.PCAP.PP.KD,PIB per capita PPC (const 2021 int$),BRA,Brasil,2011,18627.8104529397
NY.GDP.PCAP.PP.KD,PIB per capita PPC (const 2021 int$),BRA,Brasil,2010,18062.1581103659
NY.GDP.PCAP.PP.KD,PIB per capita PPC (const 2021 int$),BRA,Brasil,2009,16939.4407810328
NY.GDP.PCAP.PP.KD,PIB per capita PPC (const 2021 int$),BRA,Brasil,2008,17113.3679822643
NY.GDP.PCAP.PP.KD,PIB per capita PPC (const 2021 int$),BRA,Brasil,2007,16440.583740032
NY.GDP.PCAP.PP.KD,PIB per capita PPC (const 2021 int$),BRA,Brasil,2006,15657.4795716983
NY.GDP.PCAP.PP.KD,PIB per capita PPC (const 2021 int$),BRA,Brasil,2005,15221.0138281541
NY.GDP.PCAP.PP.KD,PIB per capita PPC (const 2021 int$),BRA,Brasil,2004,14911.2609608592
NY.GDP.PCAP.PP.KD,PIB per capita PPC (const 2021 int$),BRA,Brasil,2003,14259.3664089322
NY.GDP.PCAP.PP.KD,PIB per capita PPC (const 2021 int$),BRA,Brasil,2002,14265.9048770292
NY.GDP.PCAP.PP.KD,PIB per capita PPC (const 2021 int$),BRA,Brasil,2001,14016.1313772236
NY.GDP.PCAP.PP.KD,PIB per capita PPC (const 2021 int$),BRA,Brasil,2000,14005.3471874231
NY.GDP.PCAP.PP.KD,PIB per capita PPC (const 2021 int$),BRA,Brasil,1999,13602.4137067874
NY.GDP.PCAP.PP.KD,PIB per capita PPC (const 2021 int$),BRA,Brasil,1998,13737.7026433556
NY.GDP.PCAP.PP.KD,PIB per capita PPC (const 2021 int$),BRA,Brasil,1997,13896.6249901072
NY.GDP.PCAP.PP.KD,PIB per capita PPC (const 2021 int$),BRA,Brasil,1996,13641.6295995961
NY.GDP.PCAP.PP.KD,PIB per capita PPC (const 2021 int$),BRA,Brasil,1995,13550.4393735843
NY.GDP.PCAP.PP.KD,PIB per capita PPC (const 2021 int$),CHL,Chile,2025,30863.4223155169
NY.GDP.PCAP.PP.KD,PIB per capita PPC (const 2021 int$),CHL,Chile,2024,30267.6440919907
NY.GDP.PCAP.PP.KD,PIB per capita PPC (const 2021 int$),CHL,Chile,2023,29600.4188613168
NY.GDP.PCAP.PP.KD,PIB per capita PPC (const 2021 int$),CHL,Chile,2022,29560.4513805785
NY.GDP.PCAP.PP.KD,PIB per capita PPC (const 2021 int$),CHL,Chile,2021,29106.6356522053
NY.GDP.PCAP.PP.KD,PIB per capita PPC (const 2021 int$),CHL,Chile,2020,26258.4038553242
NY.GDP.PCAP.PP.KD,PIB per capita PPC (const 2021 int$),CHL,Chile,2019,28227.9790507594
NY.GDP.PCAP.PP.KD,PIB per capita PPC (const 2021 int$),CHL,Chile,2018,28499.4064000406
NY.GDP.PCAP.PP.KD,PIB per capita PPC (const 2021 int$),CHL,Chile,2017,27899.5979777012
NY.GDP.PCAP.PP.KD,PIB per capita PPC (const 2021 int$),CHL,Chile,2016,27965.3473526831
NY.GDP.PCAP.PP.KD,PIB per capita PPC (const 2021 int$),CHL,Chile,2015,27817.9584848024
NY.GDP.PCAP.PP.KD,PIB per capita PPC (const 2021 int$),CHL,Chile,2014,27511.5610030404
NY.GDP.PCAP.PP.KD,PIB per capita PPC (const 2021 int$),CHL,Chile,2013,27297.8185145366
NY.GDP.PCAP.PP.KD,PIB per capita PPC (const 2021 int$),CHL,Chile,2012,26676.8110154019
NY.GDP.PCAP.PP.KD,PIB per capita PPC (const 2021 int$),CHL,Chile,2011,25372.2741480772
NY.GDP.PCAP.PP.KD,PIB per capita PPC (const 2021 int$),CHL,Chile,2010,24122.4787924386
NY.GDP.PCAP.PP.KD,PIB per capita PPC (const 2021 int$),CHL,Chile,2009,23019.0299454094
NY.GDP.PCAP.PP.KD,PIB per capita PPC (const 2021 int$),CHL,Chile,2008,23515.3473178269
NY.GDP.PCAP.PP.KD,PIB per capita PPC (const 2021 int$),CHL,Chile,2007,22884.2997108846
NY.GDP.PCAP.PP.KD,PIB per capita PPC (const 2021 int$),CHL,Chile,2006,21973.7382914389
NY.GDP.PCAP.PP.KD,PIB per capita PPC (const 2021 int$),CHL,Chile,2005,20923.479756183
NY.GDP.PCAP.PP.KD,PIB per capita PPC (const 2021 int$),CHL,Chile,2004,19966.7093106095
NY.GDP.PCAP.PP.KD,PIB per capita PPC (const 2021 int$),CHL,Chile,2003,18907.3458745755
NY.GDP.PCAP.PP.KD,PIB per capita PPC (const 2021 int$),CHL,Chile,2002,18244.5196827315
NY.GDP.PCAP.PP.KD,PIB per capita PPC (const 2021 int$),CHL,Chile,2001,17874.5313866938
NY.GDP.PCAP.PP.KD,PIB per capita PPC (const 2021 int$),CHL,Chile,2000,17529.4205997692
NY.GDP.PCAP.PP.KD,PIB per capita PPC (const 2021 int$),CHL,Chile,1999,16900.1244018472
NY.GDP.PCAP.PP.KD,PIB per capita PPC (const 2021 int$),CHL,Chile,1998,17161.0335564475
NY.GDP.PCAP.PP.KD,PIB per capita PPC (const 2021 int$),CHL,Chile,1997,16687.855593506
NY.GDP.PCAP.PP.KD,PIB per capita PPC (const 2021 int$),CHL,Chile,1996,15748.4653555533
NY.GDP.PCAP.PP.KD,PIB per capita PPC (const 2021 int$),CHL,Chile,1995,14911.5640742268
NY.GDP.PCAP.PP.KD,PIB per capita PPC (const 2021 int$),CHN,China,2025,25066.5215296486
NY.GDP.PCAP.PP.KD,PIB per capita PPC (const 2021 int$),CHN,China,2024,23841.4769141817
NY.GDP.PCAP.PP.KD,PIB per capita PPC (const 2021 int$),CHN,China,2023,22687.2519534328
NY.GDP.PCAP.PP.KD,PIB per capita PPC (const 2021 int$),CHN,China,2022,21499.3125559757
NY.GDP.PCAP.PP.KD,PIB per capita PPC (const 2021 int$),CHN,China,2021,20843.2978347377
NY.GDP.PCAP.PP.KD,PIB per capita PPC (const 2021 int$),CHN,China,2020,19215.1012491012
NY.GDP.PCAP.PP.KD,PIB per capita PPC (const 2021 int$),CHN,China,2019,18820.5871645645
NY.GDP.PCAP.PP.KD,PIB per capita PPC (const 2021 int$),CHN,China,2018,17807.0490552244
NY.GDP.PCAP.PP.KD,PIB per capita PPC (const 2021 int$),CHN,China,2017,16758.0463976858
NY.GDP.PCAP.PP.KD,PIB per capita PPC (const 2021 int$),CHN,China,2016,15772.8372607502
NY.GDP.PCAP.PP.KD,PIB per capita PPC (const 2021 int$),CHN,China,2015,14857.1088234405
NY.GDP.PCAP.PP.KD,PIB per capita PPC (const 2021 int$),CHN,China,2014,13968.5187785922
NY.GDP.PCAP.PP.KD,PIB per capita PPC (const 2021 int$),CHN,China,2013,13080.8787864744
NY.GDP.PCAP.PP.KD,PIB per capita PPC (const 2021 int$),CHN,China,2012,12217.9343813101
NY.GDP.PCAP.PP.KD,PIB per capita PPC (const 2021 int$),CHN,China,2011,11404.9179835542
NY.GDP.PCAP.PP.KD,PIB per capita PPC (const 2021 int$),CHN,China,2010,10476.1525652407
NY.GDP.PCAP.PP.KD,PIB per capita PPC (const 2021 int$),CHN,China,2009,9518.68128351945
NY.GDP.PCAP.PP.KD,PIB per capita PPC (const 2021 int$),CHN,China,2008,8743.7020031299
NY.GDP.PCAP.PP.KD,PIB per capita PPC (const 2021 int$),CHN,China,2007,8013.78375739131
NY.GDP.PCAP.PP.KD,PIB per capita PPC (const 2021 int$),CHN,China,2006,7057.11131595304
NY.GDP.PCAP.PP.KD,PIB per capita PPC (const 2021 int$),CHN,China,2005,6298.29929808598
NY.GDP.PCAP.PP.KD,PIB per capita PPC (const 2021 int$),CHN,China,2004,5684.3881718733
NY.GDP.PCAP.PP.KD,PIB per capita PPC (const 2021 int$),CHN,China,2003,5191.78118308167
NY.GDP.PCAP.PP.KD,PIB per capita PPC (const 2021 int$),CHN,China,2002,4744.38182475307
NY.GDP.PCAP.PP.KD,PIB per capita PPC (const 2021 int$),CHN,China,2001,4372.43560608339
NY.GDP.PCAP.PP.KD,PIB per capita PPC (const 2021 int$),CHN,China,2000,4065.86707804429
NY.GDP.PCAP.PP.KD,PIB per capita PPC (const 2021 int$),CHN,China,1999,3774.42758274469
NY.GDP.PCAP.PP.KD,PIB per capita PPC (const 2021 int$),CHN,China,1998,3533.69839702638
NY.GDP.PCAP.PP.KD,PIB per capita PPC (const 2021 int$),CHN,China,1997,3305.83025665988
NY.GDP.PCAP.PP.KD,PIB per capita PPC (const 2021 int$),CHN,China,1996,3055.72827655781
NY.GDP.PCAP.PP.KD,PIB per capita PPC (const 2021 int$),CHN,China,1995,2807.88647301744
NY.GDP.PCAP.PP.KD,PIB per capita PPC (const 2021 int$),COL,Colombia,2025,18778.6482631901
NY.GDP.PCAP.PP.KD,PIB per capita PPC (const 2021 int$),COL,Colombia,2024,18481.8374929368
NY.GDP.PCAP.PP.KD,PIB per capita PPC (const 2021 int$),COL,Colombia,2023,18406.6242338491
NY.GDP.PCAP.PP.KD,PIB per capita PPC (const 2021 int$),COL,Colombia,2022,18458.7209460704
NY.GDP.PCAP.PP.KD,PIB per capita PPC (const 2021 int$),COL,Colombia,2021,17383.0901728295
NY.GDP.PCAP.PP.KD,PIB per capita PPC (const 2021 int$),COL,Colombia,2020,15861.4999291295
NY.GDP.PCAP.PP.KD,PIB per capita PPC (const 2021 int$),COL,Colombia,2019,17336.7716030551
NY.GDP.PCAP.PP.KD,PIB per capita PPC (const 2021 int$),COL,Colombia,2018,17104.1313545678
NY.GDP.PCAP.PP.KD,PIB per capita PPC (const 2021 int$),COL,Colombia,2017,16986.0334182842
NY.GDP.PCAP.PP.KD,PIB per capita PPC (const 2021 int$),COL,Colombia,2016,17003.244366485
NY.GDP.PCAP.PP.KD,PIB per capita PPC (const 2021 int$),COL,Colombia,2015,16821.3801400631
NY.GDP.PCAP.PP.KD,PIB per capita PPC (const 2021 int$),COL,Colombia,2014,16480.3631474161
NY.GDP.PCAP.PP.KD,PIB per capita PPC (const 2021 int$),COL,Colombia,2013,15912.2471293239
NY.GDP.PCAP.PP.KD,PIB per capita PPC (const 2021 int$),COL,Colombia,2012,15279.4790008058
NY.GDP.PCAP.PP.KD,PIB per capita PPC (const 2021 int$),COL,Colombia,2011,14852.3699513061
NY.GDP.PCAP.PP.KD,PIB per capita PPC (const 2021 int$),COL,Colombia,2010,14037.0642668639
NY.GDP.PCAP.PP.KD,PIB per capita PPC (const 2021 int$),COL,Colombia,2009,13586.7518430982
NY.GDP.PCAP.PP.KD,PIB per capita PPC (const 2021 int$),COL,Colombia,2008,13591.0609028567
NY.GDP.PCAP.PP.KD,PIB per capita PPC (const 2021 int$),COL,Colombia,2007,13318.3033138168
NY.GDP.PCAP.PP.KD,PIB per capita PPC (const 2021 int$),COL,Colombia,2006,12636.6246577724
NY.GDP.PCAP.PP.KD,PIB per capita PPC (const 2021 int$),COL,Colombia,2005,11999.2549591305
NY.GDP.PCAP.PP.KD,PIB per capita PPC (const 2021 int$),COL,Colombia,2004,11607.9384935105
NY.GDP.PCAP.PP.KD,PIB per capita PPC (const 2021 int$),COL,Colombia,2003,11183.2911819793
NY.GDP.PCAP.PP.KD,PIB per capita PPC (const 2021 int$),COL,Colombia,2002,10925.1485602082
NY.GDP.PCAP.PP.KD,PIB per capita PPC (const 2021 int$),COL,Colombia,2001,10823.4504878807
NY.GDP.PCAP.PP.KD,PIB per capita PPC (const 2021 int$),COL,Colombia,2000,10813.4942250011
NY.GDP.PCAP.PP.KD,PIB per capita PPC (const 2021 int$),COL,Colombia,1999,10679.7092686089
NY.GDP.PCAP.PP.KD,PIB per capita PPC (const 2021 int$),COL,Colombia,1998,11343.8799115733
NY.GDP.PCAP.PP.KD,PIB per capita PPC (const 2021 int$),COL,Colombia,1997,11483.5050125907
NY.GDP.PCAP.PP.KD,PIB per capita PPC (const 2021 int$),COL,Colombia,1996,11303.1308859186
NY.GDP.PCAP.PP.KD,PIB per capita PPC (const 2021 int$),COL,Colombia,1995,11279.0004579347
NY.GDP.PCAP.PP.KD,PIB per capita PPC (const 2021 int$),ECU,Equador,2025,14319.2406558299
NY.GDP.PCAP.PP.KD,PIB per capita PPC (const 2021 int$),ECU,Equador,2024,13922.4222780744
NY.GDP.PCAP.PP.KD,PIB per capita PPC (const 2021 int$),ECU,Equador,2023,14321.1648295611
NY.GDP.PCAP.PP.KD,PIB per capita PPC (const 2021 int$),ECU,Equador,2022,14186.6388544625
NY.GDP.PCAP.PP.KD,PIB per capita PPC (const 2021 int$),ECU,Equador,2021,13507.4445638375
NY.GDP.PCAP.PP.KD,PIB per capita PPC (const 2021 int$),ECU,Equador,2020,12440.3263747814
NY.GDP.PCAP.PP.KD,PIB per capita PPC (const 2021 int$),ECU,Equador,2019,13870.4895118068
NY.GDP.PCAP.PP.KD,PIB per capita PPC (const 2021 int$),ECU,Equador,2018,14083.5069982304
NY.GDP.PCAP.PP.KD,PIB per capita PPC (const 2021 int$),ECU,Equador,2017,14179.1537503305
NY.GDP.PCAP.PP.KD,PIB per capita PPC (const 2021 int$),ECU,Equador,2016,13586.5160772568
NY.GDP.PCAP.PP.KD,PIB per capita PPC (const 2021 int$),ECU,Equador,2015,13881.5700738105
NY.GDP.PCAP.PP.KD,PIB per capita PPC (const 2021 int$),ECU,Equador,2014,14064.7992246727
NY.GDP.PCAP.PP.KD,PIB per capita PPC (const 2021 int$),ECU,Equador,2013,13689.1520460125
NY.GDP.PCAP.PP.KD,PIB per capita PPC (const 2021 int$),ECU,Equador,2012,12961.0267423765
NY.GDP.PCAP.PP.KD,PIB per capita PPC (const 2021 int$),ECU,Equador,2011,12449.0785549218
NY.GDP.PCAP.PP.KD,PIB per capita PPC (const 2021 int$),ECU,Equador,2010,11665.6978598204
NY.GDP.PCAP.PP.KD,PIB per capita PPC (const 2021 int$),ECU,Equador,2009,11403.5277978831
NY.GDP.PCAP.PP.KD,PIB per capita PPC (const 2021 int$),ECU,Equador,2008,11474.5257023541
NY.GDP.PCAP.PP.KD,PIB per capita PPC (const 2021 int$),ECU,Equador,2007,10952.8226853948
NY.GDP.PCAP.PP.KD,PIB per capita PPC (const 2021 int$),ECU,Equador,2006,10933.4897470283
NY.GDP.PCAP.PP.KD,PIB per capita PPC (const 2021 int$),ECU,Equador,2005,10660.2046228939
NY.GDP.PCAP.PP.KD,PIB per capita PPC (const 2021 int$),ECU,Equador,2004,10290.6634264766
NY.GDP.PCAP.PP.KD,PIB per capita PPC (const 2021 int$),ECU,Equador,2003,9802.81408202125
NY.GDP.PCAP.PP.KD,PIB per capita PPC (const 2021 int$),ECU,Equador,2002,9697.55517665978
NY.GDP.PCAP.PP.KD,PIB per capita PPC (const 2021 int$),ECU,Equador,2001,9405.11680690106
NY.GDP.PCAP.PP.KD,PIB per capita PPC (const 2021 int$),ECU,Equador,2000,9183.05155276919
NY.GDP.PCAP.PP.KD,PIB per capita PPC (const 2021 int$),ECU,Equador,1999,9242.96681019585
NY.GDP.PCAP.PP.KD,PIB per capita PPC (const 2021 int$),ECU,Equador,1998,9876.7507512592
NY.GDP.PCAP.PP.KD,PIB per capita PPC (const 2021 int$),ECU,Equador,1997,9739.26682428016
NY.GDP.PCAP.PP.KD,PIB per capita PPC (const 2021 int$),ECU,Equador,1996,9509.27540633173
NY.GDP.PCAP.PP.KD,PIB per capita PPC (const 2021 int$),ECU,Equador,1995,9525.17701832407
NY.GDP.PCAP.PP.KD,PIB per capita PPC (const 2021 int$),IDN,Indonesia,2025,15091.0088604652
NY.GDP.PCAP.PP.KD,PIB per capita PPC (const 2021 int$),IDN,Indonesia,2024,14470.7179806578
NY.GDP.PCAP.PP.KD,PIB per capita PPC (const 2021 int$),IDN,Indonesia,2023,13889.9495012858
NY.GDP.PCAP.PP.KD,PIB per capita PPC (const 2021 int$),IDN,Indonesia,2022,13334.2653947637
NY.GDP.PCAP.PP.KD,PIB per capita PPC (const 2021 int$),IDN,Indonesia,2021,12757.0746440204
NY.GDP.PCAP.PP.KD,PIB per capita PPC (const 2021 int$),IDN,Indonesia,2020,12388.5449268131
NY.GDP.PCAP.PP.KD,PIB per capita PPC (const 2021 int$),IDN,Indonesia,2019,12757.7850854842
NY.GDP.PCAP.PP.KD,PIB per capita PPC (const 2021 int$),IDN,Indonesia,2018,12262.2310300771
NY.GDP.PCAP.PP.KD,PIB per capita PPC (const 2021 int$),IDN,Indonesia,2017,11772.5743296107
NY.GDP.PCAP.PP.KD,PIB per capita PPC (const 2021 int$),IDN,Indonesia,2016,11319.6634287738
NY.GDP.PCAP.PP.KD,PIB per capita PPC (const 2021 int$),IDN,Indonesia,2015,10893.6621142169
NY.GDP.PCAP.PP.KD,PIB per capita PPC (const 2021 int$),IDN,Indonesia,2014,10504.3869411088
NY.GDP.PCAP.PP.KD,PIB per capita PPC (const 2021 int$),IDN,Indonesia,2013,10121.8141535043
NY.GDP.PCAP.PP.KD,PIB per capita PPC (const 2021 int$),IDN,Indonesia,2012,9708.61182531081
NY.GDP.PCAP.PP.KD,PIB per capita PPC (const 2021 int$),IDN,Indonesia,2011,9274.96955181702
NY.GDP.PCAP.PP.KD,PIB per capita PPC (const 2021 int$),IDN,Indonesia,2010,8848.22473702066
NY.GDP.PCAP.PP.KD,PIB per capita PPC (const 2021 int$),IDN,Indonesia,2009,8435.4557468629
NY.GDP.PCAP.PP.KD,PIB per capita PPC (const 2021 int$),IDN,Indonesia,2008,8165.06155116624
NY.GDP.PCAP.PP.KD,PIB per capita PPC (const 2021 int$),IDN,Indonesia,2007,7802.46406905954
NY.GDP.PCAP.PP.KD,PIB per capita PPC (const 2021 int$),IDN,Indonesia,2006,7434.48785352221
NY.GDP.PCAP.PP.KD,PIB per capita PPC (const 2021 int$),IDN,Indonesia,2005,7140.8545640704
NY.GDP.PCAP.PP.KD,PIB per capita PPC (const 2021 int$),IDN,Indonesia,2004,6843.54654972364
NY.GDP.PCAP.PP.KD,PIB per capita PPC (const 2021 int$),IDN,Indonesia,2003,6599.09193597034
NY.GDP.PCAP.PP.KD,PIB per capita PPC (const 2021 int$),IDN,Indonesia,2002,6381.94955179996
NY.GDP.PCAP.PP.KD,PIB per capita PPC (const 2021 int$),IDN,Indonesia,2001,6190.51954040991
NY.GDP.PCAP.PP.KD,PIB per capita PPC (const 2021 int$),IDN,Indonesia,2000,6056.38197842165
NY.GDP.PCAP.PP.KD,PIB per capita PPC (const 2021 int$),IDN,Indonesia,1999,5855.65800744994
NY.GDP.PCAP.PP.KD,PIB per capita PPC (const 2021 int$),IDN,Indonesia,1998,5897.68530859207
NY.GDP.PCAP.PP.KD,PIB per capita PPC (const 2021 int$),IDN,Indonesia,1997,6897.00236563331
NY.GDP.PCAP.PP.KD,PIB per capita PPC (const 2021 int$),IDN,Indonesia,1996,6695.40975787395
NY.GDP.PCAP.PP.KD,PIB per capita PPC (const 2021 int$),IDN,Indonesia,1995,6312.93453561158
NY.GDP.PCAP.PP.KD,PIB per capita PPC (const 2021 int$),IND,India,2025,10039.0708910587
NY.GDP.PCAP.PP.KD,PIB per capita PPC (const 2021 int$),IND,India,2024,9416.05137044735
NY.GDP.PCAP.PP.KD,PIB per capita PPC (const 2021 int$),IND,India,2023,8870.55027609345
NY.GDP.PCAP.PP.KD,PIB per capita PPC (const 2021 int$),IND,India,2022,8347.38478647086
NY.GDP.PCAP.PP.KD,PIB per capita PPC (const 2021 int$),IND,India,2021,7818.65701757504
NY.GDP.PCAP.PP.KD,PIB per capita PPC (const 2021 int$),IND,India,2020,7186.86447099679
NY.GDP.PCAP.PP.KD,PIB per capita PPC (const 2021 int$),IND,India,2019,7702.17634811957
NY.GDP.PCAP.PP.KD,PIB per capita PPC (const 2021 int$),IND,India,2018,7492.62576755145
NY.GDP.PCAP.PP.KD,PIB per capita PPC (const 2021 int$),IND,India,2017,7116.03659185396
NY.GDP.PCAP.PP.KD,PIB per capita PPC (const 2021 int$),IND,India,2016,6741.14883185347
NY.GDP.PCAP.PP.KD,PIB per capita PPC (const 2021 int$),IND,India,2015,6301.67346968236
NY.GDP.PCAP.PP.KD,PIB per capita PPC (const 2021 int$),IND,India,2014,5905.10618204633
NY.GDP.PCAP.PP.KD,PIB per capita PPC (const 2021 int$),IND,India,2013,5567.49439418718
NY.GDP.PCAP.PP.KD,PIB per capita PPC (const 2021 int$),IND,India,2012,5303.50197767655
NY.GDP.PCAP.PP.KD,PIB per capita PPC (const 2021 int$),IND,India,2011,5098.67458775444
NY.GDP.PCAP.PP.KD,PIB per capita PPC (const 2021 int$),IND,India,2010,4913.87639723705
NY.GDP.PCAP.PP.KD,PIB per capita PPC (const 2021 int$),IND,India,2009,4595.37990753812
NY.GDP.PCAP.PP.KD,PIB per capita PPC (const 2021 int$),IND,India,2008,4322.48378983546
NY.GDP.PCAP.PP.KD,PIB per capita PPC (const 2021 int$),IND,India,2007,4253.82139046739
NY.GDP.PCAP.PP.KD,PIB per capita PPC (const 2021 int$),IND,India,2006,4011.08647585805
NY.GDP.PCAP.PP.KD,PIB per capita PPC (const 2021 int$),IND,India,2005,3770.39653173829
NY.GDP.PCAP.PP.KD,PIB per capita PPC (const 2021 int$),IND,India,2004,3551.04731213773
NY.GDP.PCAP.PP.KD,PIB per capita PPC (const 2021 int$),IND,India,2003,3346.8882902915
NY.GDP.PCAP.PP.KD,PIB per capita PPC (const 2021 int$),IND,India,2002,3157.26903770593
NY.GDP.PCAP.PP.KD,PIB per capita PPC (const 2021 int$),IND,India,2001,3097.16224022342
NY.GDP.PCAP.PP.KD,PIB per capita PPC (const 2021 int$),IND,India,2000,3010.42156148397
NY.GDP.PCAP.PP.KD,PIB per capita PPC (const 2021 int$),IND,India,1999,2954.0688560393
NY.GDP.PCAP.PP.KD,PIB per capita PPC (const 2021 int$),IND,India,1998,2766.110488608
NY.GDP.PCAP.PP.KD,PIB per capita PPC (const 2021 int$),IND,India,1997,2655.92939429507
NY.GDP.PCAP.PP.KD,PIB per capita PPC (const 2021 int$),IND,India,1996,2603.24632974171
NY.GDP.PCAP.PP.KD,PIB per capita PPC (const 2021 int$),IND,India,1995,2469.3516292637
NY.GDP.PCAP.PP.KD,PIB per capita PPC (const 2021 int$),MEX,Mexico,2025,21911.9292842747
NY.GDP.PCAP.PP.KD,PIB per capita PPC (const 2021 int$),MEX,Mexico,2024,21970.3520412926
NY.GDP.PCAP.PP.KD,PIB per capita PPC (const 2021 int$),MEX,Mexico,2023,21864.9236104145
NY.GDP.PCAP.PP.KD,PIB per capita PPC (const 2021 int$),MEX,Mexico,2022,21391.8573698845
NY.GDP.PCAP.PP.KD,PIB per capita PPC (const 2021 int$),MEX,Mexico,2021,20782.5877440905
NY.GDP.PCAP.PP.KD,PIB per capita PPC (const 2021 int$),MEX,Mexico,2020,19728.4817827455
NY.GDP.PCAP.PP.KD,PIB per capita PPC (const 2021 int$),MEX,Mexico,2019,21704.185952748
NY.GDP.PCAP.PP.KD,PIB per capita PPC (const 2021 int$),MEX,Mexico,2018,21997.7730219494
NY.GDP.PCAP.PP.KD,PIB per capita PPC (const 2021 int$),MEX,Mexico,2017,21777.5225127275
NY.GDP.PCAP.PP.KD,PIB per capita PPC (const 2021 int$),MEX,Mexico,2016,21578.263354126
NY.GDP.PCAP.PP.KD,PIB per capita PPC (const 2021 int$),MEX,Mexico,2015,21408.9283216195
NY.GDP.PCAP.PP.KD,PIB per capita PPC (const 2021 int$),MEX,Mexico,2014,21069.7661653886
NY.GDP.PCAP.PP.KD,PIB per capita PPC (const 2021 int$),MEX,Mexico,2013,20805.3480406564
NY.GDP.PCAP.PP.KD,PIB per capita PPC (const 2021 int$),MEX,Mexico,2012,20898.935720908
NY.GDP.PCAP.PP.KD,PIB per capita PPC (const 2021 int$),MEX,Mexico,2011,20457.6001677783
NY.GDP.PCAP.PP.KD,PIB per capita PPC (const 2021 int$),MEX,Mexico,2010,20058.3854882301
NY.GDP.PCAP.PP.KD,PIB per capita PPC (const 2021 int$),MEX,Mexico,2009,19385.5437251877
NY.GDP.PCAP.PP.KD,PIB per capita PPC (const 2021 int$),MEX,Mexico,2008,20992.5602662364
NY.GDP.PCAP.PP.KD,PIB per capita PPC (const 2021 int$),MEX,Mexico,2007,21102.2688338349
NY.GDP.PCAP.PP.KD,PIB per capita PPC (const 2021 int$),MEX,Mexico,2006,20965.8256087044
NY.GDP.PCAP.PP.KD,PIB per capita PPC (const 2021 int$),MEX,Mexico,2005,20277.2552852007
NY.GDP.PCAP.PP.KD,PIB per capita PPC (const 2021 int$),MEX,Mexico,2004,20127.2242902968
NY.GDP.PCAP.PP.KD,PIB per capita PPC (const 2021 int$),MEX,Mexico,2003,19701.4633898714
NY.GDP.PCAP.PP.KD,PIB per capita PPC (const 2021 int$),MEX,Mexico,2002,19744.7933675609
NY.GDP.PCAP.PP.KD,PIB per capita PPC (const 2021 int$),MEX,Mexico,2001,20078.2183931307
NY.GDP.PCAP.PP.KD,PIB per capita PPC (const 2021 int$),MEX,Mexico,2000,20470.4937669158
NY.GDP.PCAP.PP.KD,PIB per capita PPC (const 2021 int$),MEX,Mexico,1999,19793.2852863293
NY.GDP.PCAP.PP.KD,PIB per capita PPC (const 2021 int$),MEX,Mexico,1998,19573.0654561328
NY.GDP.PCAP.PP.KD,PIB per capita PPC (const 2021 int$),MEX,Mexico,1997,18737.6426464292
NY.GDP.PCAP.PP.KD,PIB per capita PPC (const 2021 int$),MEX,Mexico,1996,17775.8727889128
NY.GDP.PCAP.PP.KD,PIB per capita PPC (const 2021 int$),MEX,Mexico,1995,17028.1215022837
NY.GDP.PCAP.PP.KD,PIB per capita PPC (const 2021 int$),PER,Peru,2025,16079.1247394843
NY.GDP.PCAP.PP.KD,PIB per capita PPC (const 2021 int$),PER,Peru,2024,15708.8329440963
NY.GDP.PCAP.PP.KD,PIB per capita PPC (const 2021 int$),PER,Peru,2023,15342.2741359642
NY.GDP.PCAP.PP.KD,PIB per capita PPC (const 2021 int$),PER,Peru,2022,15566.5242612563
NY.GDP.PCAP.PP.KD,PIB per capita PPC (const 2021 int$),PER,Peru,2021,15285.7706852395
NY.GDP.PCAP.PP.KD,PIB per capita PPC (const 2021 int$),PER,Peru,2020,13607.7640705828
NY.GDP.PCAP.PP.KD,PIB per capita PPC (const 2021 int$),PER,Peru,2019,15461.4572585466
NY.GDP.PCAP.PP.KD,PIB per capita PPC (const 2021 int$),PER,Peru,2018,15384.1846082423
NY.GDP.PCAP.PP.KD,PIB per capita PPC (const 2021 int$),PER,Peru,2017,15067.489279382
NY.GDP.PCAP.PP.KD,PIB per capita PPC (const 2021 int$),PER,Peru,2016,14915.4366324454
NY.GDP.PCAP.PP.KD,PIB per capita PPC (const 2021 int$),PER,Peru,2015,14540.8313160635
NY.GDP.PCAP.PP.KD,PIB per capita PPC (const 2021 int$),PER,Peru,2014,14242.6444760801
NY.GDP.PCAP.PP.KD,PIB per capita PPC (const 2021 int$),PER,Peru,2013,14050.2420319137
NY.GDP.PCAP.PP.KD,PIB per capita PPC (const 2021 int$),PER,Peru,2012,13393.5923851679
NY.GDP.PCAP.PP.KD,PIB per capita PPC (const 2021 int$),PER,Peru,2011,12724.8832049429
NY.GDP.PCAP.PP.KD,PIB per capita PPC (const 2021 int$),PER,Peru,2010,12057.3912963716
NY.GDP.PCAP.PP.KD,PIB per capita PPC (const 2021 int$),PER,Peru,2009,11202.8654418496
NY.GDP.PCAP.PP.KD,PIB per capita PPC (const 2021 int$),PER,Peru,2008,11150.0262166889
NY.GDP.PCAP.PP.KD,PIB per capita PPC (const 2021 int$),PER,Peru,2007,10284.9672238506
NY.GDP.PCAP.PP.KD,PIB per capita PPC (const 2021 int$),PER,Peru,2006,9546.62529545456
NY.GDP.PCAP.PP.KD,PIB per capita PPC (const 2021 int$),PER,Peru,2005,8948.74710742664
NY.GDP.PCAP.PP.KD,PIB per capita PPC (const 2021 int$),PER,Peru,2004,8494.84031217202
NY.GDP.PCAP.PP.KD,PIB per capita PPC (const 2021 int$),PER,Peru,2003,8173.27672987692
NY.GDP.PCAP.PP.KD,PIB per capita PPC (const 2021 int$),PER,Peru,2002,7930.50980631714
NY.GDP.PCAP.PP.KD,PIB per capita PPC (const 2021 int$),PER,Peru,2001,7610.63949294843
NY.GDP.PCAP.PP.KD,PIB per capita PPC (const 2021 int$),PER,Peru,2000,7668.06078201131
NY.GDP.PCAP.PP.KD,PIB per capita PPC (const 2021 int$),PER,Peru,1999,7584.30465257181
NY.GDP.PCAP.PP.KD,PIB per capita PPC (const 2021 int$),PER,Peru,1998,7602.78356076635
NY.GDP.PCAP.PP.KD,PIB per capita PPC (const 2021 int$),PER,Peru,1997,7772.77834225556
NY.GDP.PCAP.PP.KD,PIB per capita PPC (const 2021 int$),PER,Peru,1996,7436.18931908276
NY.GDP.PCAP.PP.KD,PIB per capita PPC (const 2021 int$),PER,Peru,1995,7371.04799020402
NY.GDP.PCAP.PP.KD,PIB per capita PPC (const 2021 int$),TUR,Turquia,2025,37300.7485739354
NY.GDP.PCAP.PP.KD,PIB per capita PPC (const 2021 int$),TUR,Turquia,2024,36154.490436557
NY.GDP.PCAP.PP.KD,PIB per capita PPC (const 2021 int$),TUR,Turquia,2023,35069.1701714685
NY.GDP.PCAP.PP.KD,PIB per capita PPC (const 2021 int$),TUR,Turquia,2022,33520.8111384208
NY.GDP.PCAP.PP.KD,PIB per capita PPC (const 2021 int$),TUR,Turquia,2021,32105.5474400506
NY.GDP.PCAP.PP.KD,PIB per capita PPC (const 2021 int$),TUR,Turquia,2020,28976.7179161611
NY.GDP.PCAP.PP.KD,PIB per capita PPC (const 2021 int$),TUR,Turquia,2019,28741.0535082701
NY.GDP.PCAP.PP.KD,PIB per capita PPC (const 2021 int$),TUR,Turquia,2018,28780.3036458151
NY.GDP.PCAP.PP.KD,PIB per capita PPC (const 2021 int$),TUR,Turquia,2017,28194.688309381
NY.GDP.PCAP.PP.KD,PIB per capita PPC (const 2021 int$),TUR,Turquia,2016,26489.6436816046
NY.GDP.PCAP.PP.KD,PIB per capita PPC (const 2021 int$),TUR,Turquia,2015,25984.8027306177
NY.GDP.PCAP.PP.KD,PIB per capita PPC (const 2021 int$),TUR,Turquia,2014,24888.8521742576
NY.GDP.PCAP.PP.KD,PIB per capita PPC (const 2021 int$),TUR,Turquia,2013,24117.3121099839
NY.GDP.PCAP.PP.KD,PIB per capita PPC (const 2021 int$),TUR,Turquia,2012,22517.7148287875
NY.GDP.PCAP.PP.KD,PIB per capita PPC (const 2021 int$),TUR,Turquia,2011,21760.4291923634
NY.GDP.PCAP.PP.KD,PIB per capita PPC (const 2021 int$),TUR,Turquia,2010,19897.4464836887
NY.GDP.PCAP.PP.KD,PIB per capita PPC (const 2021 int$),TUR,Turquia,2009,18612.1925231905
NY.GDP.PCAP.PP.KD,PIB per capita PPC (const 2021 int$),TUR,Turquia,2008,19839.5845462269
NY.GDP.PCAP.PP.KD,PIB per capita PPC (const 2021 int$),TUR,Turquia,2007,19909.083519675
NY.GDP.PCAP.PP.KD,PIB per capita PPC (const 2021 int$),TUR,Turquia,2006,18972.0089563632
NY.GDP.PCAP.PP.KD,PIB per capita PPC (const 2021 int$),TUR,Turquia,2005,17902.5966004487
NY.GDP.PCAP.PP.KD,PIB per capita PPC (const 2021 int$),TUR,Turquia,2004,16583.8837094062
NY.GDP.PCAP.PP.KD,PIB per capita PPC (const 2021 int$),TUR,Turquia,2003,15255.7177960689
NY.GDP.PCAP.PP.KD,PIB per capita PPC (const 2021 int$),TUR,Turquia,2002,14587.894621656
NY.GDP.PCAP.PP.KD,PIB per capita PPC (const 2021 int$),TUR,Turquia,2001,13872.1287284566
NY.GDP.PCAP.PP.KD,PIB per capita PPC (const 2021 int$),TUR,Turquia,2000,14856.914625257
NY.GDP.PCAP.PP.KD,PIB per capita PPC (const 2021 int$),TUR,Turquia,1999,14066.1896257233
NY.GDP.PCAP.PP.KD,PIB per capita PPC (const 2021 int$),TUR,Turquia,1998,14704.3385744207
NY.GDP.PCAP.PP.KD,PIB per capita PPC (const 2021 int$),TUR,Turquia,1997,14631.2958814739
NY.GDP.PCAP.PP.KD,PIB per capita PPC (const 2021 int$),TUR,Turquia,1996,13826.9201097072
NY.GDP.PCAP.PP.KD,PIB per capita PPC (const 2021 int$),TUR,Turquia,1995,13099.2575267612
NY.GDP.PCAP.PP.KD,PIB per capita PPC (const 2021 int$),,Upper middle income,2025,21748.8781857464
NY.GDP.PCAP.PP.KD,PIB per capita PPC (const 2021 int$),,Upper middle income,2024,20967.3589459748
NY.GDP.PCAP.PP.KD,PIB per capita PPC (const 2021 int$),,Upper middle income,2023,20194.4437195401
NY.GDP.PCAP.PP.KD,PIB per capita PPC (const 2021 int$),,Upper middle income,2022,19378.7095594057
NY.GDP.PCAP.PP.KD,PIB per capita PPC (const 2021 int$),,Upper middle income,2021,18796.441497948
NY.GDP.PCAP.PP.KD,PIB per capita PPC (const 2021 int$),,Upper middle income,2020,17611.7434455076
NY.GDP.PCAP.PP.KD,PIB per capita PPC (const 2021 int$),,Upper middle income,2019,17882.2048457814
NY.GDP.PCAP.PP.KD,PIB per capita PPC (const 2021 int$),,Upper middle income,2018,17308.0850217702
NY.GDP.PCAP.PP.KD,PIB per capita PPC (const 2021 int$),,Upper middle income,2017,16662.4284387368
NY.GDP.PCAP.PP.KD,PIB per capita PPC (const 2021 int$),,Upper middle income,2016,15979.55362127
NY.GDP.PCAP.PP.KD,PIB per capita PPC (const 2021 int$),,Upper middle income,2015,15424.5615868064
NY.GDP.PCAP.PP.KD,PIB per capita PPC (const 2021 int$),,Upper middle income,2014,14947.2403476526
NY.GDP.PCAP.PP.KD,PIB per capita PPC (const 2021 int$),,Upper middle income,2013,14423.8295348435
NY.GDP.PCAP.PP.KD,PIB per capita PPC (const 2021 int$),,Upper middle income,2012,13822.3046874476
NY.GDP.PCAP.PP.KD,PIB per capita PPC (const 2021 int$),,Upper middle income,2011,13236.515304434
NY.GDP.PCAP.PP.KD,PIB per capita PPC (const 2021 int$),,Upper middle income,2010,12531.0895213844
NY.GDP.PCAP.PP.KD,PIB per capita PPC (const 2021 int$),,Upper middle income,2009,11694.2221159018
NY.GDP.PCAP.PP.KD,PIB per capita PPC (const 2021 int$),,Upper middle income,2008,11494.8903381638
NY.GDP.PCAP.PP.KD,PIB per capita PPC (const 2021 int$),,Upper middle income,2007,10958.7142005081
NY.GDP.PCAP.PP.KD,PIB per capita PPC (const 2021 int$),,Upper middle income,2006,10156.8285798117
NY.GDP.PCAP.PP.KD,PIB per capita PPC (const 2021 int$),,Upper middle income,2005,9482.47316024402
NY.GDP.PCAP.PP.KD,PIB per capita PPC (const 2021 int$),,Upper middle income,2004,8939.4315710973
NY.GDP.PCAP.PP.KD,PIB per capita PPC (const 2021 int$),,Upper middle income,2003,8370.32235025016
NY.GDP.PCAP.PP.KD,PIB per capita PPC (const 2021 int$),,Upper middle income,2002,7995.26895874639
NY.GDP.PCAP.PP.KD,PIB per capita PPC (const 2021 int$),,Upper middle income,2001,7707.83336797882
NY.GDP.PCAP.PP.KD,PIB per capita PPC (const 2021 int$),,Upper middle income,2000,7534.46601304186
NY.GDP.PCAP.PP.KD,PIB per capita PPC (const 2021 int$),,Upper middle income,1999,7193.22707987242
NY.GDP.PCAP.PP.KD,PIB per capita PPC (const 2021 int$),,Upper middle income,1998,7065.40946908576
NY.GDP.PCAP.PP.KD,PIB per capita PPC (const 2021 int$),,Upper middle income,1997,7003.13563219198
NY.GDP.PCAP.PP.KD,PIB per capita PPC (const 2021 int$),,Upper middle income,1996,6714.8088077637
NY.GDP.PCAP.PP.KD,PIB per capita PPC (const 2021 int$),,Upper middle income,1995,6432.68540027582
NY.GDP.PCAP.PP.KD,PIB per capita PPC (const 2021 int$),ZAF,Africa do Sul,2025,13592.0484020929
NY.GDP.PCAP.PP.KD,PIB per capita PPC (const 2021 int$),ZAF,Africa do Sul,2024,13597.6538495998
NY.GDP.PCAP.PP.KD,PIB per capita PPC (const 2021 int$),ZAF,Africa do Sul,2023,13695.3755694076
NY.GDP.PCAP.PP.KD,PIB per capita PPC (const 2021 int$),ZAF,Africa do Sul,2022,13767.4967589936
NY.GDP.PCAP.PP.KD,PIB per capita PPC (const 2021 int$),ZAF,Africa do Sul,2021,13681.9548144813
NY.GDP.PCAP.PP.KD,PIB per capita PPC (const 2021 int$),ZAF,Africa do Sul,2020,13250.5666594456
NY.GDP.PCAP.PP.KD,PIB per capita PPC (const 2021 int$),ZAF,Africa do Sul,2019,14352.6698709871
NY.GDP.PCAP.PP.KD,PIB per capita PPC (const 2021 int$),ZAF,Africa do Sul,2018,14553.5615668957
NY.GDP.PCAP.PP.KD,PIB per capita PPC (const 2021 int$),ZAF,Africa do Sul,2017,14573.5980840004
NY.GDP.PCAP.PP.KD,PIB per capita PPC (const 2021 int$),ZAF,Africa do Sul,2016,14501.2807823402
NY.GDP.PCAP.PP.KD,PIB per capita PPC (const 2021 int$),ZAF,Africa do Sul,2015,14541.6748613669
NY.GDP.PCAP.PP.KD,PIB per capita PPC (const 2021 int$),ZAF,Africa do Sul,2014,14643.3384782936
NY.GDP.PCAP.PP.KD,PIB per capita PPC (const 2021 int$),ZAF,Africa do Sul,2013,14681.096638957
NY.GDP.PCAP.PP.KD,PIB per capita PPC (const 2021 int$),ZAF,Africa do Sul,2012,14563.7624041032
NY.GDP.PCAP.PP.KD,PIB per capita PPC (const 2021 int$),ZAF,Africa do Sul,2011,14434.2611456048
NY.GDP.PCAP.PP.KD,PIB per capita PPC (const 2021 int$),ZAF,Africa do Sul,2010,14164.9958363115
NY.GDP.PCAP.PP.KD,PIB per capita PPC (const 2021 int$),ZAF,Africa do Sul,2009,13910.7017093394
NY.GDP.PCAP.PP.KD,PIB per capita PPC (const 2021 int$),ZAF,Africa do Sul,2008,14297.6887802632
NY.GDP.PCAP.PP.KD,PIB per capita PPC (const 2021 int$),ZAF,Africa do Sul,2007,14016.2444716386
NY.GDP.PCAP.PP.KD,PIB per capita PPC (const 2021 int$),ZAF,Africa do Sul,2006,13444.2332126058
NY.GDP.PCAP.PP.KD,PIB per capita PPC (const 2021 int$),ZAF,Africa do Sul,2005,12861.5633089114
NY.GDP.PCAP.PP.KD,PIB per capita PPC (const 2021 int$),ZAF,Africa do Sul,2004,12341.2102655828
NY.GDP.PCAP.PP.KD,PIB per capita PPC (const 2021 int$),ZAF,Africa do Sul,2003,11923.1211013633
NY.GDP.PCAP.PP.KD,PIB per capita PPC (const 2021 int$),ZAF,Africa do Sul,2002,11697.5657261687
NY.GDP.PCAP.PP.KD,PIB per capita PPC (const 2021 int$),ZAF,Africa do Sul,2001,11387.492366782
NY.GDP.PCAP.PP.KD,PIB per capita PPC (const 2021 int$),ZAF,Africa do Sul,2000,11183.825503143
NY.GDP.PCAP.PP.KD,PIB per capita PPC (const 2021 int$),ZAF,Africa do Sul,1999,10831.6589617949
NY.GDP.PCAP.PP.KD,PIB per capita PPC (const 2021 int$),ZAF,Africa do Sul,1998,10693.6882326622
NY.GDP.PCAP.PP.KD,PIB per capita PPC (const 2021 int$),ZAF,Africa do Sul,1997,10770.2779624828
NY.GDP.PCAP.PP.KD,PIB per capita PPC (const 2021 int$),ZAF,Africa do Sul,1996,10623.8603593151
NY.GDP.PCAP.PP.KD,PIB per capita PPC (const 2021 int$),ZAF,Africa do Sul,1995,10318.8385984353
NY.GDP.PCAP.KD,PIB per capita (const US$),ARG,Argentina,2025,13287.1159527489
NY.GDP.PCAP.KD,PIB per capita (const US$),ARG,Argentina,2024,12774.3506596628
NY.GDP.PCAP.KD,PIB per capita (const US$),ARG,Argentina,2023,12993.0928872416
NY.GDP.PCAP.KD,PIB per capita (const US$),ARG,Argentina,2022,13276.8232110189
NY.GDP.PCAP.KD,PIB per capita (const US$),ARG,Argentina,2021,12549.2811699342
NY.GDP.PCAP.KD,PIB per capita (const US$),ARG,Argentina,2020,11393.0505957877
NY.GDP.PCAP.KD,PIB per capita (const US$),ARG,Argentina,2019,12706.3978108968
NY.GDP.PCAP.KD,PIB per capita (const US$),ARG,Argentina,2018,13058.3285449954
NY.GDP.PCAP.KD,PIB per capita (const US$),ARG,Argentina,2017,13520.1129846159
NY.GDP.PCAP.KD,PIB per capita (const US$),ARG,Argentina,2016,13265.8860639123
NY.GDP.PCAP.KD,PIB per capita (const US$),ARG,Argentina,2015,13679.6264980954
NY.GDP.PCAP.KD,PIB per capita (const US$),ARG,Argentina,2014,13456.1319159151
NY.GDP.PCAP.KD,PIB per capita (const US$),ARG,Argentina,2013,13946.0950832252
NY.GDP.PCAP.KD,PIB per capita (const US$),ARG,Argentina,2012,13754.4254235596
NY.GDP.PCAP.KD,PIB per capita (const US$),ARG,Argentina,2011,14040.6189124444
NY.GDP.PCAP.KD,PIB per capita (const US$),ARG,Argentina,2010,13387.1553748458
NY.GDP.PCAP.KD,PIB per capita (const US$),ARG,Argentina,2009,12285.3784651865
NY.GDP.PCAP.KD,PIB per capita (const US$),ARG,Argentina,2008,13197.3570267029
NY.GDP.PCAP.KD,PIB per capita (const US$),ARG,Argentina,2007,12811.9021206578
NY.GDP.PCAP.KD,PIB per capita (const US$),ARG,Argentina,2006,11870.2791559298
NY.GDP.PCAP.KD,PIB per capita (const US$),ARG,Argentina,2005,11099.7509190602
NY.GDP.PCAP.KD,PIB per capita (const US$),ARG,Argentina,2004,10302.4465316428
NY.GDP.PCAP.KD,PIB per capita (const US$),ARG,Argentina,2003,9545.53194119994
NY.GDP.PCAP.KD,PIB per capita (const US$),ARG,Argentina,2002,8861.56199282278
NY.GDP.PCAP.KD,PIB per capita (const US$),ARG,Argentina,2001,10051.9448463043
NY.GDP.PCAP.KD,PIB per capita (const US$),ARG,Argentina,2000,10631.6503639029
NY.GDP.PCAP.KD,PIB per capita (const US$),ARG,Argentina,1999,10838.3199346387
NY.GDP.PCAP.KD,PIB per capita (const US$),ARG,Argentina,1998,11348.2022124673
NY.GDP.PCAP.KD,PIB per capita (const US$),ARG,Argentina,1997,11056.6881331002
NY.GDP.PCAP.KD,PIB per capita (const US$),ARG,Argentina,1996,10352.1400002191
NY.GDP.PCAP.KD,PIB per capita (const US$),ARG,Argentina,1995,9934.10776139515
NY.GDP.PCAP.KD,PIB per capita (const US$),BRA,Brasil,2025,9747.99557762692
NY.GDP.PCAP.KD,PIB per capita (const US$),BRA,Brasil,2024,9566.74518687619
NY.GDP.PCAP.KD,PIB per capita (const US$),BRA,Brasil,2023,9288.02701470069
NY.GDP.PCAP.KD,PIB per capita (const US$),BRA,Brasil,2022,9032.08481566299
NY.GDP.PCAP.KD,PIB per capita (const US$),BRA,Brasil,2021,8799.22945810901
NY.GDP.PCAP.KD,PIB per capita (const US$),BRA,Brasil,2020,8435.01143254978
NY.GDP.PCAP.KD,PIB per capita (const US$),BRA,Brasil,2019,8771.44051292177
NY.GDP.PCAP.KD,PIB per capita (const US$),BRA,Brasil,2018,8722.33630317935
NY.GDP.PCAP.KD,PIB per capita (const US$),BRA,Brasil,2017,8628.25308908043
NY.GDP.PCAP.KD,PIB per capita (const US$),BRA,Brasil,2016,8577.84376650911
NY.GDP.PCAP.KD,PIB per capita (const US$),BRA,Brasil,2015,8936.19661712113
NY.GDP.PCAP.KD,PIB per capita (const US$),BRA,Brasil,2014,9338.34278278114
NY.GDP.PCAP.KD,PIB per capita (const US$),BRA,Brasil,2013,9366.73932434359
NY.GDP.PCAP.KD,PIB per capita (const US$),BRA,Brasil,2012,9167.49923929815
NY.GDP.PCAP.KD,PIB per capita (const US$),BRA,Brasil,2011,9067.99316348047
NY.GDP.PCAP.KD,PIB per capita (const US$),BRA,Brasil,2010,8792.63436120342
NY.GDP.PCAP.KD,PIB per capita (const US$),BRA,Brasil,2009,8246.09706995094
NY.GDP.PCAP.KD,PIB per capita (const US$),BRA,Brasil,2008,8330.76459841304
NY.GDP.PCAP.KD,PIB per capita (const US$),BRA,Brasil,2007,8003.25413096047
NY.GDP.PCAP.KD,PIB per capita (const US$),BRA,Brasil,2006,7622.04007133264
NY.GDP.PCAP.KD,PIB per capita (const US$),BRA,Brasil,2005,7409.56913232718
NY.GDP.PCAP.KD,PIB per capita (const US$),BRA,Brasil,2004,7258.78185165912
NY.GDP.PCAP.KD,PIB per capita (const US$),BRA,Brasil,2003,6941.4404574508
NY.GDP.PCAP.KD,PIB per capita (const US$),BRA,Brasil,2002,6944.62337495755
NY.GDP.PCAP.KD,PIB per capita (const US$),BRA,Brasil,2001,6823.03396999891
NY.GDP.PCAP.KD,PIB per capita (const US$),BRA,Brasil,2000,6817.784240857
NY.GDP.PCAP.KD,PIB per capita (const US$),BRA,Brasil,1999,6621.63676249539
NY.GDP.PCAP.KD,PIB per capita (const US$),BRA,Brasil,1998,6687.49523550242
NY.GDP.PCAP.KD,PIB per capita (const US$),BRA,Brasil,1997,6764.85842091319
NY.GDP.PCAP.KD,PIB per capita (const US$),BRA,Brasil,1996,6640.7270065575
NY.GDP.PCAP.KD,PIB per capita (const US$),BRA,Brasil,1995,6596.33572674819
NY.GDP.PCAP.KD,PIB per capita (const US$),CHL,Chile,2025,14904.6435509776
NY.GDP.PCAP.KD,PIB per capita (const US$),CHL,Chile,2024,14616.9287938028
NY.GDP.PCAP.KD,PIB per capita (const US$),CHL,Chile,2023,14294.7106635595
NY.GDP.PCAP.KD,PIB per capita (const US$),CHL,Chile,2022,14275.4094646211
NY.GDP.PCAP.KD,PIB per capita (const US$),CHL,Chile,2021,14056.251601955
NY.GDP.PCAP.KD,PIB per capita (const US$),CHL,Chile,2020,12680.7761524378
NY.GDP.PCAP.KD,PIB per capita (const US$),CHL,Chile,2019,13631.9284885172
NY.GDP.PCAP.KD,PIB per capita (const US$),CHL,Chile,2018,13763.0068844795
NY.GDP.PCAP.KD,PIB per capita (const US$),CHL,Chile,2017,13473.3458532934
NY.GDP.PCAP.KD,PIB per capita (const US$),CHL,Chile,2016,13505.097711133
NY.GDP.PCAP.KD,PIB per capita (const US$),CHL,Chile,2015,13433.9202987032
NY.GDP.PCAP.KD,PIB per capita (const US$),CHL,Chile,2014,13285.9540361192
NY.GDP.PCAP.KD,PIB per capita (const US$),CHL,Chile,2013,13182.7329619856
NY.GDP.PCAP.KD,PIB per capita (const US$),CHL,Chile,2012,12882.834417927
NY.GDP.PCAP.KD,PIB per capita (const US$),CHL,Chile,2011,12252.8441074615
NY.GDP.PCAP.KD,PIB per capita (const US$),CHL,Chile,2010,11649.2897090856
NY.GDP.PCAP.KD,PIB per capita (const US$),CHL,Chile,2009,11116.4093443103
NY.GDP.PCAP.KD,PIB per capita (const US$),CHL,Chile,2008,11356.0922105983
NY.GDP.PCAP.KD,PIB per capita (const US$),CHL,Chile,2007,11051.3450717678
NY.GDP.PCAP.KD,PIB per capita (const US$),CHL,Chile,2006,10611.6144012877
NY.GDP.PCAP.KD,PIB per capita (const US$),CHL,Chile,2005,10104.4208391373
NY.GDP.PCAP.KD,PIB per capita (const US$),CHL,Chile,2004,9642.37478651228
NY.GDP.PCAP.KD,PIB per capita (const US$),CHL,Chile,2003,9130.7842621819
NY.GDP.PCAP.KD,PIB per capita (const US$),CHL,Chile,2002,8810.69052712257
NY.GDP.PCAP.KD,PIB per capita (const US$),CHL,Chile,2001,8632.0148244056
NY.GDP.PCAP.KD,PIB per capita (const US$),CHL,Chile,2000,8465.35303258864
NY.GDP.PCAP.KD,PIB per capita (const US$),CHL,Chile,1999,8161.45168872186
NY.GDP.PCAP.KD,PIB per capita (const US$),CHL,Chile,1998,8287.45061096547
NY.GDP.PCAP.KD,PIB per capita (const US$),CHL,Chile,1997,8058.94228801535
NY.GDP.PCAP.KD,PIB per capita (const US$),CHL,Chile,1996,7605.28953010603
NY.GDP.PCAP.KD,PIB per capita (const US$),CHL,Chile,1995,7201.13100361441
NY.GDP.PCAP.KD,PIB per capita (const US$),CHN,China,2025,13793.2056196996
NY.GDP.PCAP.KD,PIB per capita (const US$),CHN,China,2024,13119.1076099516
NY.GDP.PCAP.KD,PIB per capita (const US$),CHN,China,2023,12483.9791101249
NY.GDP.PCAP.KD,PIB per capita (const US$),CHN,China,2022,11830.298767861
NY.GDP.PCAP.KD,PIB per capita (const US$),CHN,China,2021,11469.3174514512
NY.GDP.PCAP.KD,PIB per capita (const US$),CHN,China,2020,10573.3794064211
NY.GDP.PCAP.KD,PIB per capita (const US$),CHN,China,2019,10356.2924890582
NY.GDP.PCAP.KD,PIB per capita (const US$),CHN,China,2018,9798.57890566402
NY.GDP.PCAP.KD,PIB per capita (const US$),CHN,China,2017,9221.35045639842
NY.GDP.PCAP.KD,PIB per capita (const US$),CHN,China,2016,8679.22528805041
NY.GDP.PCAP.KD,PIB per capita (const US$),CHN,China,2015,8175.33285077393
NY.GDP.PCAP.KD,PIB per capita (const US$),CHN,China,2014,7686.37369520403
NY.GDP.PCAP.KD,PIB per capita (const US$),CHN,China,2013,7197.937319496
NY.GDP.PCAP.KD,PIB per capita (const US$),CHN,China,2012,6723.09003744607
NY.GDP.PCAP.KD,PIB per capita (const US$),CHN,China,2011,6275.71634288814
NY.GDP.PCAP.KD,PIB per capita (const US$),CHN,China,2010,5764.65012366375
NY.GDP.PCAP.KD,PIB per capita (const US$),CHN,China,2009,5237.78809982377
NY.GDP.PCAP.KD,PIB per capita (const US$),CHN,China,2008,4811.34486346262
NY.GDP.PCAP.KD,PIB per capita (const US$),CHN,China,2007,4409.69709445986
NY.GDP.PCAP.KD,PIB per capita (const US$),CHN,China,2006,3883.27464370816
NY.GDP.PCAP.KD,PIB per capita (const US$),CHN,China,2005,3465.72767067642
NY.GDP.PCAP.KD,PIB per capita (const US$),CHN,China,2004,3127.91444892337
NY.GDP.PCAP.KD,PIB per capita (const US$),CHN,China,2003,2856.85053293219
NY.GDP.PCAP.KD,PIB per capita (const US$),CHN,China,2002,2610.66275070444
NY.GDP.PCAP.KD,PIB per capita (const US$),CHN,China,2001,2405.99411858042
NY.GDP.PCAP.KD,PIB per capita (const US$),CHN,China,2000,2237.30047918692
NY.GDP.PCAP.KD,PIB per capita (const US$),CHN,China,1999,2076.93180259914
NY.GDP.PCAP.KD,PIB per capita (const US$),CHN,China,1998,1944.46718626424
NY.GDP.PCAP.KD,PIB per capita (const US$),CHN,China,1997,1819.07954081306
NY.GDP.PCAP.KD,PIB per capita (const US$),CHN,China,1996,1681.45741269443
NY.GDP.PCAP.KD,PIB per capita (const US$),CHN,China,1995,1545.07897848105
NY.GDP.PCAP.KD,PIB per capita (const US$),COL,Colombia,2025,6975.56696286259
NY.GDP.PCAP.KD,PIB per capita (const US$),COL,Colombia,2024,6865.31283944628
NY.GDP.PCAP.KD,PIB per capita (const US$),COL,Colombia,2023,6837.37392084534
NY.GDP.PCAP.KD,PIB per capita (const US$),COL,Colombia,2022,6856.72590505374
NY.GDP.PCAP.KD,PIB per capita (const US$),COL,Colombia,2021,6457.16921807086
NY.GDP.PCAP.KD,PIB per capita (const US$),COL,Colombia,2020,5891.95523215403
NY.GDP.PCAP.KD,PIB per capita (const US$),COL,Colombia,2019,6439.96359812647
NY.GDP.PCAP.KD,PIB per capita (const US$),COL,Colombia,2018,6353.5464285392
NY.GDP.PCAP.KD,PIB per capita (const US$),COL,Colombia,2017,6309.67745292518
NY.GDP.PCAP.KD,PIB per capita (const US$),COL,Colombia,2016,6316.07067782542
NY.GDP.PCAP.KD,PIB per capita (const US$),COL,Colombia,2015,6248.51490534512
NY.GDP.PCAP.KD,PIB per capita (const US$),COL,Colombia,2014,6121.83982019825
NY.GDP.PCAP.KD,PIB per capita (const US$),COL,Colombia,2013,5910.80592301166
NY.GDP.PCAP.KD,PIB per capita (const US$),COL,Colombia,2012,5675.75617978305
NY.GDP.PCAP.KD,PIB per capita (const US$),COL,Colombia,2011,5517.1011086899
NY.GDP.PCAP.KD,PIB per capita (const US$),COL,Colombia,2010,5214.24547620131
NY.GDP.PCAP.KD,PIB per capita (const US$),COL,Colombia,2009,5046.97121757727
NY.GDP.PCAP.KD,PIB per capita (const US$),COL,Colombia,2008,5048.57187245249
NY.GDP.PCAP.KD,PIB per capita (const US$),COL,Colombia,2007,4947.25260813108
NY.GDP.PCAP.KD,PIB per capita (const US$),COL,Colombia,2006,4694.03442939175
NY.GDP.PCAP.KD,PIB per capita (const US$),COL,Colombia,2005,4457.27537460443
NY.GDP.PCAP.KD,PIB per capita (const US$),COL,Colombia,2004,4311.91591255233
NY.GDP.PCAP.KD,PIB per capita (const US$),COL,Colombia,2003,4154.17528523618
NY.GDP.PCAP.KD,PIB per capita (const US$),COL,Colombia,2002,4058.28493578738
NY.GDP.PCAP.KD,PIB per capita (const US$),COL,Colombia,2001,4020.50789754842
NY.GDP.PCAP.KD,PIB per capita (const US$),COL,Colombia,2000,4016.80951748167
NY.GDP.PCAP.KD,PIB per capita (const US$),COL,Colombia,1999,3967.11339937681
NY.GDP.PCAP.KD,PIB per capita (const US$),COL,Colombia,1998,4213.82800470051
NY.GDP.PCAP.KD,PIB per capita (const US$),COL,Colombia,1997,4265.6935185646
NY.GDP.PCAP.KD,PIB per capita (const US$),COL,Colombia,1996,4198.69126252708
NY.GDP.PCAP.KD,PIB per capita (const US$),COL,Colombia,1995,4189.72770913999
NY.GDP.PCAP.KD,PIB per capita (const US$),ECU,Equador,2025,6164.58139883809
NY.GDP.PCAP.KD,PIB per capita (const US$),ECU,Equador,2024,5993.74697758454
NY.GDP.PCAP.KD,PIB per capita (const US$),ECU,Equador,2023,6165.40977555695
NY.GDP.PCAP.KD,PIB per capita (const US$),ECU,Equador,2022,6107.49495006543
NY.GDP.PCAP.KD,PIB per capita (const US$),ECU,Equador,2021,5815.09477390949
NY.GDP.PCAP.KD,PIB per capita (const US$),ECU,Equador,2020,5355.68934196443
NY.GDP.PCAP.KD,PIB per capita (const US$),ECU,Equador,2019,5971.38938386723
NY.GDP.PCAP.KD,PIB per capita (const US$),ECU,Equador,2018,6063.0956178776
NY.GDP.PCAP.KD,PIB per capita (const US$),ECU,Equador,2017,6104.27253521751
NY.GDP.PCAP.KD,PIB per capita (const US$),ECU,Equador,2016,5849.13587933672
NY.GDP.PCAP.KD,PIB per capita (const US$),ECU,Equador,2015,5976.1596805651
NY.GDP.PCAP.KD,PIB per capita (const US$),ECU,Equador,2014,6055.04172761485
NY.GDP.PCAP.KD,PIB per capita (const US$),ECU,Equador,2013,5893.32172683036
NY.GDP.PCAP.KD,PIB per capita (const US$),ECU,Equador,2012,5579.85624282158
NY.GDP.PCAP.KD,PIB per capita (const US$),ECU,Equador,2011,5359.45724615639
NY.GDP.PCAP.KD,PIB per capita (const US$),ECU,Equador,2010,5022.20374387205
NY.GDP.PCAP.KD,PIB per capita (const US$),ECU,Equador,2009,4909.33681705683
NY.GDP.PCAP.KD,PIB per capita (const US$),ECU,Equador,2008,4939.90215021789
NY.GDP.PCAP.KD,PIB per capita (const US$),ECU,Equador,2007,4715.30359842555
NY.GDP.PCAP.KD,PIB per capita (const US$),ECU,Equador,2006,4706.98056823816
NY.GDP.PCAP.KD,PIB per capita (const US$),ECU,Equador,2005,4589.32849203452
NY.GDP.PCAP.KD,PIB per capita (const US$),ECU,Equador,2004,4430.23717984188
NY.GDP.PCAP.KD,PIB per capita (const US$),ECU,Equador,2003,4220.21298466638
NY.GDP.PCAP.KD,PIB per capita (const US$),ECU,Equador,2002,4174.89793579965
NY.GDP.PCAP.KD,PIB per capita (const US$),ECU,Equador,2001,4049.0001889951
NY.GDP.PCAP.KD,PIB per capita (const US$),ECU,Equador,2000,3953.39879728357
NY.GDP.PCAP.KD,PIB per capita (const US$),ECU,Equador,1999,3979.19293611513
NY.GDP.PCAP.KD,PIB per capita (const US$),ECU,Equador,1998,4252.04348649475
NY.GDP.PCAP.KD,PIB per capita (const US$),ECU,Equador,1997,4192.85523208483
NY.GDP.PCAP.KD,PIB per capita (const US$),ECU,Equador,1996,4093.84154476335
NY.GDP.PCAP.KD,PIB per capita (const US$),ECU,Equador,1995,4100.68735341031
NY.GDP.PCAP.KD,PIB per capita (const US$),IDN,Indonesia,2025,4555.18055720702
NY.GDP.PCAP.KD,PIB per capita (const US$),IDN,Indonesia,2024,4367.94741847938
NY.GDP.PCAP.KD,PIB per capita (const US$),IDN,Indonesia,2023,4192.64401034181
NY.GDP.PCAP.KD,PIB per capita (const US$),IDN,Indonesia,2022,4024.91225288391
NY.GDP.PCAP.KD,PIB per capita (const US$),IDN,Indonesia,2021,3850.68877253903
NY.GDP.PCAP.KD,PIB per capita (const US$),IDN,Indonesia,2020,3739.44906563161
NY.GDP.PCAP.KD,PIB per capita (const US$),IDN,Indonesia,2019,3850.90321738979
NY.GDP.PCAP.KD,PIB per capita (const US$),IDN,Indonesia,2018,3701.32155461912
NY.GDP.PCAP.KD,PIB per capita (const US$),IDN,Indonesia,2017,3553.51999262321
NY.GDP.PCAP.KD,PIB per capita (const US$),IDN,Indonesia,2016,3416.81005170972
NY.GDP.PCAP.KD,PIB per capita (const US$),IDN,Indonesia,2015,3288.22269725538
NY.GDP.PCAP.KD,PIB per capita (const US$),IDN,Indonesia,2014,3170.72103011429
NY.GDP.PCAP.KD,PIB per capita (const US$),IDN,Indonesia,2013,3055.24246006469
NY.GDP.PCAP.KD,PIB per capita (const US$),IDN,Indonesia,2012,2930.518445323
NY.GDP.PCAP.KD,PIB per capita (const US$),IDN,Indonesia,2011,2799.62468790318
NY.GDP.PCAP.KD,PIB per capita (const US$),IDN,Indonesia,2010,2670.8129098953
NY.GDP.PCAP.KD,PIB per capita (const US$),IDN,Indonesia,2009,2546.21969707767
NY.GDP.PCAP.KD,PIB per capita (const US$),IDN,Indonesia,2008,2464.60193418272
NY.GDP.PCAP.KD,PIB per capita (const US$),IDN,Indonesia,2007,2355.1528565328
NY.GDP.PCAP.KD,PIB per capita (const US$),IDN,Indonesia,2006,2244.0802226202
NY.GDP.PCAP.KD,PIB per capita (const US$),IDN,Indonesia,2005,2155.4478015921
NY.GDP.PCAP.KD,PIB per capita (const US$),IDN,Indonesia,2004,2065.70617470842
NY.GDP.PCAP.KD,PIB per capita (const US$),IDN,Indonesia,2003,1991.91820506473
NY.GDP.PCAP.KD,PIB per capita (const US$),IDN,Indonesia,2002,1926.37435868149
NY.GDP.PCAP.KD,PIB per capita (const US$),IDN,Indonesia,2001,1868.59172307292
NY.GDP.PCAP.KD,PIB per capita (const US$),IDN,Indonesia,2000,1828.10265968361
NY.GDP.PCAP.KD,PIB per capita (const US$),IDN,Indonesia,1999,1767.51466729756
NY.GDP.PCAP.KD,PIB per capita (const US$),IDN,Indonesia,1998,1780.20049544892
NY.GDP.PCAP.KD,PIB per capita (const US$),IDN,Indonesia,1997,2081.8416693962
NY.GDP.PCAP.KD,PIB per capita (const US$),IDN,Indonesia,1996,2020.99148132509
NY.GDP.PCAP.KD,PIB per capita (const US$),IDN,Indonesia,1995,1905.54236111238
NY.GDP.PCAP.KD,PIB per capita (const US$),IND,India,2025,2523.43601851376
NY.GDP.PCAP.KD,PIB per capita (const US$),IND,India,2024,2366.8328910323
NY.GDP.PCAP.KD,PIB per capita (const US$),IND,India,2023,2229.71491223037
NY.GDP.PCAP.KD,PIB per capita (const US$),IND,India,2022,2098.21124476122
NY.GDP.PCAP.KD,PIB per capita (const US$),IND,India,2021,1965.30943437472
NY.GDP.PCAP.KD,PIB per capita (const US$),IND,India,2020,1806.50110583865
NY.GDP.PCAP.KD,PIB per capita (const US$),IND,India,2019,1936.03067741063
NY.GDP.PCAP.KD,PIB per capita (const US$),IND,India,2018,1883.35772705055
NY.GDP.PCAP.KD,PIB per capita (const US$),IND,India,2017,1788.69770318481
NY.GDP.PCAP.KD,PIB per capita (const US$),IND,India,2016,1694.46534973787
NY.GDP.PCAP.KD,PIB per capita (const US$),IND,India,2015,1583.99815907985
NY.GDP.PCAP.KD,PIB per capita (const US$),IND,India,2014,1484.31640682961
NY.GDP.PCAP.KD,PIB per capita (const US$),IND,India,2013,1399.4537980281
NY.GDP.PCAP.KD,PIB per capita (const US$),IND,India,2012,1333.09626557649
NY.GDP.PCAP.KD,PIB per capita (const US$),IND,India,2011,1281.61054354937
NY.GDP.PCAP.KD,PIB per capita (const US$),IND,India,2010,1235.15939132939
NY.GDP.PCAP.KD,PIB per capita (const US$),IND,India,2009,1155.10163273817
NY.GDP.PCAP.KD,PIB per capita (const US$),IND,India,2008,1086.50605251005
NY.GDP.PCAP.KD,PIB per capita (const US$),IND,India,2007,1069.24696812234
NY.GDP.PCAP.KD,PIB per capita (const US$),IND,India,2006,1008.23275344818
NY.GDP.PCAP.KD,PIB per capita (const US$),IND,India,2005,947.732565644272
NY.GDP.PCAP.KD,PIB per capita (const US$),IND,India,2004,892.596614580718
NY.GDP.PCAP.KD,PIB per capita (const US$),IND,India,2003,841.278894562408
NY.GDP.PCAP.KD,PIB per capita (const US$),IND,India,2002,793.615912901002
NY.GDP.PCAP.KD,PIB per capita (const US$),IND,India,2001,778.507377522499
NY.GDP.PCAP.KD,PIB per capita (const US$),IND,India,2000,756.704109533187
NY.GDP.PCAP.KD,PIB per capita (const US$),IND,India,1999,742.53920839812
NY.GDP.PCAP.KD,PIB per capita (const US$),IND,India,1998,695.293709337082
NY.GDP.PCAP.KD,PIB per capita (const US$),IND,India,1997,667.598423093399
NY.GDP.PCAP.KD,PIB per capita (const US$),IND,India,1996,654.355928434052
NY.GDP.PCAP.KD,PIB per capita (const US$),IND,India,1995,620.699954336366
NY.GDP.PCAP.KD,PIB per capita (const US$),MEX,Mexico,2025,10256.6867661121
NY.GDP.PCAP.KD,PIB per capita (const US$),MEX,Mexico,2024,10284.0336925726
NY.GDP.PCAP.KD,PIB per capita (const US$),MEX,Mexico,2023,10234.6840265651
NY.GDP.PCAP.KD,PIB per capita (const US$),MEX,Mexico,2022,10013.2479227064
NY.GDP.PCAP.KD,PIB per capita (const US$),MEX,Mexico,2021,9728.05680024504
NY.GDP.PCAP.KD,PIB per capita (const US$),MEX,Mexico,2020,9234.64362226594
NY.GDP.PCAP.KD,PIB per capita (const US$),MEX,Mexico,2019,10159.4448367696
NY.GDP.PCAP.KD,PIB per capita (const US$),MEX,Mexico,2018,10296.8690940459
NY.GDP.PCAP.KD,PIB per capita (const US$),MEX,Mexico,2017,10193.7727188313
NY.GDP.PCAP.KD,PIB per capita (const US$),MEX,Mexico,2016,10100.5021195819
NY.GDP.PCAP.KD,PIB per capita (const US$),MEX,Mexico,2015,10021.2386113616
NY.GDP.PCAP.KD,PIB per capita (const US$),MEX,Mexico,2014,9862.4812534745
NY.GDP.PCAP.KD,PIB per capita (const US$),MEX,Mexico,2013,9738.71059661101
NY.GDP.PCAP.KD,PIB per capita (const US$),MEX,Mexico,2012,9782.51776251839
NY.GDP.PCAP.KD,PIB per capita (const US$),MEX,Mexico,2011,9575.93437734618
NY.GDP.PCAP.KD,PIB per capita (const US$),MEX,Mexico,2010,9389.06722076504
NY.GDP.PCAP.KD,PIB per capita (const US$),MEX,Mexico,2009,9074.11881448129
NY.GDP.PCAP.KD,PIB per capita (const US$),MEX,Mexico,2008,9826.34218448486
NY.GDP.PCAP.KD,PIB per capita (const US$),MEX,Mexico,2007,9877.69532636562
NY.GDP.PCAP.KD,PIB per capita (const US$),MEX,Mexico,2006,9813.82804186659
NY.GDP.PCAP.KD,PIB per capita (const US$),MEX,Mexico,2005,9491.51730268004
NY.GDP.PCAP.KD,PIB per capita (const US$),MEX,Mexico,2004,9421.28976132695
NY.GDP.PCAP.KD,PIB per capita (const US$),MEX,Mexico,2003,9221.99666685464
NY.GDP.PCAP.KD,PIB per capita (const US$),MEX,Mexico,2002,9242.27886122367
NY.GDP.PCAP.KD,PIB per capita (const US$),MEX,Mexico,2001,9398.35074347946
NY.GDP.PCAP.KD,PIB per capita (const US$),MEX,Mexico,2000,9581.96970202823
NY.GDP.PCAP.KD,PIB per capita (const US$),MEX,Mexico,1999,9264.977292523
NY.GDP.PCAP.KD,PIB per capita (const US$),MEX,Mexico,1998,9161.89527775798
NY.GDP.PCAP.KD,PIB per capita (const US$),MEX,Mexico,1997,8770.8448154628
NY.GDP.PCAP.KD,PIB per capita (const US$),MEX,Mexico,1996,8320.65295687947
NY.GDP.PCAP.KD,PIB per capita (const US$),MEX,Mexico,1995,7970.64038489585
NY.GDP.PCAP.KD,PIB per capita (const US$),PER,Peru,2025,6890.97235402058
NY.GDP.PCAP.KD,PIB per capita (const US$),PER,Peru,2024,6732.27773809578
NY.GDP.PCAP.KD,PIB per capita (const US$),PER,Peru,2023,6575.18295502228
NY.GDP.PCAP.KD,PIB per capita (const US$),PER,Peru,2022,6671.28902042137
NY.GDP.PCAP.KD,PIB per capita (const US$),PER,Peru,2021,6550.96747543872
NY.GDP.PCAP.KD,PIB per capita (const US$),PER,Peru,2020,5831.83024758521
NY.GDP.PCAP.KD,PIB per capita (const US$),PER,Peru,2019,6626.26083494969
NY.GDP.PCAP.KD,PIB per capita (const US$),PER,Peru,2018,6593.14437459526
NY.GDP.PCAP.KD,PIB per capita (const US$),PER,Peru,2017,6457.41940254721
NY.GDP.PCAP.KD,PIB per capita (const US$),PER,Peru,2016,6392.25474941014
NY.GDP.PCAP.KD,PIB per capita (const US$),PER,Peru,2015,6231.71150338894
NY.GDP.PCAP.KD,PIB per capita (const US$),PER,Peru,2014,6103.91864749969
NY.GDP.PCAP.KD,PIB per capita (const US$),PER,Peru,2013,6021.46142765232
NY.GDP.PCAP.KD,PIB per capita (const US$),PER,Peru,2012,5740.04346272472
NY.GDP.PCAP.KD,PIB per capita (const US$),PER,Peru,2011,5453.45718713631
NY.GDP.PCAP.KD,PIB per capita (const US$),PER,Peru,2010,5167.39259325937
NY.GDP.PCAP.KD,PIB per capita (const US$),PER,Peru,2009,4801.17153740507
NY.GDP.PCAP.KD,PIB per capita (const US$),PER,Peru,2008,4778.52642172313
NY.GDP.PCAP.KD,PIB per capita (const US$),PER,Peru,2007,4407.79121686416
NY.GDP.PCAP.KD,PIB per capita (const US$),PER,Peru,2006,4091.36268615581
NY.GDP.PCAP.KD,PIB per capita (const US$),PER,Peru,2005,3835.13219279722
NY.GDP.PCAP.KD,PIB per capita (const US$),PER,Peru,2004,3640.60299869744
NY.GDP.PCAP.KD,PIB per capita (const US$),PER,Peru,2003,3502.79165687646
NY.GDP.PCAP.KD,PIB per capita (const US$),PER,Peru,2002,3398.74991419297
NY.GDP.PCAP.KD,PIB per capita (const US$),PER,Peru,2001,3261.6642505136
NY.GDP.PCAP.KD,PIB per capita (const US$),PER,Peru,2000,3286.27308475523
NY.GDP.PCAP.KD,PIB per capita (const US$),PER,Peru,1999,3250.37802318947
NY.GDP.PCAP.KD,PIB per capita (const US$),PER,Peru,1998,3258.29746206218
NY.GDP.PCAP.KD,PIB per capita (const US$),PER,Peru,1997,3331.15151093297
NY.GDP.PCAP.KD,PIB per capita (const US$),PER,Peru,1996,3186.90077024092
NY.GDP.PCAP.KD,PIB per capita (const US$),PER,Peru,1995,3158.98338644792
NY.GDP.PCAP.KD,PIB per capita (const US$),TUR,Turquia,2025,15883.1187401807
NY.GDP.PCAP.KD,PIB per capita (const US$),TUR,Turquia,2024,15395.0278894893
NY.GDP.PCAP.KD,PIB per capita (const US$),TUR,Turquia,2023,14932.8851363122
NY.GDP.PCAP.KD,PIB per capita (const US$),TUR,Turquia,2022,14273.5747654873
NY.GDP.PCAP.KD,PIB per capita (const US$),TUR,Turquia,2021,13670.938029516
NY.GDP.PCAP.KD,PIB per capita (const US$),TUR,Turquia,2020,12338.643833135
NY.GDP.PCAP.KD,PIB per capita (const US$),TUR,Turquia,2019,12238.2950220128
NY.GDP.PCAP.KD,PIB per capita (const US$),TUR,Turquia,2018,12255.0082146169
NY.GDP.PCAP.KD,PIB per capita (const US$),TUR,Turquia,2017,12005.6459824832
NY.GDP.PCAP.KD,PIB per capita (const US$),TUR,Turquia,2016,11279.6169531569
NY.GDP.PCAP.KD,PIB per capita (const US$),TUR,Turquia,2015,11064.6494504662
NY.GDP.PCAP.KD,PIB per capita (const US$),TUR,Turquia,2014,10597.9801881716
NY.GDP.PCAP.KD,PIB per capita (const US$),TUR,Turquia,2013,10269.4489140773
NY.GDP.PCAP.KD,PIB per capita (const US$),TUR,Turquia,2012,9588.32066531438
NY.GDP.PCAP.KD,PIB per capita (const US$),TUR,Turquia,2011,9265.85910238578
NY.GDP.PCAP.KD,PIB per capita (const US$),TUR,Turquia,2010,8472.57809050119
NY.GDP.PCAP.KD,PIB per capita (const US$),TUR,Turquia,2009,7925.30110421185
NY.GDP.PCAP.KD,PIB per capita (const US$),TUR,Turquia,2008,8447.93976396947
NY.GDP.PCAP.KD,PIB per capita (const US$),TUR,Turquia,2007,8477.53328393352
NY.GDP.PCAP.KD,PIB per capita (const US$),TUR,Turquia,2006,8078.5153787571
NY.GDP.PCAP.KD,PIB per capita (const US$),TUR,Turquia,2005,7623.14640948457
NY.GDP.PCAP.KD,PIB per capita (const US$),TUR,Turquia,2004,7061.62219794984
NY.GDP.PCAP.KD,PIB per capita (const US$),TUR,Turquia,2003,6496.07277294612
NY.GDP.PCAP.KD,PIB per capita (const US$),TUR,Turquia,2002,6211.70542960394
NY.GDP.PCAP.KD,PIB per capita (const US$),TUR,Turquia,2001,5906.92348536699
NY.GDP.PCAP.KD,PIB per capita (const US$),TUR,Turquia,2000,6326.25746472488
NY.GDP.PCAP.KD,PIB per capita (const US$),TUR,Turquia,1999,5989.55700860592
NY.GDP.PCAP.KD,PIB per capita (const US$),TUR,Turquia,1998,6261.28870069222
NY.GDP.PCAP.KD,PIB per capita (const US$),TUR,Turquia,1997,6230.18622126407
NY.GDP.PCAP.KD,PIB per capita (const US$),TUR,Turquia,1996,5887.67309798528
NY.GDP.PCAP.KD,PIB per capita (const US$),TUR,Turquia,1995,5577.82539654281
NY.GDP.PCAP.KD,PIB per capita (const US$),,Upper middle income,2025,10192.3534150303
NY.GDP.PCAP.KD,PIB per capita (const US$),,Upper middle income,2024,9814.41283901258
NY.GDP.PCAP.KD,PIB per capita (const US$),,Upper middle income,2023,9448.07566849762
NY.GDP.PCAP.KD,PIB per capita (const US$),,Upper middle income,2022,9057.3896482151
NY.GDP.PCAP.KD,PIB per capita (const US$),,Upper middle income,2021,8773.6893792671
NY.GDP.PCAP.KD,PIB per capita (const US$),,Upper middle income,2020,8191.064948597
NY.GDP.PCAP.KD,PIB per capita (const US$),,Upper middle income,2019,8280.04701239745
NY.GDP.PCAP.KD,PIB per capita (const US$),,Upper middle income,2018,7998.61658821282
NY.GDP.PCAP.KD,PIB per capita (const US$),,Upper middle income,2017,7681.04359492421
NY.GDP.PCAP.KD,PIB per capita (const US$),,Upper middle income,2016,7348.66781323555
NY.GDP.PCAP.KD,PIB per capita (const US$),,Upper middle income,2015,7083.47780015619
NY.GDP.PCAP.KD,PIB per capita (const US$),,Upper middle income,2014,6835.14391841545
NY.GDP.PCAP.KD,PIB per capita (const US$),,Upper middle income,2013,6569.48480689983
NY.GDP.PCAP.KD,PIB per capita (const US$),,Upper middle income,2012,6275.99264083172
NY.GDP.PCAP.KD,PIB per capita (const US$),,Upper middle income,2011,5988.84011702199
NY.GDP.PCAP.KD,PIB per capita (const US$),,Upper middle income,2010,5653.68598674602
NY.GDP.PCAP.KD,PIB per capita (const US$),,Upper middle income,2009,5256.4399473687
NY.GDP.PCAP.KD,PIB per capita (const US$),,Upper middle income,2008,5121.53273162959
NY.GDP.PCAP.KD,PIB per capita (const US$),,Upper middle income,2007,4861.07537783062
NY.GDP.PCAP.KD,PIB per capita (const US$),,Upper middle income,2006,4482.59348714912
NY.GDP.PCAP.KD,PIB per capita (const US$),,Upper middle income,2005,4166.15939669108
NY.GDP.PCAP.KD,PIB per capita (const US$),,Upper middle income,2004,3909.41046315501
NY.GDP.PCAP.KD,PIB per capita (const US$),,Upper middle income,2003,3657.69991641844
NY.GDP.PCAP.KD,PIB per capita (const US$),,Upper middle income,2002,3484.47233648938
NY.GDP.PCAP.KD,PIB per capita (const US$),,Upper middle income,2001,3354.47746334374
NY.GDP.PCAP.KD,PIB per capita (const US$),,Upper middle income,2000,3274.76537662932
NY.GDP.PCAP.KD,PIB per capita (const US$),,Upper middle income,1999,3122.75324301312
NY.GDP.PCAP.KD,PIB per capita (const US$),,Upper middle income,1998,3057.56742762479
NY.GDP.PCAP.KD,PIB per capita (const US$),,Upper middle income,1997,3005.26901412941
NY.GDP.PCAP.KD,PIB per capita (const US$),,Upper middle income,1996,2867.03907588306
NY.GDP.PCAP.KD,PIB per capita (const US$),,Upper middle income,1995,2732.41375610872
NY.GDP.PCAP.KD,PIB per capita (const US$),ZAF,Africa do Sul,2025,5713.1191878767
NY.GDP.PCAP.KD,PIB per capita (const US$),ZAF,Africa do Sul,2024,5715.47531469148
NY.GDP.PCAP.KD,PIB per capita (const US$),ZAF,Africa do Sul,2023,5756.55049453121
NY.GDP.PCAP.KD,PIB per capita (const US$),ZAF,Africa do Sul,2022,5786.86505344736
NY.GDP.PCAP.KD,PIB per capita (const US$),ZAF,Africa do Sul,2021,5750.90937479584
NY.GDP.PCAP.KD,PIB per capita (const US$),ZAF,Africa do Sul,2020,5569.58483319272
NY.GDP.PCAP.KD,PIB per capita (const US$),ZAF,Africa do Sul,2019,6032.82972598668
NY.GDP.PCAP.KD,PIB per capita (const US$),ZAF,Africa do Sul,2018,6117.2701406047
NY.GDP.PCAP.KD,PIB per capita (const US$),ZAF,Africa do Sul,2017,6125.6920507497
NY.GDP.PCAP.KD,PIB per capita (const US$),ZAF,Africa do Sul,2016,6095.295060428
NY.GDP.PCAP.KD,PIB per capita (const US$),ZAF,Africa do Sul,2015,6112.27382485974
NY.GDP.PCAP.KD,PIB per capita (const US$),ZAF,Africa do Sul,2014,6155.00589462516
NY.GDP.PCAP.KD,PIB per capita (const US$),ZAF,Africa do Sul,2013,6170.87670863373
NY.GDP.PCAP.KD,PIB per capita (const US$),ZAF,Africa do Sul,2012,6121.55783860713
NY.GDP.PCAP.KD,PIB per capita (const US$),ZAF,Africa do Sul,2011,6067.12482726885
NY.GDP.PCAP.KD,PIB per capita (const US$),ZAF,Africa do Sul,2010,5953.94506512821
NY.GDP.PCAP.KD,PIB per capita (const US$),ZAF,Africa do Sul,2009,5847.05811084505
NY.GDP.PCAP.KD,PIB per capita (const US$),ZAF,Africa do Sul,2008,6009.71963138635
NY.GDP.PCAP.KD,PIB per capita (const US$),ZAF,Africa do Sul,2007,5891.42069421698
NY.GDP.PCAP.KD,PIB per capita (const US$),ZAF,Africa do Sul,2006,5650.9883176549
NY.GDP.PCAP.KD,PIB per capita (const US$),ZAF,Africa do Sul,2005,5406.07581377638
NY.GDP.PCAP.KD,PIB per capita (const US$),ZAF,Africa do Sul,2004,5187.35683424034
NY.GDP.PCAP.KD,PIB per capita (const US$),ZAF,Africa do Sul,2003,5011.62223150169
NY.GDP.PCAP.KD,PIB per capita (const US$),ZAF,Africa do Sul,2002,4916.81498068625
NY.GDP.PCAP.KD,PIB per capita (const US$),ZAF,Africa do Sul,2001,4786.482450463
NY.GDP.PCAP.KD,PIB per capita (const US$),ZAF,Africa do Sul,2000,4700.87555500704
NY.GDP.PCAP.KD,PIB per capita (const US$),ZAF,Africa do Sul,1999,4552.85007973031
NY.GDP.PCAP.KD,PIB per capita (const US$),ZAF,Africa do Sul,1998,4494.85711232358
NY.GDP.PCAP.KD,PIB per capita (const US$),ZAF,Africa do Sul,1997,4527.04992403877
NY.GDP.PCAP.KD,PIB per capita (const US$),ZAF,Africa do Sul,1996,4465.50649854807
NY.GDP.PCAP.KD,PIB per capita (const US$),ZAF,Africa do Sul,1995,4337.29729686998
NY.GDP.MKTP.KD.ZG,Crescimento do PIB (%),ARG,Argentina,2025,4.36733330217022
NY.GDP.MKTP.KD.ZG,Crescimento do PIB (%),ARG,Argentina,2024,-1.34293072157739
NY.GDP.MKTP.KD.ZG,Crescimento do PIB (%),ARG,Argentina,2023,-1.85578803046339
NY.GDP.MKTP.KD.ZG,Crescimento do PIB (%),ARG,Argentina,2022,6.02074537534855
NY.GDP.MKTP.KD.ZG,Crescimento do PIB (%),ARG,Argentina,2021,10.4418119882506
NY.GDP.MKTP.KD.ZG,Crescimento do PIB (%),ARG,Argentina,2020,-9.9004848136464
NY.GDP.MKTP.KD.ZG,Crescimento do PIB (%),ARG,Argentina,2019,-2.00086100285785
NY.GDP.MKTP.KD.ZG,Crescimento do PIB (%),ARG,Argentina,2018,-2.61739646282038
NY.GDP.MKTP.KD.ZG,Crescimento do PIB (%),ARG,Argentina,2017,2.81850297775918
NY.GDP.MKTP.KD.ZG,Crescimento do PIB (%),ARG,Argentina,2016,-2.08032784377811
NY.GDP.MKTP.KD.ZG,Crescimento do PIB (%),ARG,Argentina,2015,2.73115982828944
NY.GDP.MKTP.KD.ZG,Crescimento do PIB (%),ARG,Argentina,2014,-2.51261532081394
NY.GDP.MKTP.KD.ZG,Crescimento do PIB (%),ARG,Argentina,2013,2.40532378079436
NY.GDP.MKTP.KD.ZG,Crescimento do PIB (%),ARG,Argentina,2012,-1.0264204544321
NY.GDP.MKTP.KD.ZG,Crescimento do PIB (%),ARG,Argentina,2011,6.00395169280579
NY.GDP.MKTP.KD.ZG,Crescimento do PIB (%),ARG,Argentina,2010,10.1253981561002
NY.GDP.MKTP.KD.ZG,Crescimento do PIB (%),ARG,Argentina,2009,-5.91852507634947
NY.GDP.MKTP.KD.ZG,Crescimento do PIB (%),ARG,Argentina,2008,4.05723310346406
NY.GDP.MKTP.KD.ZG,Crescimento do PIB (%),ARG,Argentina,2007,9.00765087504757
NY.GDP.MKTP.KD.ZG,Crescimento do PIB (%),ARG,Argentina,2006,8.04715150043027
NY.GDP.MKTP.KD.ZG,Crescimento do PIB (%),ARG,Argentina,2005,8.85165992013437
NY.GDP.MKTP.KD.ZG,Crescimento do PIB (%),ARG,Argentina,2004,9.02957330068152
NY.GDP.MKTP.KD.ZG,Crescimento do PIB (%),ARG,Argentina,2003,8.83704079576924
NY.GDP.MKTP.KD.ZG,Crescimento do PIB (%),ARG,Argentina,2002,-10.8944848285903
NY.GDP.MKTP.KD.ZG,Crescimento do PIB (%),ARG,Argentina,2001,-4.40883968258557
NY.GDP.MKTP.KD.ZG,Crescimento do PIB (%),ARG,Argentina,2000,-0.78899893905691
NY.GDP.MKTP.KD.ZG,Crescimento do PIB (%),ARG,Argentina,1999,-3.38545704063269
NY.GDP.MKTP.KD.ZG,Crescimento do PIB (%),ARG,Argentina,1998,3.85017885156228
NY.GDP.MKTP.KD.ZG,Crescimento do PIB (%),ARG,Argentina,1997,8.1110467707457
NY.GDP.MKTP.KD.ZG,Crescimento do PIB (%),ARG,Argentina,1996,5.52668982715234
NY.GDP.MKTP.KD.ZG,Crescimento do PIB (%),ARG,Argentina,1995,-2.84520961057079
NY.GDP.MKTP.KD.ZG,Crescimento do PIB (%),BRA,Brasil,2025,2.2857464902475
NY.GDP.MKTP.KD.ZG,Crescimento do PIB (%),BRA,Brasil,2024,3.41931516501906
NY.GDP.MKTP.KD.ZG,Crescimento do PIB (%),BRA,Brasil,2023,3.24165532906981
NY.GDP.MKTP.KD.ZG,Crescimento do PIB (%),BRA,Brasil,2022,3.01669435393015
NY.GDP.MKTP.KD.ZG,Crescimento do PIB (%),BRA,Brasil,2021,4.76260437908608
NY.GDP.MKTP.KD.ZG,Crescimento do PIB (%),BRA,Brasil,2020,-3.2767587964736
NY.GDP.MKTP.KD.ZG,Crescimento do PIB (%),BRA,Brasil,2019,1.22077782360842
NY.GDP.MKTP.KD.ZG,Crescimento do PIB (%),BRA,Brasil,2018,1.783666761634
NY.GDP.MKTP.KD.ZG,Crescimento do PIB (%),BRA,Brasil,2017,1.32286905404399
NY.GDP.MKTP.KD.ZG,Crescimento do PIB (%),BRA,Brasil,2016,-3.27591690782192
NY.GDP.MKTP.KD.ZG,Crescimento do PIB (%),BRA,Brasil,2015,-3.54576339269425
NY.GDP.MKTP.KD.ZG,Crescimento do PIB (%),BRA,Brasil,2014,0.503955740242247
NY.GDP.MKTP.KD.ZG,Crescimento do PIB (%),BRA,Brasil,2013,3.00482266944432
NY.GDP.MKTP.KD.ZG,Crescimento do PIB (%),BRA,Brasil,2012,1.92117598576537
NY.GDP.MKTP.KD.ZG,Crescimento do PIB (%),BRA,Brasil,2011,3.97442307944702
NY.GDP.MKTP.KD.ZG,Crescimento do PIB (%),BRA,Brasil,2010,7.52822581815364
NY.GDP.MKTP.KD.ZG,Crescimento do PIB (%),BRA,Brasil,2009,-0.125812002161169
NY.GDP.MKTP.KD.ZG,Crescimento do PIB (%),BRA,Brasil,2008,5.09419544658736
NY.GDP.MKTP.KD.ZG,Crescimento do PIB (%),BRA,Brasil,2007,6.06987060678338
NY.GDP.MKTP.KD.ZG,Crescimento do PIB (%),BRA,Brasil,2006,3.96198871122617
NY.GDP.MKTP.KD.ZG,Crescimento do PIB (%),BRA,Brasil,2005,3.20213206130431
NY.GDP.MKTP.KD.ZG,Crescimento do PIB (%),BRA,Brasil,2004,5.75996463670954
NY.GDP.MKTP.KD.ZG,Crescimento do PIB (%),BRA,Brasil,2003,1.14082899824888
NY.GDP.MKTP.KD.ZG,Crescimento do PIB (%),BRA,Brasil,2002,3.05346185909312
NY.GDP.MKTP.KD.ZG,Crescimento do PIB (%),BRA,Brasil,2001,1.38989640095637
NY.GDP.MKTP.KD.ZG,Crescimento do PIB (%),BRA,Brasil,2000,4.38794944745618
NY.GDP.MKTP.KD.ZG,Crescimento do PIB (%),BRA,Brasil,1999,0.467937566477133
NY.GDP.MKTP.KD.ZG,Crescimento do PIB (%),BRA,Brasil,1998,0.338097901207306
NY.GDP.MKTP.KD.ZG,Crescimento do PIB (%),BRA,Brasil,1997,3.39484598630671
NY.GDP.MKTP.KD.ZG,Crescimento do PIB (%),BRA,Brasil,1996,2.20886405039022
NY.GDP.MKTP.KD.ZG,Crescimento do PIB (%),BRA,Brasil,1995,4.22379363350413
NY.GDP.MKTP.KD.ZG,Crescimento do PIB (%),CHL,Chile,2025,2.45925474781374
NY.GDP.MKTP.KD.ZG,Crescimento do PIB (%),CHL,Chile,2024,2.80512637106611
NY.GDP.MKTP.KD.ZG,Crescimento do PIB (%),CHL,Chile,2023,0.677024831595858
NY.GDP.MKTP.KD.ZG,Crescimento do PIB (%),CHL,Chile,2022,2.06391864254198
NY.GDP.MKTP.KD.ZG,Crescimento do PIB (%),CHL,Chile,2021,11.3374032409913
NY.GDP.MKTP.KD.ZG,Crescimento do PIB (%),CHL,Chile,2020,-6.1396969411886
NY.GDP.MKTP.KD.ZG,Crescimento do PIB (%),CHL,Chile,2019,0.644223402631923
NY.GDP.MKTP.KD.ZG,Crescimento do PIB (%),CHL,Chile,2018,3.99002947789977
NY.GDP.MKTP.KD.ZG,Crescimento do PIB (%),CHL,Chile,2017,1.35769537343957
NY.GDP.MKTP.KD.ZG,Crescimento do PIB (%),CHL,Chile,2016,1.753038749071
NY.GDP.MKTP.KD.ZG,Crescimento do PIB (%),CHL,Chile,2015,2.15194249981184
NY.GDP.MKTP.KD.ZG,Crescimento do PIB (%),CHL,Chile,2014,1.79264947139259
NY.GDP.MKTP.KD.ZG,Crescimento do PIB (%),CHL,Chile,2013,3.30850824710085
NY.GDP.MKTP.KD.ZG,Crescimento do PIB (%),CHL,Chile,2012,6.15534001855494
NY.GDP.MKTP.KD.ZG,Crescimento do PIB (%),CHL,Chile,2011,6.22389678509138
NY.GDP.MKTP.KD.ZG,Crescimento do PIB (%),CHL,Chile,2010,5.85165102224047
NY.GDP.MKTP.KD.ZG,Crescimento do PIB (%),CHL,Chile,2009,-1.11803723642878
NY.GDP.MKTP.KD.ZG,Crescimento do PIB (%),CHL,Chile,2008,3.78939280635238
NY.GDP.MKTP.KD.ZG,Crescimento do PIB (%),CHL,Chile,2007,5.16823098528431
NY.GDP.MKTP.KD.ZG,Crescimento do PIB (%),CHL,Chile,2006,6.04999082563968
NY.GDP.MKTP.KD.ZG,Crescimento do PIB (%),CHL,Chile,2005,5.83704571917758
NY.GDP.MKTP.KD.ZG,Crescimento do PIB (%),CHL,Chile,2004,6.67425416822923
NY.GDP.MKTP.KD.ZG,Crescimento do PIB (%),CHL,Chile,2003,4.72324526861041
NY.GDP.MKTP.KD.ZG,Crescimento do PIB (%),CHL,Chile,2002,3.20279913520113
NY.GDP.MKTP.KD.ZG,Crescimento do PIB (%),CHL,Chile,2001,3.15403492459967
NY.GDP.MKTP.KD.ZG,Crescimento do PIB (%),CHL,Chile,2000,4.9716214882971
NY.GDP.MKTP.KD.ZG,Crescimento do PIB (%),CHL,Chile,1999,-0.2736313981937
NY.GDP.MKTP.KD.ZG,Crescimento do PIB (%),CHL,Chile,1998,4.18088662700669
NY.GDP.MKTP.KD.ZG,Crescimento do PIB (%),CHL,Chile,1997,7.3917392684331
NY.GDP.MKTP.KD.ZG,Crescimento do PIB (%),CHL,Chile,1996,7.1148626270751
NY.GDP.MKTP.KD.ZG,Crescimento do PIB (%),CHL,Chile,1995,9.25542757753573
NY.GDP.MKTP.KD.ZG,Crescimento do PIB (%),CHN,China,2025,4.95994886240992
NY.GDP.MKTP.KD.ZG,Crescimento do PIB (%),CHN,China,2024,4.95830378788091
NY.GDP.MKTP.KD.ZG,Crescimento do PIB (%),CHN,China,2023,5.41600334492955
NY.GDP.MKTP.KD.ZG,Crescimento do PIB (%),CHN,China,2022,3.13385438394069
NY.GDP.MKTP.KD.ZG,Crescimento do PIB (%),CHN,China,2021,8.57038414981781
NY.GDP.MKTP.KD.ZG,Crescimento do PIB (%),CHN,China,2020,2.33950385203023
NY.GDP.MKTP.KD.ZG,Crescimento do PIB (%),CHN,China,2019,6.06737806333672
NY.GDP.MKTP.KD.ZG,Crescimento do PIB (%),CHN,China,2018,6.757806142324
NY.GDP.MKTP.KD.ZG,Crescimento do PIB (%),CHN,China,2017,6.89123916636191
NY.GDP.MKTP.KD.ZG,Crescimento do PIB (%),CHN,China,2016,6.7736886867727
NY.GDP.MKTP.KD.ZG,Crescimento do PIB (%),CHN,China,2015,6.98162255562367
NY.GDP.MKTP.KD.ZG,Crescimento do PIB (%),CHN,China,2014,7.46100735778161
NY.GDP.MKTP.KD.ZG,Crescimento do PIB (%),CHN,China,2013,7.77842954757257
NY.GDP.MKTP.KD.ZG,Crescimento do PIB (%),CHN,China,2012,7.8578201481217
NY.GDP.MKTP.KD.ZG,Crescimento do PIB (%),CHN,China,2011,9.46205248298186
NY.GDP.MKTP.KD.ZG,Crescimento do PIB (%),CHN,China,2010,10.5916903885704
NY.GDP.MKTP.KD.ZG,Crescimento do PIB (%),CHN,China,2009,9.40610014336416
NY.GDP.MKTP.KD.ZG,Crescimento do PIB (%),CHN,China,2008,9.66877608164454
NY.GDP.MKTP.KD.ZG,Crescimento do PIB (%),CHN,China,2007,14.1507710506103
NY.GDP.MKTP.KD.ZG,Crescimento do PIB (%),CHN,China,2006,12.6752842281595
NY.GDP.MKTP.KD.ZG,Crescimento do PIB (%),CHN,China,2005,11.4535130030645
NY.GDP.MKTP.KD.ZG,Crescimento do PIB (%),CHN,China,2004,10.1404291872206
NY.GDP.MKTP.KD.ZG,Crescimento do PIB (%),CHN,China,2003,10.1138119025242
NY.GDP.MKTP.KD.ZG,Crescimento do PIB (%),CHN,China,2002,9.23604870383861
NY.GDP.MKTP.KD.ZG,Crescimento do PIB (%),CHN,China,2001,8.32404695347056
NY.GDP.MKTP.KD.ZG,Crescimento do PIB (%),CHN,China,2000,8.57357328926101
NY.GDP.MKTP.KD.ZG,Crescimento do PIB (%),CHN,China,1999,7.74123827728161
NY.GDP.MKTP.KD.ZG,Crescimento do PIB (%),CHN,China,1998,7.92354535108497
NY.GDP.MKTP.KD.ZG,Crescimento do PIB (%),CHN,China,1997,9.29759460595947
NY.GDP.MKTP.KD.ZG,Crescimento do PIB (%),CHN,China,1996,9.97328781228394
NY.GDP.MKTP.KD.ZG,Crescimento do PIB (%),CHN,China,1995,11.0154136659719
NY.GDP.MKTP.KD.ZG,Crescimento do PIB (%),COL,Colombia,2025,2.64201548985928
NY.GDP.MKTP.KD.ZG,Crescimento do PIB (%),COL,Colombia,2024,1.49330728771066
NY.GDP.MKTP.KD.ZG,Crescimento do PIB (%),COL,Colombia,2023,0.841819555752039
NY.GDP.MKTP.KD.ZG,Crescimento do PIB (%),COL,Colombia,2022,7.32827729427979
NY.GDP.MKTP.KD.ZG,Crescimento do PIB (%),COL,Colombia,2021,10.8011981904878
NY.GDP.MKTP.KD.ZG,Crescimento do PIB (%),COL,Colombia,2020,-7.18591413760859
NY.GDP.MKTP.KD.ZG,Crescimento do PIB (%),COL,Colombia,2019,3.18685539245533
NY.GDP.MKTP.KD.ZG,Crescimento do PIB (%),COL,Colombia,2018,2.56432428277704
NY.GDP.MKTP.KD.ZG,Crescimento do PIB (%),COL,Colombia,2017,1.35936086788746
NY.GDP.MKTP.KD.ZG,Crescimento do PIB (%),COL,Colombia,2016,2.08738250162794
NY.GDP.MKTP.KD.ZG,Crescimento do PIB (%),COL,Colombia,2015,2.95590137527523
NY.GDP.MKTP.KD.ZG,Crescimento do PIB (%),COL,Colombia,2014,4.49903000110972
NY.GDP.MKTP.KD.ZG,Crescimento do PIB (%),COL,Colombia,2013,5.13399351995672
NY.GDP.MKTP.KD.ZG,Crescimento do PIB (%),COL,Colombia,2012,3.91263576716115
NY.GDP.MKTP.KD.ZG,Crescimento do PIB (%),COL,Colombia,2011,6.94789198173555
NY.GDP.MKTP.KD.ZG,Crescimento do PIB (%),COL,Colombia,2010,4.49465897070922
NY.GDP.MKTP.KD.ZG,Crescimento do PIB (%),COL,Colombia,2009,1.13964864548062
NY.GDP.MKTP.KD.ZG,Crescimento do PIB (%),COL,Colombia,2008,3.28344618616541
NY.GDP.MKTP.KD.ZG,Crescimento do PIB (%),COL,Colombia,2007,6.73819469090975
NY.GDP.MKTP.KD.ZG,Crescimento do PIB (%),COL,Colombia,2006,6.71686869844402
NY.GDP.MKTP.KD.ZG,Crescimento do PIB (%),COL,Colombia,2005,4.82876110773741
NY.GDP.MKTP.KD.ZG,Crescimento do PIB (%),COL,Colombia,2004,5.33302206759905
NY.GDP.MKTP.KD.ZG,Crescimento do PIB (%),COL,Colombia,2003,3.91827190322513
NY.GDP.MKTP.KD.ZG,Crescimento do PIB (%),COL,Colombia,2002,2.50398046659659
NY.GDP.MKTP.KD.ZG,Crescimento do PIB (%),COL,Colombia,2001,1.67789830787579
NY.GDP.MKTP.KD.ZG,Crescimento do PIB (%),COL,Colombia,2000,2.92486148176778
NY.GDP.MKTP.KD.ZG,Crescimento do PIB (%),COL,Colombia,1999,-4.20401524244947
NY.GDP.MKTP.KD.ZG,Crescimento do PIB (%),COL,Colombia,1998,0.569784088434517
NY.GDP.MKTP.KD.ZG,Crescimento do PIB (%),COL,Colombia,1997,3.43029367788374
NY.GDP.MKTP.KD.ZG,Crescimento do PIB (%),COL,Colombia,1996,2.05585471287195
NY.GDP.MKTP.KD.ZG,Crescimento do PIB (%),COL,Colombia,1995,5.20243759278655
NY.GDP.MKTP.KD.ZG,Crescimento do PIB (%),ECU,Equador,2025,3.72594857272087
NY.GDP.MKTP.KD.ZG,Crescimento do PIB (%),ECU,Equador,2024,-1.94409022506859
NY.GDP.MKTP.KD.ZG,Crescimento do PIB (%),ECU,Equador,2023,1.8328406107788
NY.GDP.MKTP.KD.ZG,Crescimento do PIB (%),ECU,Equador,2022,5.86842354862311
NY.GDP.MKTP.KD.ZG,Crescimento do PIB (%),ECU,Equador,2021,9.42189269033631
NY.GDP.MKTP.KD.ZG,Crescimento do PIB (%),ECU,Equador,2020,-9.24509619165865
NY.GDP.MKTP.KD.ZG,Crescimento do PIB (%),ECU,Equador,2019,0.1654044646003
NY.GDP.MKTP.KD.ZG,Crescimento do PIB (%),ECU,Equador,2018,1.04429460679607
NY.GDP.MKTP.KD.ZG,Crescimento do PIB (%),ECU,Equador,2017,5.97039880954841
NY.GDP.MKTP.KD.ZG,Crescimento do PIB (%),ECU,Equador,2016,-0.687954245877947
NY.GDP.MKTP.KD.ZG,Crescimento do PIB (%),ECU,Equador,2015,0.119692109287612
NY.GDP.MKTP.KD.ZG,Crescimento do PIB (%),ECU,Equador,2014,4.22606520388456
NY.GDP.MKTP.KD.ZG,Crescimento do PIB (%),ECU,Equador,2013,7.21123653679159
NY.GDP.MKTP.KD.ZG,Crescimento do PIB (%),ECU,Equador,2012,5.783212336172
NY.GDP.MKTP.KD.ZG,Crescimento do PIB (%),ECU,Equador,2011,8.48147656332823
NY.GDP.MKTP.KD.ZG,Crescimento do PIB (%),ECU,Equador,2010,4.02913787986621
NY.GDP.MKTP.KD.ZG,Crescimento do PIB (%),ECU,Equador,2009,1.0910129698311
NY.GDP.MKTP.KD.ZG,Crescimento do PIB (%),ECU,Equador,2008,6.56492068224719
NY.GDP.MKTP.KD.ZG,Crescimento do PIB (%),ECU,Equador,2007,1.90242859700484
NY.GDP.MKTP.KD.ZG,Crescimento do PIB (%),ECU,Equador,2006,4.34113198577639
NY.GDP.MKTP.KD.ZG,Crescimento do PIB (%),ECU,Equador,2005,5.39862243994342
NY.GDP.MKTP.KD.ZG,Crescimento do PIB (%),ECU,Equador,2004,6.83239736646514
NY.GDP.MKTP.KD.ZG,Crescimento do PIB (%),ECU,Equador,2003,2.88450036512064
NY.GDP.MKTP.KD.ZG,Crescimento do PIB (%),ECU,Equador,2002,4.92809549611376
NY.GDP.MKTP.KD.ZG,Crescimento do PIB (%),ECU,Equador,2001,4.20627185748789
NY.GDP.MKTP.KD.ZG,Crescimento do PIB (%),ECU,Equador,2000,1.09180164720277
NY.GDP.MKTP.KD.ZG,Crescimento do PIB (%),ECU,Equador,1999,-4.73938585363382
NY.GDP.MKTP.KD.ZG,Crescimento do PIB (%),ECU,Equador,1998,3.26652934570988
NY.GDP.MKTP.KD.ZG,Crescimento do PIB (%),ECU,Equador,1997,4.32786475767577
NY.GDP.MKTP.KD.ZG,Crescimento do PIB (%),ECU,Equador,1996,1.73174762607862
NY.GDP.MKTP.KD.ZG,Crescimento do PIB (%),ECU,Equador,1995,2.25254865225104
NY.GDP.MKTP.KD.ZG,Crescimento do PIB (%),IDN,Indonesia,2025,5.10808904438025
NY.GDP.MKTP.KD.ZG,Crescimento do PIB (%),IDN,Indonesia,2024,5.03257477088519
NY.GDP.MKTP.KD.ZG,Crescimento do PIB (%),IDN,Indonesia,2023,5.04883117855516
NY.GDP.MKTP.KD.ZG,Crescimento do PIB (%),IDN,Indonesia,2022,5.30719722664799
NY.GDP.MKTP.KD.ZG,Crescimento do PIB (%),IDN,Indonesia,2021,3.70288562827751
NY.GDP.MKTP.KD.ZG,Crescimento do PIB (%),IDN,Indonesia,2020,-2.06551182934165
NY.GDP.MKTP.KD.ZG,Crescimento do PIB (%),IDN,Indonesia,2019,5.01928768046282
NY.GDP.MKTP.KD.ZG,Crescimento do PIB (%),IDN,Indonesia,2018,5.17429153955024
NY.GDP.MKTP.KD.ZG,Crescimento do PIB (%),IDN,Indonesia,2017,5.06978590134916
NY.GDP.MKTP.KD.ZG,Crescimento do PIB (%),IDN,Indonesia,2016,5.03306918280177
NY.GDP.MKTP.KD.ZG,Crescimento do PIB (%),IDN,Indonesia,2015,4.87632230022123
NY.GDP.MKTP.KD.ZG,Crescimento do PIB (%),IDN,Indonesia,2014,5.006668425755
NY.GDP.MKTP.KD.ZG,Crescimento do PIB (%),IDN,Indonesia,2013,5.5572636889101
NY.GDP.MKTP.KD.ZG,Crescimento do PIB (%),IDN,Indonesia,2012,6.03005065305615
NY.GDP.MKTP.KD.ZG,Crescimento do PIB (%),IDN,Indonesia,2011,6.16978420771008
NY.GDP.MKTP.KD.ZG,Crescimento do PIB (%),IDN,Indonesia,2010,6.22385418062366
NY.GDP.MKTP.KD.ZG,Crescimento do PIB (%),IDN,Indonesia,2009,4.62887118256153
NY.GDP.MKTP.KD.ZG,Crescimento do PIB (%),IDN,Indonesia,2008,6.01370360009123
NY.GDP.MKTP.KD.ZG,Crescimento do PIB (%),IDN,Indonesia,2007,6.34502222667214
NY.GDP.MKTP.KD.ZG,Crescimento do PIB (%),IDN,Indonesia,2006,5.50095178520348
NY.GDP.MKTP.KD.ZG,Crescimento do PIB (%),IDN,Indonesia,2005,5.69257130383384
NY.GDP.MKTP.KD.ZG,Crescimento do PIB (%),IDN,Indonesia,2004,5.03087394501685
NY.GDP.MKTP.KD.ZG,Crescimento do PIB (%),IDN,Indonesia,2003,4.78036912167654
NY.GDP.MKTP.KD.ZG,Crescimento do PIB (%),IDN,Indonesia,2002,4.49947539085764
NY.GDP.MKTP.KD.ZG,Crescimento do PIB (%),IDN,Indonesia,2001,3.64346644721492
NY.GDP.MKTP.KD.ZG,Crescimento do PIB (%),IDN,Indonesia,2000,4.9200677470169
NY.GDP.MKTP.KD.ZG,Crescimento do PIB (%),IDN,Indonesia,1999,0.79112608199847
NY.GDP.MKTP.KD.ZG,Crescimento do PIB (%),IDN,Indonesia,1998,-13.1267254923818
NY.GDP.MKTP.KD.ZG,Crescimento do PIB (%),IDN,Indonesia,1997,4.69987885390397
NY.GDP.MKTP.KD.ZG,Crescimento do PIB (%),IDN,Indonesia,1996,7.81818707670867
NY.GDP.MKTP.KD.ZG,Crescimento do PIB (%),IDN,Indonesia,1995,8.22000739903493
NY.GDP.MKTP.KD.ZG,Crescimento do PIB (%),IND,India,2025,7.56666179284244
NY.GDP.MKTP.KD.ZG,Crescimento do PIB (%),IND,India,2024,7.09927893176518
NY.GDP.MKTP.KD.ZG,Crescimento do PIB (%),IND,India,2023,7.210224629335
NY.GDP.MKTP.KD.ZG,Crescimento do PIB (%),IND,India,2022,7.6093649776932
NY.GDP.MKTP.KD.ZG,Crescimento do PIB (%),IND,India,2021,9.68959249191741
NY.GDP.MKTP.KD.ZG,Crescimento do PIB (%),IND,India,2020,-5.77772470687303
NY.GDP.MKTP.KD.ZG,Crescimento do PIB (%),IND,India,2019,3.87143694070524
NY.GDP.MKTP.KD.ZG,Crescimento do PIB (%),IND,India,2018,6.45385134495295
NY.GDP.MKTP.KD.ZG,Crescimento do PIB (%),IND,India,2017,6.79538341902422
NY.GDP.MKTP.KD.ZG,Crescimento do PIB (%),IND,India,2016,8.25630550176662
NY.GDP.MKTP.KD.ZG,Crescimento do PIB (%),IND,India,2015,7.99625378567987
NY.GDP.MKTP.KD.ZG,Crescimento do PIB (%),IND,India,2014,7.41022760516977
NY.GDP.MKTP.KD.ZG,Crescimento do PIB (%),IND,India,2013,6.38610640091713
NY.GDP.MKTP.KD.ZG,Crescimento do PIB (%),IND,India,2012,5.45638755164772
NY.GDP.MKTP.KD.ZG,Crescimento do PIB (%),IND,India,2011,5.24131620024293
NY.GDP.MKTP.KD.ZG,Crescimento do PIB (%),IND,India,2010,8.49758470165625
NY.GDP.MKTP.KD.ZG,Crescimento do PIB (%),IND,India,2009,7.8618888330338
NY.GDP.MKTP.KD.ZG,Crescimento do PIB (%),IND,India,2008,3.08669805950082
NY.GDP.MKTP.KD.ZG,Crescimento do PIB (%),IND,India,2007,7.66081506510766
NY.GDP.MKTP.KD.ZG,Crescimento do PIB (%),IND,India,2006,8.06073257305057
NY.GDP.MKTP.KD.ZG,Crescimento do PIB (%),IND,India,2005,7.92343062131789
NY.GDP.MKTP.KD.ZG,Crescimento do PIB (%),IND,India,2004,7.92293661307978
NY.GDP.MKTP.KD.ZG,Crescimento do PIB (%),IND,India,2003,7.86038147545045
NY.GDP.MKTP.KD.ZG,Crescimento do PIB (%),IND,India,2002,3.80397532120038
NY.GDP.MKTP.KD.ZG,Crescimento do PIB (%),IND,India,2001,4.82396626397303
NY.GDP.MKTP.KD.ZG,Crescimento do PIB (%),IND,India,2000,3.84099115686554
NY.GDP.MKTP.KD.ZG,Crescimento do PIB (%),IND,India,1999,8.84575556114116
NY.GDP.MKTP.KD.ZG,Crescimento do PIB (%),IND,India,1998,6.18441582080355
NY.GDP.MKTP.KD.ZG,Crescimento do PIB (%),IND,India,1997,4.04982084902483
NY.GDP.MKTP.KD.ZG,Crescimento do PIB (%),IND,India,1996,7.54952224888829
NY.GDP.MKTP.KD.ZG,Crescimento do PIB (%),IND,India,1995,7.57449184027195
NY.GDP.MKTP.KD.ZG,Crescimento do PIB (%),MEX,Mexico,2025,0.561683456144578
NY.GDP.MKTP.KD.ZG,Crescimento do PIB (%),MEX,Mexico,2024,1.35057631384696
NY.GDP.MKTP.KD.ZG,Crescimento do PIB (%),MEX,Mexico,2023,3.1067964131456
NY.GDP.MKTP.KD.ZG,Crescimento do PIB (%),MEX,Mexico,2022,3.70975708309098
NY.GDP.MKTP.KD.ZG,Crescimento do PIB (%),MEX,Mexico,2021,6.04848347173572
NY.GDP.MKTP.KD.ZG,Crescimento do PIB (%),MEX,Mexico,2020,-8.35403459379062
NY.GDP.MKTP.KD.ZG,Crescimento do PIB (%),MEX,Mexico,2019,-0.392690513290532
NY.GDP.MKTP.KD.ZG,Crescimento do PIB (%),MEX,Mexico,2018,1.97208211101069
NY.GDP.MKTP.KD.ZG,Crescimento do PIB (%),MEX,Mexico,2017,1.87172854648381
NY.GDP.MKTP.KD.ZG,Crescimento do PIB (%),MEX,Mexico,2016,1.7724932254128
NY.GDP.MKTP.KD.ZG,Crescimento do PIB (%),MEX,Mexico,2015,2.70232343024026
NY.GDP.MKTP.KD.ZG,Crescimento do PIB (%),MEX,Mexico,2014,2.50376350783593
NY.GDP.MKTP.KD.ZG,Crescimento do PIB (%),MEX,Mexico,2013,0.852101550164704
NY.GDP.MKTP.KD.ZG,Crescimento do PIB (%),MEX,Mexico,2012,3.55321076010608
NY.GDP.MKTP.KD.ZG,Crescimento do PIB (%),MEX,Mexico,2011,3.44404505297089
NY.GDP.MKTP.KD.ZG,Crescimento do PIB (%),MEX,Mexico,2010,4.9713345832195
NY.GDP.MKTP.KD.ZG,Crescimento do PIB (%),MEX,Mexico,2009,-6.29525056697287
NY.GDP.MKTP.KD.ZG,Crescimento do PIB (%),MEX,Mexico,2008,0.943331872912935
NY.GDP.MKTP.KD.ZG,Crescimento do PIB (%),MEX,Mexico,2007,2.0778639395329
NY.GDP.MKTP.KD.ZG,Crescimento do PIB (%),MEX,Mexico,2006,4.80501351664901
NY.GDP.MKTP.KD.ZG,Crescimento do PIB (%),MEX,Mexico,2005,2.11324711473297
NY.GDP.MKTP.KD.ZG,Crescimento do PIB (%),MEX,Mexico,2004,3.56544102622887
NY.GDP.MKTP.KD.ZG,Crescimento do PIB (%),MEX,Mexico,2003,1.18554486709559
NY.GDP.MKTP.KD.ZG,Crescimento do PIB (%),MEX,Mexico,2002,-0.236588001922641
NY.GDP.MKTP.KD.ZG,Crescimento do PIB (%),MEX,Mexico,2001,-0.450845253215945
NY.GDP.MKTP.KD.ZG,Crescimento do PIB (%),MEX,Mexico,2000,5.02928399378261
NY.GDP.MKTP.KD.ZG,Crescimento do PIB (%),MEX,Mexico,1999,2.75503039300564
NY.GDP.MKTP.KD.ZG,Crescimento do PIB (%),MEX,Mexico,1998,6.18507893082885
NY.GDP.MKTP.KD.ZG,Crescimento do PIB (%),MEX,Mexico,1997,7.19887615284711
NY.GDP.MKTP.KD.ZG,Crescimento do PIB (%),MEX,Mexico,1996,6.21829715869302
NY.GDP.MKTP.KD.ZG,Crescimento do PIB (%),MEX,Mexico,1995,-5.91029962358286
NY.GDP.MKTP.KD.ZG,Crescimento do PIB (%),PER,Peru,2025,3.43056395124466
NY.GDP.MKTP.KD.ZG,Crescimento do PIB (%),PER,Peru,2024,3.5152749274832
NY.GDP.MKTP.KD.ZG,Crescimento do PIB (%),PER,Peru,2023,-0.350699814345759
NY.GDP.MKTP.KD.ZG,Crescimento do PIB (%),PER,Peru,2022,2.81819976419922
NY.GDP.MKTP.KD.ZG,Crescimento do PIB (%),PER,Peru,2021,13.4166456126513
NY.GDP.MKTP.KD.ZG,Crescimento do PIB (%),PER,Peru,2020,-10.9333065010382
NY.GDP.MKTP.KD.ZG,Crescimento do PIB (%),PER,Peru,2019,2.24063176875049
NY.GDP.MKTP.KD.ZG,Crescimento do PIB (%),PER,Peru,2018,3.969351341365
NY.GDP.MKTP.KD.ZG,Crescimento do PIB (%),PER,Peru,2017,2.51883544233135
NY.GDP.MKTP.KD.ZG,Crescimento do PIB (%),PER,Peru,2016,3.95331871520767
NY.GDP.MKTP.KD.ZG,Crescimento do PIB (%),PER,Peru,2015,3.25224477218451
NY.GDP.MKTP.KD.ZG,Crescimento do PIB (%),PER,Peru,2014,2.38215737180541
NY.GDP.MKTP.KD.ZG,Crescimento do PIB (%),PER,Peru,2013,5.85251821084928
NY.GDP.MKTP.KD.ZG,Crescimento do PIB (%),PER,Peru,2012,6.13972470560435
NY.GDP.MKTP.KD.ZG,Crescimento do PIB (%),PER,Peru,2011,6.32719240161117
NY.GDP.MKTP.KD.ZG,Crescimento do PIB (%),PER,Peru,2010,8.33245910749577
NY.GDP.MKTP.KD.ZG,Crescimento do PIB (%),PER,Peru,2009,1.0958236592427
NY.GDP.MKTP.KD.ZG,Crescimento do PIB (%),PER,Peru,2008,9.1265683014642
NY.GDP.MKTP.KD.ZG,Crescimento do PIB (%),PER,Peru,2007,8.5183877690955
NY.GDP.MKTP.KD.ZG,Crescimento do PIB (%),PER,Peru,2006,7.5288990440594
NY.GDP.MKTP.KD.ZG,Crescimento do PIB (%),PER,Peru,2005,6.28506032509601
NY.GDP.MKTP.KD.ZG,Crescimento do PIB (%),PER,Peru,2004,4.95820320611745
NY.GDP.MKTP.KD.ZG,Crescimento do PIB (%),PER,Peru,2003,4.16502313666112
NY.GDP.MKTP.KD.ZG,Crescimento do PIB (%),PER,Peru,2002,5.45352893818767
NY.GDP.MKTP.KD.ZG,Crescimento do PIB (%),PER,Peru,2001,0.617892325624297
NY.GDP.MKTP.KD.ZG,Crescimento do PIB (%),PER,Peru,2000,2.69437139806912
NY.GDP.MKTP.KD.ZG,Crescimento do PIB (%),PER,Peru,1999,1.49491064308833
NY.GDP.MKTP.KD.ZG,Crescimento do PIB (%),PER,Peru,1998,-0.391537555833821
NY.GDP.MKTP.KD.ZG,Crescimento do PIB (%),PER,Peru,1997,6.47682442079709
NY.GDP.MKTP.KD.ZG,Crescimento do PIB (%),PER,Peru,1996,2.79897307912609
NY.GDP.MKTP.KD.ZG,Crescimento do PIB (%),PER,Peru,1995,7.41139504735119
NY.GDP.MKTP.KD.ZG,Crescimento do PIB (%),TUR,Turquia,2025,3.60462514082589
NY.GDP.MKTP.KD.ZG,Crescimento do PIB (%),TUR,Turquia,2024,3.3276230893799
NY.GDP.MKTP.KD.ZG,Crescimento do PIB (%),TUR,Turquia,2023,5.04512369812289
NY.GDP.MKTP.KD.ZG,Crescimento do PIB (%),TUR,Turquia,2022,5.44122511322401
NY.GDP.MKTP.KD.ZG,Crescimento do PIB (%),TUR,Turquia,2021,11.811094450607
NY.GDP.MKTP.KD.ZG,Crescimento do PIB (%),TUR,Turquia,2020,1.80306247087255
NY.GDP.MKTP.KD.ZG,Crescimento do PIB (%),TUR,Turquia,2019,1.30162365464503
NY.GDP.MKTP.KD.ZG,Crescimento do PIB (%),TUR,Turquia,2018,3.46815306092219
NY.GDP.MKTP.KD.ZG,Crescimento do PIB (%),TUR,Turquia,2017,7.82585730002594
NY.GDP.MKTP.KD.ZG,Crescimento do PIB (%),TUR,Turquia,2016,3.32366508200445
NY.GDP.MKTP.KD.ZG,Crescimento do PIB (%),TUR,Turquia,2015,5.80557386628684
NY.GDP.MKTP.KD.ZG,Crescimento do PIB (%),TUR,Turquia,2014,4.60079447270559
NY.GDP.MKTP.KD.ZG,Crescimento do PIB (%),TUR,Turquia,2013,8.48825689298511
NY.GDP.MKTP.KD.ZG,Crescimento do PIB (%),TUR,Turquia,2012,4.80762696633448
NY.GDP.MKTP.KD.ZG,Crescimento do PIB (%),TUR,Turquia,2011,10.9799625273598
NY.GDP.MKTP.KD.ZG,Crescimento do PIB (%),TUR,Turquia,2010,8.54219848467686
NY.GDP.MKTP.KD.ZG,Crescimento do PIB (%),TUR,Turquia,2009,-4.88269401706633
NY.GDP.MKTP.KD.ZG,Crescimento do PIB (%),TUR,Turquia,2008,0.920118221365883
NY.GDP.MKTP.KD.ZG,Crescimento do PIB (%),TUR,Turquia,2007,5.10818513903604
NY.GDP.MKTP.KD.ZG,Crescimento do PIB (%),TUR,Turquia,2006,7.06762607623939
NY.GDP.MKTP.KD.ZG,Crescimento do PIB (%),TUR,Turquia,2005,9.11157745861635
NY.GDP.MKTP.KD.ZG,Crescimento do PIB (%),TUR,Turquia,2004,9.92540551918624
NY.GDP.MKTP.KD.ZG,Crescimento do PIB (%),TUR,Turquia,2003,5.79909321038525
NY.GDP.MKTP.KD.ZG,Crescimento do PIB (%),TUR,Turquia,2002,6.43550883793114
NY.GDP.MKTP.KD.ZG,Crescimento do PIB (%),TUR,Turquia,2001,-5.45940838563062
NY.GDP.MKTP.KD.ZG,Crescimento do PIB (%),TUR,Turquia,2000,6.98528697817062
NY.GDP.MKTP.KD.ZG,Crescimento do PIB (%),TUR,Turquia,1999,-3.05277055759434
NY.GDP.MKTP.KD.ZG,Crescimento do PIB (%),TUR,Turquia,1998,1.90857064345151
NY.GDP.MKTP.KD.ZG,Crescimento do PIB (%),TUR,Turquia,1997,7.3578623747848
NY.GDP.MKTP.KD.ZG,Crescimento do PIB (%),TUR,Turquia,1996,7.15779847930847
NY.GDP.MKTP.KD.ZG,Crescimento do PIB (%),TUR,Turquia,1995,7.878266878218
NY.GDP.MKTP.KD.ZG,Crescimento do PIB (%),,Upper middle income,2025,4.20533481650185
NY.GDP.MKTP.KD.ZG,Crescimento do PIB (%),,Upper middle income,2024,4.23445227221156
NY.GDP.MKTP.KD.ZG,Crescimento do PIB (%),,Upper middle income,2023,4.57426687515756
NY.GDP.MKTP.KD.ZG,Crescimento do PIB (%),,Upper middle income,2022,3.53652312476997
NY.GDP.MKTP.KD.ZG,Crescimento do PIB (%),,Upper middle income,2021,7.58860883559845
NY.GDP.MKTP.KD.ZG,Crescimento do PIB (%),,Upper middle income,2020,-0.502919871037122
NY.GDP.MKTP.KD.ZG,Crescimento do PIB (%),,Upper middle income,2019,4.24595361596556
NY.GDP.MKTP.KD.ZG,Crescimento do PIB (%),,Upper middle income,2018,4.95165024884356
NY.GDP.MKTP.KD.ZG,Crescimento do PIB (%),,Upper middle income,2017,5.40459151052542
NY.GDP.MKTP.KD.ZG,Crescimento do PIB (%),,Upper middle income,2016,4.62482816773941
NY.GDP.MKTP.KD.ZG,Crescimento do PIB (%),,Upper middle income,2015,4.56055688519767
NY.GDP.MKTP.KD.ZG,Crescimento do PIB (%),,Upper middle income,2014,5.02375276809626
NY.GDP.MKTP.KD.ZG,Crescimento do PIB (%),,Upper middle income,2013,5.66814396000228
NY.GDP.MKTP.KD.ZG,Crescimento do PIB (%),,Upper middle income,2012,5.7971024867346
NY.GDP.MKTP.KD.ZG,Crescimento do PIB (%),,Upper middle income,2011,6.86028171206145
NY.GDP.MKTP.KD.ZG,Crescimento do PIB (%),,Upper middle income,2010,8.47976782694566
NY.GDP.MKTP.KD.ZG,Crescimento do PIB (%),,Upper middle income,2009,3.53070135416004
NY.GDP.MKTP.KD.ZG,Crescimento do PIB (%),,Upper middle income,2008,6.27582959663708
NY.GDP.MKTP.KD.ZG,Crescimento do PIB (%),,Upper middle income,2007,9.34587228012785
NY.GDP.MKTP.KD.ZG,Crescimento do PIB (%),,Upper middle income,2006,8.54599449140774
NY.GDP.MKTP.KD.ZG,Crescimento do PIB (%),,Upper middle income,2005,7.53091329686855
NY.GDP.MKTP.KD.ZG,Crescimento do PIB (%),,Upper middle income,2004,7.85818127906606
NY.GDP.MKTP.KD.ZG,Crescimento do PIB (%),,Upper middle income,2003,5.93182709987083
NY.GDP.MKTP.KD.ZG,Crescimento do PIB (%),,Upper middle income,2002,4.85760888264437
NY.GDP.MKTP.KD.ZG,Crescimento do PIB (%),,Upper middle income,2001,3.47176313358794
NY.GDP.MKTP.KD.ZG,Crescimento do PIB (%),,Upper middle income,2000,5.98938554447042
NY.GDP.MKTP.KD.ZG,Crescimento do PIB (%),,Upper middle income,1999,3.27878035556444
NY.GDP.MKTP.KD.ZG,Crescimento do PIB (%),,Upper middle income,1998,2.94556804758584
NY.GDP.MKTP.KD.ZG,Crescimento do PIB (%),,Upper middle income,1997,6.10438436829742
NY.GDP.MKTP.KD.ZG,Crescimento do PIB (%),,Upper middle income,1996,6.24106447062505
NY.GDP.MKTP.KD.ZG,Crescimento do PIB (%),,Upper middle income,1995,4.52711631413342
NY.GDP.MKTP.KD.ZG,Crescimento do PIB (%),ZAF,Africa do Sul,2025,1.11462608103956
NY.GDP.MKTP.KD.ZG,Crescimento do PIB (%),ZAF,Africa do Sul,2024,0.534843531905139
NY.GDP.MKTP.KD.ZG,Crescimento do PIB (%),ZAF,Africa do Sul,2023,0.80610455095804
NY.GDP.MKTP.KD.ZG,Crescimento do PIB (%),ZAF,Africa do Sul,2022,2.05813661692193
NY.GDP.MKTP.KD.ZG,Crescimento do PIB (%),ZAF,Africa do Sul,2021,4.85864865060148
NY.GDP.MKTP.KD.ZG,Crescimento do PIB (%),ZAF,Africa do Sul,2020,-6.1689177146757
NY.GDP.MKTP.KD.ZG,Crescimento do PIB (%),ZAF,Africa do Sul,2019,0.25993557687633
NY.GDP.MKTP.KD.ZG,Crescimento do PIB (%),ZAF,Africa do Sul,2018,1.55678384721676
NY.GDP.MKTP.KD.ZG,Crescimento do PIB (%),ZAF,Africa do Sul,2017,1.15794695181735
NY.GDP.MKTP.KD.ZG,Crescimento do PIB (%),ZAF,Africa do Sul,2016,0.664552307858116
NY.GDP.MKTP.KD.ZG,Crescimento do PIB (%),ZAF,Africa do Sul,2015,1.32186223678229
NY.GDP.MKTP.KD.ZG,Crescimento do PIB (%),ZAF,Africa do Sul,2014,1.41382645223793
NY.GDP.MKTP.KD.ZG,Crescimento do PIB (%),ZAF,Africa do Sul,2013,2.48546800826588
NY.GDP.MKTP.KD.ZG,Crescimento do PIB (%),ZAF,Africa do Sul,2012,2.39623238465745
NY.GDP.MKTP.KD.ZG,Crescimento do PIB (%),ZAF,Africa do Sul,2011,3.16855627858818
NY.GDP.MKTP.KD.ZG,Crescimento do PIB (%),ZAF,Africa do Sul,2010,3.03973288127956
NY.GDP.MKTP.KD.ZG,Crescimento do PIB (%),ZAF,Africa do Sul,2009,-1.53808913525583
NY.GDP.MKTP.KD.ZG,Crescimento do PIB (%),ZAF,Africa do Sul,2008,3.1910438863288
NY.GDP.MKTP.KD.ZG,Crescimento do PIB (%),ZAF,Africa do Sul,2007,5.36047405394162
NY.GDP.MKTP.KD.ZG,Crescimento do PIB (%),ZAF,Africa do Sul,2006,5.60380645895889
NY.GDP.MKTP.KD.ZG,Crescimento do PIB (%),ZAF,Africa do Sul,2005,5.27705197295467
NY.GDP.MKTP.KD.ZG,Crescimento do PIB (%),ZAF,Africa do Sul,2004,4.55455990721774
NY.GDP.MKTP.KD.ZG,Crescimento do PIB (%),ZAF,Africa do Sul,2003,2.94907546754213
NY.GDP.MKTP.KD.ZG,Crescimento do PIB (%),ZAF,Africa do Sul,2002,3.70037440406668
NY.GDP.MKTP.KD.ZG,Crescimento do PIB (%),ZAF,Africa do Sul,2001,2.70000000019104
NY.GDP.MKTP.KD.ZG,Crescimento do PIB (%),ZAF,Africa do Sul,2000,4.20000000067826
NY.GDP.MKTP.KD.ZG,Crescimento do PIB (%),ZAF,Africa do Sul,1999,2.39999999746338
NY.GDP.MKTP.KD.ZG,Crescimento do PIB (%),ZAF,Africa do Sul,1998,0.50000000034143
NY.GDP.MKTP.KD.ZG,Crescimento do PIB (%),ZAF,Africa do Sul,1997,2.60000000146347
NY.GDP.MKTP.KD.ZG,Crescimento do PIB (%),ZAF,Africa do Sul,1996,4.29999999726792
NY.GDP.MKTP.KD.ZG,Crescimento do PIB (%),ZAF,Africa do Sul,1995,3.10000000054411
SL.GDP.PCAP.EM.KD,Produtividade (PIB por ocupado),ARG,Argentina,2025,61326.2908270487
SL.GDP.PCAP.EM.KD,Produtividade (PIB por ocupado),ARG,Argentina,2024,59453.738230398
SL.GDP.PCAP.EM.KD,Produtividade (PIB por ocupado),ARG,Argentina,2023,59860.6086847392
SL.GDP.PCAP.EM.KD,Produtividade (PIB por ocupado),ARG,Argentina,2022,62861.7846363111
SL.GDP.PCAP.EM.KD,Produtividade (PIB por ocupado),ARG,Argentina,2021,62199.2099349718
SL.GDP.PCAP.EM.KD,Produtividade (PIB por ocupado),ARG,Argentina,2020,63088.8422580423
SL.GDP.PCAP.EM.KD,Produtividade (PIB por ocupado),ARG,Argentina,2019,64545.6690918665
SL.GDP.PCAP.EM.KD,Produtividade (PIB por ocupado),ARG,Argentina,2018,66888.049287424
SL.GDP.PCAP.EM.KD,Produtividade (PIB por ocupado),ARG,Argentina,2017,69702.6851895696
SL.GDP.PCAP.EM.KD,Produtividade (PIB por ocupado),ARG,Argentina,2016,68105.4026359412
SL.GDP.PCAP.EM.KD,Produtividade (PIB por ocupado),ARG,Argentina,2015,69721.4339259464
SL.GDP.PCAP.EM.KD,Produtividade (PIB por ocupado),ARG,Argentina,2014,68225.6445237006
SL.GDP.PCAP.EM.KD,Produtividade (PIB por ocupado),ARG,Argentina,2013,70098.6605034767
SL.GDP.PCAP.EM.KD,Produtividade (PIB por ocupado),ARG,Argentina,2012,68916.9082638847
SL.GDP.PCAP.EM.KD,Produtividade (PIB por ocupado),ARG,Argentina,2011,70153.5331640959
SL.GDP.PCAP.EM.KD,Produtividade (PIB por ocupado),ARG,Argentina,2010,67965.7783189913
SL.GDP.PCAP.EM.KD,Produtividade (PIB por ocupado),ARG,Argentina,2009,62578.8318819811
SL.GDP.PCAP.EM.KD,Produtividade (PIB por ocupado),ARG,Argentina,2008,67241.6105325519
SL.GDP.PCAP.EM.KD,Produtividade (PIB por ocupado),ARG,Argentina,2007,65213.8451434454
SL.GDP.PCAP.EM.KD,Produtividade (PIB por ocupado),ARG,Argentina,2006,61047.783669524
SL.GDP.PCAP.EM.KD,Produtividade (PIB por ocupado),ARG,Argentina,2005,58492.0948828661
SL.GDP.PCAP.EM.KD,Produtividade (PIB por ocupado),ARG,Argentina,2004,55372.0006494235
SL.GDP.PCAP.EM.KD,Produtividade (PIB por ocupado),ARG,Argentina,2003,53386.931436742
SL.GDP.PCAP.EM.KD,Produtividade (PIB por ocupado),ARG,Argentina,2002,53119.3070799212
SL.GDP.PCAP.EM.KD,Produtividade (PIB por ocupado),ARG,Argentina,2001,57358.6164893946
SL.GDP.PCAP.EM.KD,Produtividade (PIB por ocupado),ARG,Argentina,2000,58560.1529462859
SL.GDP.PCAP.EM.KD,Produtividade (PIB por ocupado),ARG,Argentina,1999,58999.3864674556
SL.GDP.PCAP.EM.KD,Produtividade (PIB por ocupado),ARG,Argentina,1998,60451.118088869
SL.GDP.PCAP.EM.KD,Produtividade (PIB por ocupado),ARG,Argentina,1997,60898.2739160256
SL.GDP.PCAP.EM.KD,Produtividade (PIB por ocupado),ARG,Argentina,1996,59535.7181778436
SL.GDP.PCAP.EM.KD,Produtividade (PIB por ocupado),ARG,Argentina,1995,58986.5631454268
SL.GDP.PCAP.EM.KD,Produtividade (PIB por ocupado),BRA,Brasil,2025,41840.0096326778
SL.GDP.PCAP.EM.KD,Produtividade (PIB por ocupado),BRA,Brasil,2024,41441.0405993757
SL.GDP.PCAP.EM.KD,Produtividade (PIB por ocupado),BRA,Brasil,2023,41147.6933819408
SL.GDP.PCAP.EM.KD,Produtividade (PIB por ocupado),BRA,Brasil,2022,40322.9212545869
SL.GDP.PCAP.EM.KD,Produtividade (PIB por ocupado),BRA,Brasil,2021,41904.8315182294
SL.GDP.PCAP.EM.KD,Produtividade (PIB por ocupado),BRA,Brasil,2020,41893.3237282763
SL.GDP.PCAP.EM.KD,Produtividade (PIB por ocupado),BRA,Brasil,2019,39945.5086419838
SL.GDP.PCAP.EM.KD,Produtividade (PIB por ocupado),BRA,Brasil,2018,40287.8207414582
SL.GDP.PCAP.EM.KD,Produtividade (PIB por ocupado),BRA,Brasil,2017,40207.0253818843
SL.GDP.PCAP.EM.KD,Produtividade (PIB por ocupado),BRA,Brasil,2016,39749.3215058047
SL.GDP.PCAP.EM.KD,Produtividade (PIB por ocupado),BRA,Brasil,2015,40241.3603240311
SL.GDP.PCAP.EM.KD,Produtividade (PIB por ocupado),BRA,Brasil,2014,41620.5007869547
SL.GDP.PCAP.EM.KD,Produtividade (PIB por ocupado),BRA,Brasil,2013,41958.2643779378
SL.GDP.PCAP.EM.KD,Produtividade (PIB por ocupado),BRA,Brasil,2012,41343.559149847
SL.GDP.PCAP.EM.KD,Produtividade (PIB por ocupado),BRA,Brasil,2011,41005.3449068097
SL.GDP.PCAP.EM.KD,Produtividade (PIB por ocupado),BRA,Brasil,2010,39602.8066779964
SL.GDP.PCAP.EM.KD,Produtividade (PIB por ocupado),BRA,Brasil,2009,37086.5015871274
SL.GDP.PCAP.EM.KD,Produtividade (PIB por ocupado),BRA,Brasil,2008,37362.2574758628
SL.GDP.PCAP.EM.KD,Produtividade (PIB por ocupado),BRA,Brasil,2007,36462.8085263444
SL.GDP.PCAP.EM.KD,Produtividade (PIB por ocupado),BRA,Brasil,2006,34900.0057032547
SL.GDP.PCAP.EM.KD,Produtividade (PIB por ocupado),BRA,Brasil,2005,34309.3040987948
SL.GDP.PCAP.EM.KD,Produtividade (PIB por ocupado),BRA,Brasil,2004,34011.5553213707
SL.GDP.PCAP.EM.KD,Produtividade (PIB por ocupado),BRA,Brasil,2003,33405.5022232838
SL.GDP.PCAP.EM.KD,Produtividade (PIB por ocupado),BRA,Brasil,2002,33447.2981383004
SL.GDP.PCAP.EM.KD,Produtividade (PIB por ocupado),BRA,Brasil,2001,33602.5508591608
SL.GDP.PCAP.EM.KD,Produtividade (PIB por ocupado),BRA,Brasil,2000,34062.0258846128
SL.GDP.PCAP.EM.KD,Produtividade (PIB por ocupado),BRA,Brasil,1999,33554.6102501098
SL.GDP.PCAP.EM.KD,Produtividade (PIB por ocupado),BRA,Brasil,1998,34155.0446247849
SL.GDP.PCAP.EM.KD,Produtividade (PIB por ocupado),BRA,Brasil,1997,34480.5509646589
SL.GDP.PCAP.EM.KD,Produtividade (PIB por ocupado),BRA,Brasil,1996,34226.8314603134
SL.GDP.PCAP.EM.KD,Produtividade (PIB por ocupado),BRA,Brasil,1995,33062.2091571686
SL.GDP.PCAP.EM.KD,Produtividade (PIB por ocupado),CHL,Chile,2025,65210.7996385107
SL.GDP.PCAP.EM.KD,Produtividade (PIB por ocupado),CHL,Chile,2024,64104.1483966222
SL.GDP.PCAP.EM.KD,Produtividade (PIB por ocupado),CHL,Chile,2023,64007.9045880781
SL.GDP.PCAP.EM.KD,Produtividade (PIB por ocupado),CHL,Chile,2022,65141.384129718
SL.GDP.PCAP.EM.KD,Produtividade (PIB por ocupado),CHL,Chile,2021,68065.6464782789
SL.GDP.PCAP.EM.KD,Produtividade (PIB por ocupado),CHL,Chile,2020,64117.6021579912
SL.GDP.PCAP.EM.KD,Produtividade (PIB por ocupado),CHL,Chile,2019,59510.5274620498
SL.GDP.PCAP.EM.KD,Produtividade (PIB por ocupado),CHL,Chile,2018,60264.8352897173
SL.GDP.PCAP.EM.KD,Produtividade (PIB por ocupado),CHL,Chile,2017,59242.2894825317
SL.GDP.PCAP.EM.KD,Produtividade (PIB por ocupado),CHL,Chile,2016,60006.3501507094
SL.GDP.PCAP.EM.KD,Produtividade (PIB por ocupado),CHL,Chile,2015,59753.5014934899
SL.GDP.PCAP.EM.KD,Produtividade (PIB por ocupado),CHL,Chile,2014,59524.5143009569
SL.GDP.PCAP.EM.KD,Produtividade (PIB por ocupado),CHL,Chile,2013,59308.8060158672
SL.GDP.PCAP.EM.KD,Produtividade (PIB por ocupado),CHL,Chile,2012,58575.0733913698
SL.GDP.PCAP.EM.KD,Produtividade (PIB por ocupado),CHL,Chile,2011,56359.7644296301
SL.GDP.PCAP.EM.KD,Produtividade (PIB por ocupado),CHL,Chile,2010,55690.3797343864
SL.GDP.PCAP.EM.KD,Produtividade (PIB por ocupado),CHL,Chile,2009,57009.6396848963
SL.GDP.PCAP.EM.KD,Produtividade (PIB por ocupado),CHL,Chile,2008,57072.4089558567
SL.GDP.PCAP.EM.KD,Produtividade (PIB por ocupado),CHL,Chile,2007,56535.6112499221
SL.GDP.PCAP.EM.KD,Produtividade (PIB por ocupado),CHL,Chile,2006,55503.7406797669
SL.GDP.PCAP.EM.KD,Produtividade (PIB por ocupado),CHL,Chile,2005,54552.5901059194
SL.GDP.PCAP.EM.KD,Produtividade (PIB por ocupado),CHL,Chile,2004,53277.5656564277
SL.GDP.PCAP.EM.KD,Produtividade (PIB por ocupado),CHL,Chile,2003,50959.5962963379
SL.GDP.PCAP.EM.KD,Produtividade (PIB por ocupado),CHL,Chile,2002,50236.2091086274
SL.GDP.PCAP.EM.KD,Produtividade (PIB por ocupado),CHL,Chile,2001,49227.8967667631
SL.GDP.PCAP.EM.KD,Produtividade (PIB por ocupado),CHL,Chile,2000,47861.4551996137
SL.GDP.PCAP.EM.KD,Produtividade (PIB por ocupado),CHL,Chile,1999,46161.2200497622
SL.GDP.PCAP.EM.KD,Produtividade (PIB por ocupado),CHL,Chile,1998,45092.399209727
SL.GDP.PCAP.EM.KD,Produtividade (PIB por ocupado),CHL,Chile,1997,44087.4987352764
SL.GDP.PCAP.EM.KD,Produtividade (PIB por ocupado),CHL,Chile,1996,41904.323603961
SL.GDP.PCAP.EM.KD,Produtividade (PIB por ocupado),CHL,Chile,1995,39109.2417295413
SL.GDP.PCAP.EM.KD,Produtividade (PIB por ocupado),CHN,China,2025,48125.7905914578
SL.GDP.PCAP.EM.KD,Produtividade (PIB por ocupado),CHN,China,2024,45833.8320616544
SL.GDP.PCAP.EM.KD,Produtividade (PIB por ocupado),CHN,China,2023,43341.7549241021
SL.GDP.PCAP.EM.KD,Produtividade (PIB por ocupado),CHN,China,2022,41490.0973232747
SL.GDP.PCAP.EM.KD,Produtividade (PIB por ocupado),CHN,China,2021,39480.6030794518
SL.GDP.PCAP.EM.KD,Produtividade (PIB por ocupado),CHN,China,2020,37511.2538690742
SL.GDP.PCAP.EM.KD,Produtividade (PIB por ocupado),CHN,China,2019,35777.3561083629
SL.GDP.PCAP.EM.KD,Produtividade (PIB por ocupado),CHN,China,2018,33601.881230496
SL.GDP.PCAP.EM.KD,Produtividade (PIB por ocupado),CHN,China,2017,31434.3081942008
SL.GDP.PCAP.EM.KD,Produtividade (PIB por ocupado),CHN,China,2016,29369.0509234877
SL.GDP.PCAP.EM.KD,Produtividade (PIB por ocupado),CHN,China,2015,27526.5523497609
SL.GDP.PCAP.EM.KD,Produtividade (PIB por ocupado),CHN,China,2014,25748.3249782549
SL.GDP.PCAP.EM.KD,Produtividade (PIB por ocupado),CHN,China,2013,23987.5447401034
SL.GDP.PCAP.EM.KD,Produtividade (PIB por ocupado),CHN,China,2012,22258.1660487874
SL.GDP.PCAP.EM.KD,Produtividade (PIB por ocupado),CHN,China,2011,20649.7871815335
SL.GDP.PCAP.EM.KD,Produtividade (PIB por ocupado),CHN,China,2010,18968.032610629
SL.GDP.PCAP.EM.KD,Produtividade (PIB por ocupado),CHN,China,2009,17224.2686833564
SL.GDP.PCAP.EM.KD,Produtividade (PIB por ocupado),CHN,China,2008,15770.3192462437
SL.GDP.PCAP.EM.KD,Produtividade (PIB por ocupado),CHN,China,2007,14405.4028216472
SL.GDP.PCAP.EM.KD,Produtividade (PIB por ocupado),CHN,China,2006,12705.2330280599
SL.GDP.PCAP.EM.KD,Produtividade (PIB por ocupado),CHN,China,2005,11398.7566686598
SL.GDP.PCAP.EM.KD,Produtividade (PIB por ocupado),CHN,China,2004,10354.9769503391
SL.GDP.PCAP.EM.KD,Produtividade (PIB por ocupado),CHN,China,2003,9528.69435407477
SL.GDP.PCAP.EM.KD,Produtividade (PIB por ocupado),CHN,China,2002,8738.57740414972
SL.GDP.PCAP.EM.KD,Produtividade (PIB por ocupado),CHN,China,2001,8074.43825873511
SL.GDP.PCAP.EM.KD,Produtividade (PIB por ocupado),CHN,China,2000,7507.66531361923
SL.GDP.PCAP.EM.KD,Produtividade (PIB por ocupado),CHN,China,1999,6977.45425465032
SL.GDP.PCAP.EM.KD,Produtividade (PIB por ocupado),CHN,China,1998,6535.30979224146
SL.GDP.PCAP.EM.KD,Produtividade (PIB por ocupado),CHN,China,1997,6121.34862718866
SL.GDP.PCAP.EM.KD,Produtividade (PIB por ocupado),CHN,China,1996,5661.13318103282
SL.GDP.PCAP.EM.KD,Produtividade (PIB por ocupado),CHN,China,1995,5195.94897974154
SL.GDP.PCAP.EM.KD,Produtividade (PIB por ocupado),COL,Colombia,2025,40368.8099915794
SL.GDP.PCAP.EM.KD,Produtividade (PIB por ocupado),COL,Colombia,2024,40372.6103426888
SL.GDP.PCAP.EM.KD,Produtividade (PIB por ocupado),COL,Colombia,2023,40229.6266119942
SL.GDP.PCAP.EM.KD,Produtividade (PIB por ocupado),COL,Colombia,2022,41331.834908291
SL.GDP.PCAP.EM.KD,Produtividade (PIB por ocupado),COL,Colombia,2021,39876.7885971864
SL.GDP.PCAP.EM.KD,Produtividade (PIB por ocupado),COL,Colombia,2020,38004.1223580052
SL.GDP.PCAP.EM.KD,Produtividade (PIB por ocupado),COL,Colombia,2019,38575.7202575428
SL.GDP.PCAP.EM.KD,Produtividade (PIB por ocupado),COL,Colombia,2018,37412.4444096565
SL.GDP.PCAP.EM.KD,Produtividade (PIB por ocupado),COL,Colombia,2017,36903.5625254914
SL.GDP.PCAP.EM.KD,Produtividade (PIB por ocupado),COL,Colombia,2016,36943.6403776327
SL.GDP.PCAP.EM.KD,Produtividade (PIB por ocupado),COL,Colombia,2015,36355.5637432912
SL.GDP.PCAP.EM.KD,Produtividade (PIB por ocupado),COL,Colombia,2014,35996.4595285993
SL.GDP.PCAP.EM.KD,Produtividade (PIB por ocupado),COL,Colombia,2013,35058.5651371068
SL.GDP.PCAP.EM.KD,Produtividade (PIB por ocupado),COL,Colombia,2012,33807.7059868675
SL.GDP.PCAP.EM.KD,Produtividade (PIB por ocupado),COL,Colombia,2011,33527.118877721
SL.GDP.PCAP.EM.KD,Produtividade (PIB por ocupado),COL,Colombia,2010,32468.6223280651
SL.GDP.PCAP.EM.KD,Produtividade (PIB por ocupado),COL,Colombia,2009,32082.2171363365
SL.GDP.PCAP.EM.KD,Produtividade (PIB por ocupado),COL,Colombia,2008,33476.9968635704
SL.GDP.PCAP.EM.KD,Produtividade (PIB por ocupado),COL,Colombia,2007,33197.4444827689
SL.GDP.PCAP.EM.KD,Produtividade (PIB por ocupado),COL,Colombia,2006,31356.1861554516
SL.GDP.PCAP.EM.KD,Produtividade (PIB por ocupado),COL,Colombia,2005,29660.7179451544
SL.GDP.PCAP.EM.KD,Produtividade (PIB por ocupado),COL,Colombia,2004,29179.166439611
SL.GDP.PCAP.EM.KD,Produtividade (PIB por ocupado),COL,Colombia,2003,27816.1210490088
SL.GDP.PCAP.EM.KD,Produtividade (PIB por ocupado),COL,Colombia,2002,28088.6251305347
SL.GDP.PCAP.EM.KD,Produtividade (PIB por ocupado),COL,Colombia,2001,27740.0672440748
SL.GDP.PCAP.EM.KD,Produtividade (PIB por ocupado),COL,Colombia,2000,29797.6990191525
SL.GDP.PCAP.EM.KD,Produtividade (PIB por ocupado),COL,Colombia,1999,29485.0303761739
SL.GDP.PCAP.EM.KD,Produtividade (PIB por ocupado),COL,Colombia,1998,29333.8936792316
SL.GDP.PCAP.EM.KD,Produtividade (PIB por ocupado),COL,Colombia,1997,28844.1802898625
SL.GDP.PCAP.EM.KD,Produtividade (PIB por ocupado),COL,Colombia,1996,28527.5945413051
SL.GDP.PCAP.EM.KD,Produtividade (PIB por ocupado),COL,Colombia,1995,27664.178952454
SL.GDP.PCAP.EM.KD,Produtividade (PIB por ocupado),ECU,Equador,2025,30171.4017909595
SL.GDP.PCAP.EM.KD,Produtividade (PIB por ocupado),ECU,Equador,2024,29576.665576959
SL.GDP.PCAP.EM.KD,Produtividade (PIB por ocupado),ECU,Equador,2023,30688.7604326757
SL.GDP.PCAP.EM.KD,Produtividade (PIB por ocupado),ECU,Equador,2022,30047.8783723953
SL.GDP.PCAP.EM.KD,Produtividade (PIB por ocupado),ECU,Equador,2021,29089.9519944508
SL.GDP.PCAP.EM.KD,Produtividade (PIB por ocupado),ECU,Equador,2020,29987.4179618235
SL.GDP.PCAP.EM.KD,Produtividade (PIB por ocupado),ECU,Equador,2019,29791.5177746738
SL.GDP.PCAP.EM.KD,Produtividade (PIB por ocupado),ECU,Equador,2018,30166.4745111348
SL.GDP.PCAP.EM.KD,Produtividade (PIB por ocupado),ECU,Equador,2017,30027.8899742913
SL.GDP.PCAP.EM.KD,Produtividade (PIB por ocupado),ECU,Equador,2016,29435.046009244
SL.GDP.PCAP.EM.KD,Produtividade (PIB por ocupado),ECU,Equador,2015,30915.7821775165
SL.GDP.PCAP.EM.KD,Produtividade (PIB por ocupado),ECU,Equador,2014,33040.1245131613
SL.GDP.PCAP.EM.KD,Produtividade (PIB por ocupado),ECU,Equador,2013,32438.7733167125
SL.GDP.PCAP.EM.KD,Produtividade (PIB por ocupado),ECU,Equador,2012,30867.3675639499
SL.GDP.PCAP.EM.KD,Produtividade (PIB por ocupado),ECU,Equador,2011,30218.4714144992
SL.GDP.PCAP.EM.KD,Produtividade (PIB por ocupado),ECU,Equador,2010,28257.101557202
SL.GDP.PCAP.EM.KD,Produtividade (PIB por ocupado),ECU,Equador,2009,27356.3365979101
SL.GDP.PCAP.EM.KD,Produtividade (PIB por ocupado),ECU,Equador,2008,26444.9469168906
SL.GDP.PCAP.EM.KD,Produtividade (PIB por ocupado),ECU,Equador,2007,25121.2696729719
SL.GDP.PCAP.EM.KD,Produtividade (PIB por ocupado),ECU,Equador,2006,24911.3635033127
SL.GDP.PCAP.EM.KD,Produtividade (PIB por ocupado),ECU,Equador,2005,24862.6945912657
SL.GDP.PCAP.EM.KD,Produtividade (PIB por ocupado),ECU,Equador,2004,24287.2533728742
SL.GDP.PCAP.EM.KD,Produtividade (PIB por ocupado),ECU,Equador,2003,24204.7738759472
SL.GDP.PCAP.EM.KD,Produtividade (PIB por ocupado),ECU,Equador,2002,24101.143599706
SL.GDP.PCAP.EM.KD,Produtividade (PIB por ocupado),ECU,Equador,2001,23593.0971472557
SL.GDP.PCAP.EM.KD,Produtividade (PIB por ocupado),ECU,Equador,2000,23529.5894437997
SL.GDP.PCAP.EM.KD,Produtividade (PIB por ocupado),ECU,Equador,1999,23238.1348473721
SL.GDP.PCAP.EM.KD,Produtividade (PIB por ocupado),ECU,Equador,1998,24356.5964937546
SL.GDP.PCAP.EM.KD,Produtividade (PIB por ocupado),ECU,Equador,1997,24955.5899976469
SL.GDP.PCAP.EM.KD,Produtividade (PIB por ocupado),ECU,Equador,1996,24788.3044157606
SL.GDP.PCAP.EM.KD,Produtividade (PIB por ocupado),ECU,Equador,1995,24946.1874684762
SL.GDP.PCAP.EM.KD,Produtividade (PIB por ocupado),IDN,Indonesia,2025,30291.797766006
SL.GDP.PCAP.EM.KD,Produtividade (PIB por ocupado),IDN,Indonesia,2024,29217.2839080348
SL.GDP.PCAP.EM.KD,Produtividade (PIB por ocupado),IDN,Indonesia,2023,28184.2519612783
SL.GDP.PCAP.EM.KD,Produtividade (PIB por ocupado),IDN,Indonesia,2022,27580.8021477977
SL.GDP.PCAP.EM.KD,Produtividade (PIB por ocupado),IDN,Indonesia,2021,27058.2834906026
SL.GDP.PCAP.EM.KD,Produtividade (PIB por ocupado),IDN,Indonesia,2020,25884.2787740597
SL.GDP.PCAP.EM.KD,Produtividade (PIB por ocupado),IDN,Indonesia,2019,26237.972652883
SL.GDP.PCAP.EM.KD,Produtividade (PIB por ocupado),IDN,Indonesia,2018,25734.2242950276
SL.GDP.PCAP.EM.KD,Produtividade (PIB por ocupado),IDN,Indonesia,2017,24981.5489612606
SL.GDP.PCAP.EM.KD,Produtividade (PIB por ocupado),IDN,Indonesia,2016,24358.5988130577
SL.GDP.PCAP.EM.KD,Produtividade (PIB por ocupado),IDN,Indonesia,2015,23462.490158459
SL.GDP.PCAP.EM.KD,Produtividade (PIB por ocupado),IDN,Indonesia,2014,22556.1121472951
SL.GDP.PCAP.EM.KD,Produtividade (PIB por ocupado),IDN,Indonesia,2013,21813.8602585321
SL.GDP.PCAP.EM.KD,Produtividade (PIB por ocupado),IDN,Indonesia,2012,20802.9309394067
SL.GDP.PCAP.EM.KD,Produtividade (PIB por ocupado),IDN,Indonesia,2011,20220.2222998771
SL.GDP.PCAP.EM.KD,Produtividade (PIB por ocupado),IDN,Indonesia,2010,19533.7825833436
SL.GDP.PCAP.EM.KD,Produtividade (PIB por ocupado),IDN,Indonesia,2009,18928.1391156703
SL.GDP.PCAP.EM.KD,Produtividade (PIB por ocupado),IDN,Indonesia,2008,18504.4882656508
SL.GDP.PCAP.EM.KD,Produtividade (PIB por ocupado),IDN,Indonesia,2007,17939.3788308348
SL.GDP.PCAP.EM.KD,Produtividade (PIB por ocupado),IDN,Indonesia,2006,17590.1869014914
SL.GDP.PCAP.EM.KD,Produtividade (PIB por ocupado),IDN,Indonesia,2005,16978.0996165071
SL.GDP.PCAP.EM.KD,Produtividade (PIB por ocupado),IDN,Indonesia,2004,15910.66312492
SL.GDP.PCAP.EM.KD,Produtividade (PIB por ocupado),IDN,Indonesia,2003,15311.7258542114
SL.GDP.PCAP.EM.KD,Produtividade (PIB por ocupado),IDN,Indonesia,2002,14805.778453663
SL.GDP.PCAP.EM.KD,Produtividade (PIB por ocupado),IDN,Indonesia,2001,14109.4896187141
SL.GDP.PCAP.EM.KD,Produtividade (PIB por ocupado),IDN,Indonesia,2000,13753.383889271
SL.GDP.PCAP.EM.KD,Produtividade (PIB por ocupado),IDN,Indonesia,1999,13532.0739695312
SL.GDP.PCAP.EM.KD,Produtividade (PIB por ocupado),IDN,Indonesia,1998,13654.6518186482
SL.GDP.PCAP.EM.KD,Produtividade (PIB por ocupado),IDN,Indonesia,1997,16093.8517604167
SL.GDP.PCAP.EM.KD,Produtividade (PIB por ocupado),IDN,Indonesia,1996,15640.6849869155
SL.GDP.PCAP.EM.KD,Produtividade (PIB por ocupado),IDN,Indonesia,1995,14827.4878731667
SL.GDP.PCAP.EM.KD,Produtividade (PIB por ocupado),IND,India,2025,24842.1119490755
SL.GDP.PCAP.EM.KD,Produtividade (PIB por ocupado),IND,India,2024,23429.8477381713
SL.GDP.PCAP.EM.KD,Produtividade (PIB por ocupado),IND,India,2023,22582.0964727472
SL.GDP.PCAP.EM.KD,Produtividade (PIB por ocupado),IND,India,2022,21964.7753232287
SL.GDP.PCAP.EM.KD,Produtividade (PIB por ocupado),IND,India,2021,21460.2691959796
SL.GDP.PCAP.EM.KD,Produtividade (PIB por ocupado),IND,India,2020,20543.8762833094
SL.GDP.PCAP.EM.KD,Produtividade (PIB por ocupado),IND,India,2019,21535.8985611436
SL.GDP.PCAP.EM.KD,Produtividade (PIB por ocupado),IND,India,2018,21272.9779279124
SL.GDP.PCAP.EM.KD,Produtividade (PIB por ocupado),IND,India,2017,20270.3642359311
SL.GDP.PCAP.EM.KD,Produtividade (PIB por ocupado),IND,India,2016,19277.2075746302
SL.GDP.PCAP.EM.KD,Produtividade (PIB por ocupado),IND,India,2015,18096.8340610048
SL.GDP.PCAP.EM.KD,Produtividade (PIB por ocupado),IND,India,2014,17032.7180590912
SL.GDP.PCAP.EM.KD,Produtividade (PIB por ocupado),IND,India,2013,16130.0556077293
SL.GDP.PCAP.EM.KD,Produtividade (PIB por ocupado),IND,India,2012,15422.8605300688
SL.GDP.PCAP.EM.KD,Produtividade (PIB por ocupado),IND,India,2011,14749.5621404144
SL.GDP.PCAP.EM.KD,Produtividade (PIB por ocupado),IND,India,2010,14148.3261806979
SL.GDP.PCAP.EM.KD,Produtividade (PIB por ocupado),IND,India,2009,13113.9684209335
SL.GDP.PCAP.EM.KD,Produtividade (PIB por ocupado),IND,India,2008,12220.5930034592
SL.GDP.PCAP.EM.KD,Produtividade (PIB por ocupado),IND,India,2007,11905.6191102788
SL.GDP.PCAP.EM.KD,Produtividade (PIB por ocupado),IND,India,2006,11120.5715324184
SL.GDP.PCAP.EM.KD,Produtividade (PIB por ocupado),IND,India,2005,10353.6695989055
SL.GDP.PCAP.EM.KD,Produtividade (PIB por ocupado),IND,India,2004,9792.37058100238
SL.GDP.PCAP.EM.KD,Produtividade (PIB por ocupado),IND,India,2003,9265.45112010584
SL.GDP.PCAP.EM.KD,Produtividade (PIB por ocupado),IND,India,2002,8773.84842406032
SL.GDP.PCAP.EM.KD,Produtividade (PIB por ocupado),IND,India,2001,8628.70238972673
SL.GDP.PCAP.EM.KD,Produtividade (PIB por ocupado),IND,India,2000,8413.48091553913
SL.GDP.PCAP.EM.KD,Produtividade (PIB por ocupado),IND,India,1999,8351.80683416669
SL.GDP.PCAP.EM.KD,Produtividade (PIB por ocupado),IND,India,1998,7913.24807118474
SL.GDP.PCAP.EM.KD,Produtividade (PIB por ocupado),IND,India,1997,7683.44516012234
SL.GDP.PCAP.EM.KD,Produtividade (PIB por ocupado),IND,India,1996,7612.55497254728
SL.GDP.PCAP.EM.KD,Produtividade (PIB por ocupado),IND,India,1995,7302.26244339283
SL.GDP.PCAP.EM.KD,Produtividade (PIB por ocupado),MEX,Mexico,2025,48140.6093010366
SL.GDP.PCAP.EM.KD,Produtividade (PIB por ocupado),MEX,Mexico,2024,48517.9012787279
SL.GDP.PCAP.EM.KD,Produtividade (PIB por ocupado),MEX,Mexico,2023,48506.5317617392
SL.GDP.PCAP.EM.KD,Produtividade (PIB por ocupado),MEX,Mexico,2022,48576.7972491116
SL.GDP.PCAP.EM.KD,Produtividade (PIB por ocupado),MEX,Mexico,2021,48605.8099837259
SL.GDP.PCAP.EM.KD,Produtividade (PIB por ocupado),MEX,Mexico,2020,49432.4171144825
SL.GDP.PCAP.EM.KD,Produtividade (PIB por ocupado),MEX,Mexico,2019,49950.1181473269
SL.GDP.PCAP.EM.KD,Produtividade (PIB por ocupado),MEX,Mexico,2018,51377.9719656986
SL.GDP.PCAP.EM.KD,Produtividade (PIB por ocupado),MEX,Mexico,2017,51419.0082643857
SL.GDP.PCAP.EM.KD,Produtividade (PIB por ocupado),MEX,Mexico,2016,51285.0581930396
SL.GDP.PCAP.EM.KD,Produtividade (PIB por ocupado),MEX,Mexico,2015,51302.9423635393
SL.GDP.PCAP.EM.KD,Produtividade (PIB por ocupado),MEX,Mexico,2014,51083.6659562272
SL.GDP.PCAP.EM.KD,Produtividade (PIB por ocupado),MEX,Mexico,2013,50273.1391699486
SL.GDP.PCAP.EM.KD,Produtividade (PIB por ocupado),MEX,Mexico,2012,50566.2667194536
SL.GDP.PCAP.EM.KD,Produtividade (PIB por ocupado),MEX,Mexico,2011,50469.7074843699
SL.GDP.PCAP.EM.KD,Produtividade (PIB por ocupado),MEX,Mexico,2010,49942.856400589
SL.GDP.PCAP.EM.KD,Produtividade (PIB por ocupado),MEX,Mexico,2009,48458.7337074434
SL.GDP.PCAP.EM.KD,Produtividade (PIB por ocupado),MEX,Mexico,2008,51927.9663550734
SL.GDP.PCAP.EM.KD,Produtividade (PIB por ocupado),MEX,Mexico,2007,52168.9934698883
SL.GDP.PCAP.EM.KD,Produtividade (PIB por ocupado),MEX,Mexico,2006,52199.8200854885
SL.GDP.PCAP.EM.KD,Produtividade (PIB por ocupado),MEX,Mexico,2005,51482.2275169756
SL.GDP.PCAP.EM.KD,Produtividade (PIB por ocupado),MEX,Mexico,2004,52313.987115671
SL.GDP.PCAP.EM.KD,Produtividade (PIB por ocupado),MEX,Mexico,2003,51784.1037207636
SL.GDP.PCAP.EM.KD,Produtividade (PIB por ocupado),MEX,Mexico,2002,52315.0940660191
SL.GDP.PCAP.EM.KD,Produtividade (PIB por ocupado),MEX,Mexico,2001,52913.7258140569
SL.GDP.PCAP.EM.KD,Produtividade (PIB por ocupado),MEX,Mexico,2000,53741.8516984315
SL.GDP.PCAP.EM.KD,Produtividade (PIB por ocupado),MEX,Mexico,1999,52172.058197743
SL.GDP.PCAP.EM.KD,Produtividade (PIB por ocupado),MEX,Mexico,1998,51869.5901871239
SL.GDP.PCAP.EM.KD,Produtividade (PIB por ocupado),MEX,Mexico,1997,49989.6608587188
SL.GDP.PCAP.EM.KD,Produtividade (PIB por ocupado),MEX,Mexico,1996,49438.4753585256
SL.GDP.PCAP.EM.KD,Produtividade (PIB por ocupado),MEX,Mexico,1995,48561.0516483689
SL.GDP.PCAP.EM.KD,Produtividade (PIB por ocupado),PER,Peru,2025,30450.983159874
SL.GDP.PCAP.EM.KD,Produtividade (PIB por ocupado),PER,Peru,2024,29934.1841863048
SL.GDP.PCAP.EM.KD,Produtividade (PIB por ocupado),PER,Peru,2023,29342.1898804798
SL.GDP.PCAP.EM.KD,Produtividade (PIB por ocupado),PER,Peru,2022,29028.3987807416
SL.GDP.PCAP.EM.KD,Produtividade (PIB por ocupado),PER,Peru,2021,29912.1650583707
SL.GDP.PCAP.EM.KD,Produtividade (PIB por ocupado),PER,Peru,2020,28551.8937094538
SL.GDP.PCAP.EM.KD,Produtividade (PIB por ocupado),PER,Peru,2019,27917.5665153655
SL.GDP.PCAP.EM.KD,Produtividade (PIB por ocupado),PER,Peru,2018,28055.0776487141
SL.GDP.PCAP.EM.KD,Produtividade (PIB por ocupado),PER,Peru,2017,27775.0556860944
SL.GDP.PCAP.EM.KD,Produtividade (PIB por ocupado),PER,Peru,2016,28234.4183620771
SL.GDP.PCAP.EM.KD,Produtividade (PIB por ocupado),PER,Peru,2015,27319.9620877851
SL.GDP.PCAP.EM.KD,Produtividade (PIB por ocupado),PER,Peru,2014,26462.5755593946
SL.GDP.PCAP.EM.KD,Produtividade (PIB por ocupado),PER,Peru,2013,26058.7535879
SL.GDP.PCAP.EM.KD,Produtividade (PIB por ocupado),PER,Peru,2012,24685.4059541852
SL.GDP.PCAP.EM.KD,Produtividade (PIB por ocupado),PER,Peru,2011,23571.2173297161
SL.GDP.PCAP.EM.KD,Produtividade (PIB por ocupado),PER,Peru,2010,22318.0644789266
SL.GDP.PCAP.EM.KD,Produtividade (PIB por ocupado),PER,Peru,2009,21117.4347073842
SL.GDP.PCAP.EM.KD,Produtividade (PIB por ocupado),PER,Peru,2008,21267.9895204381
SL.GDP.PCAP.EM.KD,Produtividade (PIB por ocupado),PER,Peru,2007,19767.5342542199
SL.GDP.PCAP.EM.KD,Produtividade (PIB por ocupado),PER,Peru,2006,19013.577403193
SL.GDP.PCAP.EM.KD,Produtividade (PIB por ocupado),PER,Peru,2005,18847.4234925699
SL.GDP.PCAP.EM.KD,Produtividade (PIB por ocupado),PER,Peru,2004,18271.5088908591
SL.GDP.PCAP.EM.KD,Produtividade (PIB por ocupado),PER,Peru,2003,17896.1835884751
SL.GDP.PCAP.EM.KD,Produtividade (PIB por ocupado),PER,Peru,2002,17928.1093171976
SL.GDP.PCAP.EM.KD,Produtividade (PIB por ocupado),PER,Peru,2001,17690.4168249669
SL.GDP.PCAP.EM.KD,Produtividade (PIB por ocupado),PER,Peru,2000,18788.3733292312
SL.GDP.PCAP.EM.KD,Produtividade (PIB por ocupado),PER,Peru,1999,18102.6439689511
SL.GDP.PCAP.EM.KD,Produtividade (PIB por ocupado),PER,Peru,1998,18678.7306625214
SL.GDP.PCAP.EM.KD,Produtividade (PIB por ocupado),PER,Peru,1997,19526.5685036038
SL.GDP.PCAP.EM.KD,Produtividade (PIB por ocupado),PER,Peru,1996,19268.7268772472
SL.GDP.PCAP.EM.KD,Produtividade (PIB por ocupado),PER,Peru,1995,19633.5431556254
SL.GDP.PCAP.EM.KD,Produtividade (PIB por ocupado),TUR,Turquia,2025,94941.9657873127
SL.GDP.PCAP.EM.KD,Produtividade (PIB por ocupado),TUR,Turquia,2024,93114.9478117046
SL.GDP.PCAP.EM.KD,Produtividade (PIB por ocupado),TUR,Turquia,2023,92879.6081132764
SL.GDP.PCAP.EM.KD,Produtividade (PIB por ocupado),TUR,Turquia,2022,90689.4498626247
SL.GDP.PCAP.EM.KD,Produtividade (PIB por ocupado),TUR,Turquia,2021,91634.5087235411
SL.GDP.PCAP.EM.KD,Produtividade (PIB por ocupado),TUR,Turquia,2020,87565.2962580847
SL.GDP.PCAP.EM.KD,Produtividade (PIB por ocupado),TUR,Turquia,2019,81669.732509391
SL.GDP.PCAP.EM.KD,Produtividade (PIB por ocupado),TUR,Turquia,2018,79009.088365638
SL.GDP.PCAP.EM.KD,Produtividade (PIB por ocupado),TUR,Turquia,2017,78129.1890317527
SL.GDP.PCAP.EM.KD,Produtividade (PIB por ocupado),TUR,Turquia,2016,74788.5839730779
SL.GDP.PCAP.EM.KD,Produtividade (PIB por ocupado),TUR,Turquia,2015,74170.6563600224
SL.GDP.PCAP.EM.KD,Produtividade (PIB por ocupado),TUR,Turquia,2014,72219.3913488509
SL.GDP.PCAP.EM.KD,Produtividade (PIB por ocupado),TUR,Turquia,2013,69779.0365397938
SL.GDP.PCAP.EM.KD,Produtividade (PIB por ocupado),TUR,Turquia,2012,66289.9570660681
SL.GDP.PCAP.EM.KD,Produtividade (PIB por ocupado),TUR,Turquia,2011,64927.27453186
SL.GDP.PCAP.EM.KD,Produtividade (PIB por ocupado),TUR,Turquia,2010,62432.6091262629
SL.GDP.PCAP.EM.KD,Produtividade (PIB por ocupado),TUR,Turquia,2009,61367.1483248039
SL.GDP.PCAP.EM.KD,Produtividade (PIB por ocupado),TUR,Turquia,2008,64872.1629656488
SL.GDP.PCAP.EM.KD,Produtividade (PIB por ocupado),TUR,Turquia,2007,65872.9551764736
SL.GDP.PCAP.EM.KD,Produtividade (PIB por ocupado),TUR,Turquia,2006,62998.2184530261
SL.GDP.PCAP.EM.KD,Produtividade (PIB por ocupado),TUR,Turquia,2005,59833.3975027674
SL.GDP.PCAP.EM.KD,Produtividade (PIB por ocupado),TUR,Turquia,2004,56017.2773429677
SL.GDP.PCAP.EM.KD,Produtividade (PIB por ocupado),TUR,Turquia,2003,49507.1506142164
SL.GDP.PCAP.EM.KD,Produtividade (PIB por ocupado),TUR,Turquia,2002,46355.9188665891
SL.GDP.PCAP.EM.KD,Produtividade (PIB por ocupado),TUR,Turquia,2001,43221.0069252536
SL.GDP.PCAP.EM.KD,Produtividade (PIB por ocupado),TUR,Turquia,2000,45584.2068227559
SL.GDP.PCAP.EM.KD,Produtividade (PIB por ocupado),TUR,Turquia,1999,41768.9435598457
SL.GDP.PCAP.EM.KD,Produtividade (PIB por ocupado),TUR,Turquia,1998,43582.9871732248
SL.GDP.PCAP.EM.KD,Produtividade (PIB por ocupado),TUR,Turquia,1997,43936.4246246947
SL.GDP.PCAP.EM.KD,Produtividade (PIB por ocupado),TUR,Turquia,1996,40893.139639396
SL.GDP.PCAP.EM.KD,Produtividade (PIB por ocupado),TUR,Turquia,1995,39245.9096770481
SL.GDP.PCAP.EM.KD,Produtividade (PIB por ocupado),,Upper middle income,2025,45649.6117468483
SL.GDP.PCAP.EM.KD,Produtividade (PIB por ocupado),,Upper middle income,2024,44097.6540344613
SL.GDP.PCAP.EM.KD,Produtividade (PIB por ocupado),,Upper middle income,2023,42458.737219923
SL.GDP.PCAP.EM.KD,Produtividade (PIB por ocupado),,Upper middle income,2022,41250.5501513031
SL.GDP.PCAP.EM.KD,Produtividade (PIB por ocupado),,Upper middle income,2021,40185.0423770018
SL.GDP.PCAP.EM.KD,Produtividade (PIB por ocupado),,Upper middle income,2020,38591.422070678
SL.GDP.PCAP.EM.KD,Produtividade (PIB por ocupado),,Upper middle income,2019,37679.2325099389
SL.GDP.PCAP.EM.KD,Produtividade (PIB por ocupado),,Upper middle income,2018,36404.5816974094
SL.GDP.PCAP.EM.KD,Produtividade (PIB por ocupado),,Upper middle income,2017,35028.2566892798
SL.GDP.PCAP.EM.KD,Produtividade (PIB por ocupado),,Upper middle income,2016,33486.0152473821
SL.GDP.PCAP.EM.KD,Produtividade (PIB por ocupado),,Upper middle income,2015,32182.4005871509
SL.GDP.PCAP.EM.KD,Produtividade (PIB por ocupado),,Upper middle income,2014,31102.8204753917
SL.GDP.PCAP.EM.KD,Produtividade (PIB por ocupado),,Upper middle income,2013,29933.5796877392
SL.GDP.PCAP.EM.KD,Produtividade (PIB por ocupado),,Upper middle income,2012,28561.9195805633
SL.GDP.PCAP.EM.KD,Produtividade (PIB por ocupado),,Upper middle income,2011,27358.0447630823
SL.GDP.PCAP.EM.KD,Produtividade (PIB por ocupado),,Upper middle income,2010,25991.7668780052
SL.GDP.PCAP.EM.KD,Produtividade (PIB por ocupado),,Upper middle income,2009,24299.9251089856
SL.GDP.PCAP.EM.KD,Produtividade (PIB por ocupado),,Upper middle income,2008,23840.8238204315
SL.GDP.PCAP.EM.KD,Produtividade (PIB por ocupado),,Upper middle income,2007,22749.1747765629
SL.GDP.PCAP.EM.KD,Produtividade (PIB por ocupado),,Upper middle income,2006,21204.0905131348
SL.GDP.PCAP.EM.KD,Produtividade (PIB por ocupado),,Upper middle income,2005,19925.9620841774
SL.GDP.PCAP.EM.KD,Produtividade (PIB por ocupado),,Upper middle income,2004,18888.9723498064
SL.GDP.PCAP.EM.KD,Produtividade (PIB por ocupado),,Upper middle income,2003,17824.7077199533
SL.GDP.PCAP.EM.KD,Produtividade (PIB por ocupado),,Upper middle income,2002,17110.9304382202
SL.GDP.PCAP.EM.KD,Produtividade (PIB por ocupado),,Upper middle income,2001,16529.3784807959
SL.GDP.PCAP.EM.KD,Produtividade (PIB por ocupado),,Upper middle income,2000,16206.4669093312
SL.GDP.PCAP.EM.KD,Produtividade (PIB por ocupado),,Upper middle income,1999,15518.3062481882
SL.GDP.PCAP.EM.KD,Produtividade (PIB por ocupado),,Upper middle income,1998,15245.7869262017
SL.GDP.PCAP.EM.KD,Produtividade (PIB por ocupado),,Upper middle income,1997,15138.6360015764
SL.GDP.PCAP.EM.KD,Produtividade (PIB por ocupado),,Upper middle income,1996,14559.0308698199
SL.GDP.PCAP.EM.KD,Produtividade (PIB por ocupado),,Upper middle income,1995,13935.4666080972
SL.GDP.PCAP.EM.KD,Produtividade (PIB por ocupado),ZAF,Africa do Sul,2025,48694.0639219057
SL.GDP.PCAP.EM.KD,Produtividade (PIB por ocupado),ZAF,Africa do Sul,2024,48752.0959349709
SL.GDP.PCAP.EM.KD,Produtividade (PIB por ocupado),ZAF,Africa do Sul,2023,49595.87018629
SL.GDP.PCAP.EM.KD,Produtividade (PIB por ocupado),ZAF,Africa do Sul,2022,52339.7859434345
SL.GDP.PCAP.EM.KD,Produtividade (PIB por ocupado),ZAF,Africa do Sul,2021,54304.1684288751
SL.GDP.PCAP.EM.KD,Produtividade (PIB por ocupado),ZAF,Africa do Sul,2020,50731.5758949678
SL.GDP.PCAP.EM.KD,Produtividade (PIB por ocupado),ZAF,Africa do Sul,2019,50027.0502468781
SL.GDP.PCAP.EM.KD,Produtividade (PIB por ocupado),ZAF,Africa do Sul,2018,50033.6304541997
SL.GDP.PCAP.EM.KD,Produtividade (PIB por ocupado),ZAF,Africa do Sul,2017,50294.5566240456
SL.GDP.PCAP.EM.KD,Produtividade (PIB por ocupado),ZAF,Africa do Sul,2016,50336.1073759664
SL.GDP.PCAP.EM.KD,Produtividade (PIB por ocupado),ZAF,Africa do Sul,2015,49639.4778358874
SL.GDP.PCAP.EM.KD,Produtividade (PIB por ocupado),ZAF,Africa do Sul,2014,51147.5088687265
SL.GDP.PCAP.EM.KD,Produtividade (PIB por ocupado),ZAF,Africa do Sul,2013,51415.2343815344
SL.GDP.PCAP.EM.KD,Produtividade (PIB por ocupado),ZAF,Africa do Sul,2012,51826.9379174847
SL.GDP.PCAP.EM.KD,Produtividade (PIB por ocupado),ZAF,Africa do Sul,2011,51798.886065775
SL.GDP.PCAP.EM.KD,Produtividade (PIB por ocupado),ZAF,Africa do Sul,2010,50970.7683274615
SL.GDP.PCAP.EM.KD,Produtividade (PIB por ocupado),ZAF,Africa do Sul,2009,47937.2074335112
SL.GDP.PCAP.EM.KD,Produtividade (PIB por ocupado),ZAF,Africa do Sul,2008,47128.2244652394
SL.GDP.PCAP.EM.KD,Produtividade (PIB por ocupado),ZAF,Africa do Sul,2007,46239.8605134344
SL.GDP.PCAP.EM.KD,Produtividade (PIB por ocupado),ZAF,Africa do Sul,2006,44536.7591722291
SL.GDP.PCAP.EM.KD,Produtividade (PIB por ocupado),ZAF,Africa do Sul,2005,42877.0987817891
SL.GDP.PCAP.EM.KD,Produtividade (PIB por ocupado),ZAF,Africa do Sul,2004,41408.5772730647
SL.GDP.PCAP.EM.KD,Produtividade (PIB por ocupado),ZAF,Africa do Sul,2003,40332.1733707017
SL.GDP.PCAP.EM.KD,Produtividade (PIB por ocupado),ZAF,Africa do Sul,2002,39833.9064310103
SL.GDP.PCAP.EM.KD,Produtividade (PIB por ocupado),ZAF,Africa do Sul,2001,39151.7242756498
SL.GDP.PCAP.EM.KD,Produtividade (PIB por ocupado),ZAF,Africa do Sul,2000,38857.887144065
SL.GDP.PCAP.EM.KD,Produtividade (PIB por ocupado),ZAF,Africa do Sul,1999,38006.9894680618
SL.GDP.PCAP.EM.KD,Produtividade (PIB por ocupado),ZAF,Africa do Sul,1998,37768.1523471464
SL.GDP.PCAP.EM.KD,Produtividade (PIB por ocupado),ZAF,Africa do Sul,1997,38239.1003109132
SL.GDP.PCAP.EM.KD,Produtividade (PIB por ocupado),ZAF,Africa do Sul,1996,37813.228256288
SL.GDP.PCAP.EM.KD,Produtividade (PIB por ocupado),ZAF,Africa do Sul,1995,36807.3271923463
NE.GDI.TOTL.ZS,Investimento / PIB (%),ARG,Argentina,2025,16.1135884834348
NE.GDI.TOTL.ZS,Investimento / PIB (%),ARG,Argentina,2024,15.8378002382311
NE.GDI.TOTL.ZS,Investimento / PIB (%),ARG,Argentina,2023,19.3822632919135
NE.GDI.TOTL.ZS,Investimento / PIB (%),ARG,Argentina,2022,17.3855861358427
NE.GDI.TOTL.ZS,Investimento / PIB (%),ARG,Argentina,2021,18.0762892471421
NE.GDI.TOTL.ZS,Investimento / PIB (%),ARG,Argentina,2020,14.4151557410245
NE.GDI.TOTL.ZS,Investimento / PIB (%),ARG,Argentina,2019,14.2100303992191
NE.GDI.TOTL.ZS,Investimento / PIB (%),ARG,Argentina,2018,16.6138850156371
NE.GDI.TOTL.ZS,Investimento / PIB (%),ARG,Argentina,2017,18.2125671747754
NE.GDI.TOTL.ZS,Investimento / PIB (%),ARG,Argentina,2016,17.6632278606203
NE.GDI.TOTL.ZS,Investimento / PIB (%),ARG,Argentina,2015,17.0707048841583
NE.GDI.TOTL.ZS,Investimento / PIB (%),ARG,Argentina,2014,17.2628810064651
NE.GDI.TOTL.ZS,Investimento / PIB (%),ARG,Argentina,2013,17.3057789012596
NE.GDI.TOTL.ZS,Investimento / PIB (%),ARG,Argentina,2012,16.5019865298875
NE.GDI.TOTL.ZS,Investimento / PIB (%),ARG,Argentina,2011,18.39845891735
NE.GDI.TOTL.ZS,Investimento / PIB (%),ARG,Argentina,2010,17.7055338062046
NE.GDI.TOTL.ZS,Investimento / PIB (%),ARG,Argentina,2009,16.0531123592112
NE.GDI.TOTL.ZS,Investimento / PIB (%),ARG,Argentina,2008,19.5727758777106
NE.GDI.TOTL.ZS,Investimento / PIB (%),ARG,Argentina,2007,20.099113202908
NE.GDI.TOTL.ZS,Investimento / PIB (%),ARG,Argentina,2006,18.6804872364334
NE.GDI.TOTL.ZS,Investimento / PIB (%),ARG,Argentina,2005,18.8882641376513
NE.GDI.TOTL.ZS,Investimento / PIB (%),ARG,Argentina,2004,17.5512703642799
NE.GDI.TOTL.ZS,Investimento / PIB (%),ARG,Argentina,2003,14.1469621012504
NE.GDI.TOTL.ZS,Investimento / PIB (%),ARG,Argentina,2002,10.8539052402585
NE.GDI.TOTL.ZS,Investimento / PIB (%),ARG,Argentina,2001,15.6259653308051
NE.GDI.TOTL.ZS,Investimento / PIB (%),ARG,Argentina,2000,17.5334874363903
NE.GDI.TOTL.ZS,Investimento / PIB (%),ARG,Argentina,1999,17.8629278753399
NE.GDI.TOTL.ZS,Investimento / PIB (%),ARG,Argentina,1998,20.9707691548621
NE.GDI.TOTL.ZS,Investimento / PIB (%),ARG,Argentina,1997,20.8260515469902
NE.GDI.TOTL.ZS,Investimento / PIB (%),ARG,Argentina,1996,19.6238724452255
NE.GDI.TOTL.ZS,Investimento / PIB (%),ARG,Argentina,1995,18.5004105114971
NE.GDI.TOTL.ZS,Investimento / PIB (%),BRA,Brasil,2025,17.0759965150742
NE.GDI.TOTL.ZS,Investimento / PIB (%),BRA,Brasil,2024,16.9814356044398
NE.GDI.TOTL.ZS,Investimento / PIB (%),BRA,Brasil,2023,15.7606472065087
NE.GDI.TOTL.ZS,Investimento / PIB (%),BRA,Brasil,2022,18.0882204442366
NE.GDI.TOTL.ZS,Investimento / PIB (%),BRA,Brasil,2021,19.5218850206383
NE.GDI.TOTL.ZS,Investimento / PIB (%),BRA,Brasil,2020,16.1158206039466
NE.GDI.TOTL.ZS,Investimento / PIB (%),BRA,Brasil,2019,15.5167908009424
NE.GDI.TOTL.ZS,Investimento / PIB (%),BRA,Brasil,2018,15.0950416291605
NE.GDI.TOTL.ZS,Investimento / PIB (%),BRA,Brasil,2017,14.6255875978858
NE.GDI.TOTL.ZS,Investimento / PIB (%),BRA,Brasil,2016,14.9695469721031
NE.GDI.TOTL.ZS,Investimento / PIB (%),BRA,Brasil,2015,17.4116258675005
NE.GDI.TOTL.ZS,Investimento / PIB (%),BRA,Brasil,2014,20.5484107553739
NE.GDI.TOTL.ZS,Investimento / PIB (%),BRA,Brasil,2013,21.6937669568432
NE.GDI.TOTL.ZS,Investimento / PIB (%),BRA,Brasil,2012,21.4172253691912
NE.GDI.TOTL.ZS,Investimento / PIB (%),BRA,Brasil,2011,21.8262711166856
NE.GDI.TOTL.ZS,Investimento / PIB (%),BRA,Brasil,2010,21.8013215585586
NE.GDI.TOTL.ZS,Investimento / PIB (%),BRA,Brasil,2009,18.796135029807
NE.GDI.TOTL.ZS,Investimento / PIB (%),BRA,Brasil,2008,21.6193828541669
NE.GDI.TOTL.ZS,Investimento / PIB (%),BRA,Brasil,2007,19.8193259830854
NE.GDI.TOTL.ZS,Investimento / PIB (%),BRA,Brasil,2006,17.8164738793472
NE.GDI.TOTL.ZS,Investimento / PIB (%),BRA,Brasil,2005,17.2048834494962
NE.GDI.TOTL.ZS,Investimento / PIB (%),BRA,Brasil,2004,17.9125683422575
NE.GDI.TOTL.ZS,Investimento / PIB (%),BRA,Brasil,2003,16.8566884007152
NE.GDI.TOTL.ZS,Investimento / PIB (%),BRA,Brasil,2002,17.4490794834956
NE.GDI.TOTL.ZS,Investimento / PIB (%),BRA,Brasil,2001,18.7418602950836
NE.GDI.TOTL.ZS,Investimento / PIB (%),BRA,Brasil,2000,18.9031192683871
NE.GDI.TOTL.ZS,Investimento / PIB (%),BRA,Brasil,1999,17.3895597435179
NE.GDI.TOTL.ZS,Investimento / PIB (%),BRA,Brasil,1998,18.1647519194741
NE.GDI.TOTL.ZS,Investimento / PIB (%),BRA,Brasil,1997,17.7639856110956
NE.GDI.TOTL.ZS,Investimento / PIB (%),BRA,Brasil,1996,17.2669463759545
NE.GDI.TOTL.ZS,Investimento / PIB (%),BRA,Brasil,1995,17.2923463458623
NE.GDI.TOTL.ZS,Investimento / PIB (%),CHL,Chile,2025,24.0570386136924
NE.GDI.TOTL.ZS,Investimento / PIB (%),CHL,Chile,2024,23.1192669583529
NE.GDI.TOTL.ZS,Investimento / PIB (%),CHL,Chile,2023,23.3331278198537
NE.GDI.TOTL.ZS,Investimento / PIB (%),CHL,Chile,2022,25.7670400608281
NE.GDI.TOTL.ZS,Investimento / PIB (%),CHL,Chile,2021,24.1498841986761
NE.GDI.TOTL.ZS,Investimento / PIB (%),CHL,Chile,2020,21.0773285826388
NE.GDI.TOTL.ZS,Investimento / PIB (%),CHL,Chile,2019,24.94531502311
NE.GDI.TOTL.ZS,Investimento / PIB (%),CHL,Chile,2018,24.2030786765181
NE.GDI.TOTL.ZS,Investimento / PIB (%),CHL,Chile,2017,22.6366697426235
NE.GDI.TOTL.ZS,Investimento / PIB (%),CHL,Chile,2016,23.7087897319925
NE.GDI.TOTL.ZS,Investimento / PIB (%),CHL,Chile,2015,25.5994382084201
NE.GDI.TOTL.ZS,Investimento / PIB (%),CHL,Chile,2014,25.1580935799669
NE.GDI.TOTL.ZS,Investimento / PIB (%),CHL,Chile,2013,27.4969595601166
NE.GDI.TOTL.ZS,Investimento / PIB (%),CHL,Chile,2012,28.791349395371
NE.GDI.TOTL.ZS,Investimento / PIB (%),CHL,Chile,2011,26.6462973582796
NE.GDI.TOTL.ZS,Investimento / PIB (%),CHL,Chile,2010,24.7754671336591
NE.GDI.TOTL.ZS,Investimento / PIB (%),CHL,Chile,2009,22.9200072895058
NE.GDI.TOTL.ZS,Investimento / PIB (%),CHL,Chile,2008,28.8969424277685
NE.GDI.TOTL.ZS,Investimento / PIB (%),CHL,Chile,2007,22.3480228340307
NE.GDI.TOTL.ZS,Investimento / PIB (%),CHL,Chile,2006,22.1863204596536
NE.GDI.TOTL.ZS,Investimento / PIB (%),CHL,Chile,2005,23.2677016954958
NE.GDI.TOTL.ZS,Investimento / PIB (%),CHL,Chile,2004,21.2432280953364
NE.GDI.TOTL.ZS,Investimento / PIB (%),CHL,Chile,2003,23.3991373808031
NE.GDI.TOTL.ZS,Investimento / PIB (%),CHL,Chile,2002,24.1083893516193
NE.GDI.TOTL.ZS,Investimento / PIB (%),CHL,Chile,2001,24.0912149524836
NE.GDI.TOTL.ZS,Investimento / PIB (%),CHL,Chile,2000,23.7507565901543
NE.GDI.TOTL.ZS,Investimento / PIB (%),CHL,Chile,1999,22.5504742140038
NE.GDI.TOTL.ZS,Investimento / PIB (%),CHL,Chile,1998,28.6186850894279
NE.GDI.TOTL.ZS,Investimento / PIB (%),CHL,Chile,1997,29.8592663281389
NE.GDI.TOTL.ZS,Investimento / PIB (%),CHL,Chile,1996,29.8812134444565
NE.GDI.TOTL.ZS,Investimento / PIB (%),CHL,Chile,1995,27.5292622461532
NE.GDI.TOTL.ZS,Investimento / PIB (%),CHN,China,2024,40.4815134449629
NE.GDI.TOTL.ZS,Investimento / PIB (%),CHN,China,2023,41.1297102455381
NE.GDI.TOTL.ZS,Investimento / PIB (%),CHN,China,2022,42.3554333470499
NE.GDI.TOTL.ZS,Investimento / PIB (%),CHN,China,2021,42.6822612949312
NE.GDI.TOTL.ZS,Investimento / PIB (%),CHN,China,2020,42.5723735094229
NE.GDI.TOTL.ZS,Investimento / PIB (%),CHN,China,2019,42.6695374085222
NE.GDI.TOTL.ZS,Investimento / PIB (%),CHN,China,2018,43.313827489682
NE.GDI.TOTL.ZS,Investimento / PIB (%),CHN,China,2017,42.5497375507577
NE.GDI.TOTL.ZS,Investimento / PIB (%),CHN,China,2016,42.1386166189127
NE.GDI.TOTL.ZS,Investimento / PIB (%),CHN,China,2015,42.7349872564364
NE.GDI.TOTL.ZS,Investimento / PIB (%),CHN,China,2014,45.3115352657107
NE.GDI.TOTL.ZS,Investimento / PIB (%),CHN,China,2013,45.9224093546636
NE.GDI.TOTL.ZS,Investimento / PIB (%),CHN,China,2012,45.8169211701107
NE.GDI.TOTL.ZS,Investimento / PIB (%),CHN,China,2011,46.2703012824496
NE.GDI.TOTL.ZS,Investimento / PIB (%),CHN,China,2010,46.1023443345586
NE.GDI.TOTL.ZS,Investimento / PIB (%),CHN,China,2009,44.9282638913962
NE.GDI.TOTL.ZS,Investimento / PIB (%),CHN,China,2008,41.9607249432501
NE.GDI.TOTL.ZS,Investimento / PIB (%),CHN,China,2007,40.2220879226288
NE.GDI.TOTL.ZS,Investimento / PIB (%),CHN,China,2006,39.6897003482818
NE.GDI.TOTL.ZS,Investimento / PIB (%),CHN,China,2005,40.178086700104
NE.GDI.TOTL.ZS,Investimento / PIB (%),CHN,China,2004,41.6343741627493
NE.GDI.TOTL.ZS,Investimento / PIB (%),CHN,China,2003,39.4280130265115
NE.GDI.TOTL.ZS,Investimento / PIB (%),CHN,China,2002,36.0687816828708
NE.GDI.TOTL.ZS,Investimento / PIB (%),CHN,China,2001,35.523858010134
NE.GDI.TOTL.ZS,Investimento / PIB (%),CHN,China,2000,33.6326827140045
NE.GDI.TOTL.ZS,Investimento / PIB (%),CHN,China,1999,34.2336141056633
NE.GDI.TOTL.ZS,Investimento / PIB (%),CHN,China,1998,34.9859486932226
NE.GDI.TOTL.ZS,Investimento / PIB (%),CHN,China,1997,35.7413524462449
NE.GDI.TOTL.ZS,Investimento / PIB (%),CHN,China,1996,37.7768637845413
NE.GDI.TOTL.ZS,Investimento / PIB (%),CHN,China,1995,39.092189056179
NE.GDI.TOTL.ZS,Investimento / PIB (%),COL,Colombia,2025,16.7190504572681
NE.GDI.TOTL.ZS,Investimento / PIB (%),COL,Colombia,2024,16.4725596445723
NE.GDI.TOTL.ZS,Investimento / PIB (%),COL,Colombia,2023,16.380607358871
NE.GDI.TOTL.ZS,Investimento / PIB (%),COL,Colombia,2022,19.7872446007318
NE.GDI.TOTL.ZS,Investimento / PIB (%),COL,Colombia,2021,18.9169518896828
NE.GDI.TOTL.ZS,Investimento / PIB (%),COL,Colombia,2020,19.1281469366662
NE.GDI.TOTL.ZS,Investimento / PIB (%),COL,Colombia,2019,21.3806095458027
NE.GDI.TOTL.ZS,Investimento / PIB (%),COL,Colombia,2018,21.1954755611258
NE.GDI.TOTL.ZS,Investimento / PIB (%),COL,Colombia,2017,21.5993768407696
NE.GDI.TOTL.ZS,Investimento / PIB (%),COL,Colombia,2016,23.1674195572494
NE.GDI.TOTL.ZS,Investimento / PIB (%),COL,Colombia,2015,23.7736922946916
NE.GDI.TOTL.ZS,Investimento / PIB (%),COL,Colombia,2014,24.0033136584861
NE.GDI.TOTL.ZS,Investimento / PIB (%),COL,Colombia,2013,22.1825448506007
NE.GDI.TOTL.ZS,Investimento / PIB (%),COL,Colombia,2012,22.1046440622529
NE.GDI.TOTL.ZS,Investimento / PIB (%),COL,Colombia,2011,22.9955914400596
NE.GDI.TOTL.ZS,Investimento / PIB (%),COL,Colombia,2010,21.8887622688674
NE.GDI.TOTL.ZS,Investimento / PIB (%),COL,Colombia,2009,21.9875830884376
NE.GDI.TOTL.ZS,Investimento / PIB (%),COL,Colombia,2008,23.7209214485662
NE.GDI.TOTL.ZS,Investimento / PIB (%),COL,Colombia,2007,23.4542806868515
NE.GDI.TOTL.ZS,Investimento / PIB (%),COL,Colombia,2006,22.9389629039528
NE.GDI.TOTL.ZS,Investimento / PIB (%),COL,Colombia,2005,21.6562413080915
NE.GDI.TOTL.ZS,Investimento / PIB (%),COL,Colombia,2004,19.4409966142669
NE.GDI.TOTL.ZS,Investimento / PIB (%),COL,Colombia,2003,18.6818190163212
NE.GDI.TOTL.ZS,Investimento / PIB (%),COL,Colombia,2002,17.2515418448331
NE.GDI.TOTL.ZS,Investimento / PIB (%),COL,Colombia,2001,16.0322513515548
NE.GDI.TOTL.ZS,Investimento / PIB (%),COL,Colombia,2000,14.8956270290748
NE.GDI.TOTL.ZS,Investimento / PIB (%),COL,Colombia,1999,12.8801341708134
NE.GDI.TOTL.ZS,Investimento / PIB (%),COL,Colombia,1998,19.7280791808155
NE.GDI.TOTL.ZS,Investimento / PIB (%),COL,Colombia,1997,20.9237506240474
NE.GDI.TOTL.ZS,Investimento / PIB (%),COL,Colombia,1996,22.1509386589832
NE.GDI.TOTL.ZS,Investimento / PIB (%),COL,Colombia,1995,25.7987433287578
NE.GDI.TOTL.ZS,Investimento / PIB (%),ECU,Equador,2025,20.9382930185742
NE.GDI.TOTL.ZS,Investimento / PIB (%),ECU,Equador,2024,19.5061364493705
NE.GDI.TOTL.ZS,Investimento / PIB (%),ECU,Equador,2023,20.7283478756321
NE.GDI.TOTL.ZS,Investimento / PIB (%),ECU,Equador,2022,22.4059052025305
NE.GDI.TOTL.ZS,Investimento / PIB (%),ECU,Equador,2021,20.7476106763154
NE.GDI.TOTL.ZS,Investimento / PIB (%),ECU,Equador,2020,17.5849129748726
NE.GDI.TOTL.ZS,Investimento / PIB (%),ECU,Equador,2019,21.04923118303
NE.GDI.TOTL.ZS,Investimento / PIB (%),ECU,Equador,2018,22.5404393330524
NE.GDI.TOTL.ZS,Investimento / PIB (%),ECU,Equador,2017,22.4803878213361
NE.GDI.TOTL.ZS,Investimento / PIB (%),ECU,Equador,2016,20.2460508591084
NE.GDI.TOTL.ZS,Investimento / PIB (%),ECU,Equador,2015,22.6864358338097
NE.GDI.TOTL.ZS,Investimento / PIB (%),ECU,Equador,2014,24.7058907826623
NE.GDI.TOTL.ZS,Investimento / PIB (%),ECU,Equador,2013,24.8833528938608
NE.GDI.TOTL.ZS,Investimento / PIB (%),ECU,Equador,2012,23.0133036457677
NE.GDI.TOTL.ZS,Investimento / PIB (%),ECU,Equador,2011,23.5320911453288
NE.GDI.TOTL.ZS,Investimento / PIB (%),ECU,Equador,2010,23.4900158733515
NE.GDI.TOTL.ZS,Investimento / PIB (%),ECU,Equador,2009,21.1732351412126
NE.GDI.TOTL.ZS,Investimento / PIB (%),ECU,Equador,2008,21.5659407925863
NE.GDI.TOTL.ZS,Investimento / PIB (%),ECU,Equador,2007,18.3175597771056
NE.GDI.TOTL.ZS,Investimento / PIB (%),ECU,Equador,2006,18.118128561743
NE.GDI.TOTL.ZS,Investimento / PIB (%),ECU,Equador,2005,17.4645010337808
NE.GDI.TOTL.ZS,Investimento / PIB (%),ECU,Equador,2004,16.2503185471483
NE.GDI.TOTL.ZS,Investimento / PIB (%),ECU,Equador,2003,15.7730766736655
NE.GDI.TOTL.ZS,Investimento / PIB (%),ECU,Equador,2002,19.6562625754518
NE.GDI.TOTL.ZS,Investimento / PIB (%),ECU,Equador,2001,18.4913081237538
NE.GDI.TOTL.ZS,Investimento / PIB (%),ECU,Equador,2000,17.1669504072431
NE.GDI.TOTL.ZS,Investimento / PIB (%),ECU,Equador,1999,15.7601582851424
NE.GDI.TOTL.ZS,Investimento / PIB (%),ECU,Equador,1998,19.9849105614128
NE.GDI.TOTL.ZS,Investimento / PIB (%),ECU,Equador,1997,16.6179432038656
NE.GDI.TOTL.ZS,Investimento / PIB (%),ECU,Equador,1996,14.9386605261091
NE.GDI.TOTL.ZS,Investimento / PIB (%),ECU,Equador,1995,16.0884542552235
NE.GDI.TOTL.ZS,Investimento / PIB (%),IDN,Indonesia,2025,30.6186915015727
NE.GDI.TOTL.ZS,Investimento / PIB (%),IDN,Indonesia,2024,31.396316156558
NE.GDI.TOTL.ZS,Investimento / PIB (%),IDN,Indonesia,2023,30.3426390629498
NE.GDI.TOTL.ZS,Investimento / PIB (%),IDN,Indonesia,2022,29.7453138212259
NE.GDI.TOTL.ZS,Investimento / PIB (%),IDN,Indonesia,2021,31.4488724858485
NE.GDI.TOTL.ZS,Investimento / PIB (%),IDN,Indonesia,2020,32.3434120537481
NE.GDI.TOTL.ZS,Investimento / PIB (%),IDN,Indonesia,2019,33.7801423773995
NE.GDI.TOTL.ZS,Investimento / PIB (%),IDN,Indonesia,2018,34.5705858319707
NE.GDI.TOTL.ZS,Investimento / PIB (%),IDN,Indonesia,2017,33.7105947957751
NE.GDI.TOTL.ZS,Investimento / PIB (%),IDN,Indonesia,2016,33.8587393039462
NE.GDI.TOTL.ZS,Investimento / PIB (%),IDN,Indonesia,2015,34.0627921803386
NE.GDI.TOTL.ZS,Investimento / PIB (%),IDN,Indonesia,2014,34.6003439149803
NE.GDI.TOTL.ZS,Investimento / PIB (%),IDN,Indonesia,2013,33.8313567879018
NE.GDI.TOTL.ZS,Investimento / PIB (%),IDN,Indonesia,2012,35.0715936108893
NE.GDI.TOTL.ZS,Investimento / PIB (%),IDN,Indonesia,2011,32.9843332593045
NE.GDI.TOTL.ZS,Investimento / PIB (%),IDN,Indonesia,2010,32.8801214533558
NE.GDI.TOTL.ZS,Investimento / PIB (%),IDN,Indonesia,2009,30.9851924139981
NE.GDI.TOTL.ZS,Investimento / PIB (%),IDN,Indonesia,2008,27.8162445798583
NE.GDI.TOTL.ZS,Investimento / PIB (%),IDN,Indonesia,2007,24.9202838487256
NE.GDI.TOTL.ZS,Investimento / PIB (%),IDN,Indonesia,2006,25.4002172943548
NE.GDI.TOTL.ZS,Investimento / PIB (%),IDN,Indonesia,2005,25.0814099389568
NE.GDI.TOTL.ZS,Investimento / PIB (%),IDN,Indonesia,2004,24.0563663747717
NE.GDI.TOTL.ZS,Investimento / PIB (%),IDN,Indonesia,2003,25.5984983869787
NE.GDI.TOTL.ZS,Investimento / PIB (%),IDN,Indonesia,2002,21.4040702075173
NE.GDI.TOTL.ZS,Investimento / PIB (%),IDN,Indonesia,2001,22.539266316067
NE.GDI.TOTL.ZS,Investimento / PIB (%),IDN,Indonesia,2000,22.2456969315568
NE.GDI.TOTL.ZS,Investimento / PIB (%),IDN,Indonesia,1999,22.1387593118175
NE.GDI.TOTL.ZS,Investimento / PIB (%),IDN,Indonesia,1998,27.4295066667294
NE.GDI.TOTL.ZS,Investimento / PIB (%),IDN,Indonesia,1997,30.3076757881764
NE.GDI.TOTL.ZS,Investimento / PIB (%),IDN,Indonesia,1996,31.6023606375148
NE.GDI.TOTL.ZS,Investimento / PIB (%),IDN,Indonesia,1995,30.4298110883689
NE.GDI.TOTL.ZS,Investimento / PIB (%),IND,India,2025,34.6030048968457
NE.GDI.TOTL.ZS,Investimento / PIB (%),IND,India,2024,34.3459060404746
NE.GDI.TOTL.ZS,Investimento / PIB (%),IND,India,2023,34.504684353812
NE.GDI.TOTL.ZS,Investimento / PIB (%),IND,India,2022,34.4117962357355
NE.GDI.TOTL.ZS,Investimento / PIB (%),IND,India,2021,32.1158221755014
NE.GDI.TOTL.ZS,Investimento / PIB (%),IND,India,2020,28.9223840080659
NE.GDI.TOTL.ZS,Investimento / PIB (%),IND,India,2019,30.0961975685688
NE.GDI.TOTL.ZS,Investimento / PIB (%),IND,India,2018,32.3432182154485
NE.GDI.TOTL.ZS,Investimento / PIB (%),IND,India,2017,30.9821728344733
NE.GDI.TOTL.ZS,Investimento / PIB (%),IND,India,2016,30.172690580036
NE.GDI.TOTL.ZS,Investimento / PIB (%),IND,India,2015,32.1167301358276
NE.GDI.TOTL.ZS,Investimento / PIB (%),IND,India,2014,34.2678056268836
NE.GDI.TOTL.ZS,Investimento / PIB (%),IND,India,2013,34.0231978997548
NE.GDI.TOTL.ZS,Investimento / PIB (%),IND,India,2012,38.3474156730403
NE.GDI.TOTL.ZS,Investimento / PIB (%),IND,India,2011,39.590421855219
NE.GDI.TOTL.ZS,Investimento / PIB (%),IND,India,2010,39.7856241847736
NE.GDI.TOTL.ZS,Investimento / PIB (%),IND,India,2009,39.2567917551336
NE.GDI.TOTL.ZS,Investimento / PIB (%),IND,India,2008,38.4224196528192
NE.GDI.TOTL.ZS,Investimento / PIB (%),IND,India,2007,41.9507982267334
NE.GDI.TOTL.ZS,Investimento / PIB (%),IND,India,2006,38.9985063717532
NE.GDI.TOTL.ZS,Investimento / PIB (%),IND,India,2005,37.4282640165983
NE.GDI.TOTL.ZS,Investimento / PIB (%),IND,India,2004,35.0964917017773
NE.GDI.TOTL.ZS,Investimento / PIB (%),IND,India,2003,30.8396999424416
NE.GDI.TOTL.ZS,Investimento / PIB (%),IND,India,2002,30.2513001207186
NE.GDI.TOTL.ZS,Investimento / PIB (%),IND,India,2001,29.9078889827325
NE.GDI.TOTL.ZS,Investimento / PIB (%),IND,India,2000,25.677316683955
NE.GDI.TOTL.ZS,Investimento / PIB (%),IND,India,1999,30.9580879683861
NE.GDI.TOTL.ZS,Investimento / PIB (%),IND,India,1998,24.9753699423901
NE.GDI.TOTL.ZS,Investimento / PIB (%),IND,India,1997,25.6927329065132
NE.GDI.TOTL.ZS,Investimento / PIB (%),IND,India,1996,22.7592531809279
NE.GDI.TOTL.ZS,Investimento / PIB (%),IND,India,1995,29.1523371515588
NE.GDI.TOTL.ZS,Investimento / PIB (%),MEX,Mexico,2025,22.610982698175
NE.GDI.TOTL.ZS,Investimento / PIB (%),MEX,Mexico,2024,23.9034064485777
NE.GDI.TOTL.ZS,Investimento / PIB (%),MEX,Mexico,2023,23.3050041337289
NE.GDI.TOTL.ZS,Investimento / PIB (%),MEX,Mexico,2022,22.7701948917166
NE.GDI.TOTL.ZS,Investimento / PIB (%),MEX,Mexico,2021,21.7074939319357
NE.GDI.TOTL.ZS,Investimento / PIB (%),MEX,Mexico,2020,20.2366593532112
NE.GDI.TOTL.ZS,Investimento / PIB (%),MEX,Mexico,2019,22.1485426356359
NE.GDI.TOTL.ZS,Investimento / PIB (%),MEX,Mexico,2018,23.4774930613878
NE.GDI.TOTL.ZS,Investimento / PIB (%),MEX,Mexico,2017,23.8923507105876
NE.GDI.TOTL.ZS,Investimento / PIB (%),MEX,Mexico,2016,24.3433923355958
NE.GDI.TOTL.ZS,Investimento / PIB (%),MEX,Mexico,2015,23.7361297452632
NE.GDI.TOTL.ZS,Investimento / PIB (%),MEX,Mexico,2014,22.2932759787798
NE.GDI.TOTL.ZS,Investimento / PIB (%),MEX,Mexico,2013,22.6807316048179
NE.GDI.TOTL.ZS,Investimento / PIB (%),MEX,Mexico,2012,24.3777390631793
NE.GDI.TOTL.ZS,Investimento / PIB (%),MEX,Mexico,2011,24.2517581318792
NE.GDI.TOTL.ZS,Investimento / PIB (%),MEX,Mexico,2010,23.3314894119207
NE.GDI.TOTL.ZS,Investimento / PIB (%),MEX,Mexico,2009,23.2592508075838
NE.GDI.TOTL.ZS,Investimento / PIB (%),MEX,Mexico,2008,24.1213158802068
NE.GDI.TOTL.ZS,Investimento / PIB (%),MEX,Mexico,2007,23.0719146894422
NE.GDI.TOTL.ZS,Investimento / PIB (%),MEX,Mexico,2006,22.5641029454858
NE.GDI.TOTL.ZS,Investimento / PIB (%),MEX,Mexico,2005,21.5221459719898
NE.GDI.TOTL.ZS,Investimento / PIB (%),MEX,Mexico,2004,22.0461782270566
NE.GDI.TOTL.ZS,Investimento / PIB (%),MEX,Mexico,2003,20.8808458648635
NE.GDI.TOTL.ZS,Investimento / PIB (%),MEX,Mexico,2002,20.4084256272915
NE.GDI.TOTL.ZS,Investimento / PIB (%),MEX,Mexico,2001,20.2738215598554
NE.GDI.TOTL.ZS,Investimento / PIB (%),MEX,Mexico,2000,22.2649246086997
NE.GDI.TOTL.ZS,Investimento / PIB (%),MEX,Mexico,1999,22.2434377526015
NE.GDI.TOTL.ZS,Investimento / PIB (%),MEX,Mexico,1998,22.8039516150861
NE.GDI.TOTL.ZS,Investimento / PIB (%),MEX,Mexico,1997,21.1460171251619
NE.GDI.TOTL.ZS,Investimento / PIB (%),MEX,Mexico,1996,19.7376269610509
NE.GDI.TOTL.ZS,Investimento / PIB (%),MEX,Mexico,1995,19.311543363515
NE.GDI.TOTL.ZS,Investimento / PIB (%),PER,Peru,2025,20.3393534084364
NE.GDI.TOTL.ZS,Investimento / PIB (%),PER,Peru,2024,19.72883590637
NE.GDI.TOTL.ZS,Investimento / PIB (%),PER,Peru,2023,19.572988492574
NE.GDI.TOTL.ZS,Investimento / PIB (%),PER,Peru,2022,22.3569175495124
NE.GDI.TOTL.ZS,Investimento / PIB (%),PER,Peru,2021,22.3072203928835
NE.GDI.TOTL.ZS,Investimento / PIB (%),PER,Peru,2020,18.1912588877919
NE.GDI.TOTL.ZS,Investimento / PIB (%),PER,Peru,2019,20.8336395514866
NE.GDI.TOTL.ZS,Investimento / PIB (%),PER,Peru,2018,21.3111751422932
NE.GDI.TOTL.ZS,Investimento / PIB (%),PER,Peru,2017,20.7118137063238
NE.GDI.TOTL.ZS,Investimento / PIB (%),PER,Peru,2016,22.0213133889585
NE.GDI.TOTL.ZS,Investimento / PIB (%),PER,Peru,2015,24.3051143583227
NE.GDI.TOTL.ZS,Investimento / PIB (%),PER,Peru,2014,24.6661205071214
NE.GDI.TOTL.ZS,Investimento / PIB (%),PER,Peru,2013,25.5741818690255
NE.GDI.TOTL.ZS,Investimento / PIB (%),PER,Peru,2012,24.6060563122502
NE.GDI.TOTL.ZS,Investimento / PIB (%),PER,Peru,2011,24.200875596397
NE.GDI.TOTL.ZS,Investimento / PIB (%),PER,Peru,2010,23.7605090406542
NE.GDI.TOTL.ZS,Investimento / PIB (%),PER,Peru,2009,19.9786779797935
NE.GDI.TOTL.ZS,Investimento / PIB (%),PER,Peru,2008,26.178345935433
NE.GDI.TOTL.ZS,Investimento / PIB (%),PER,Peru,2007,22.0323873215866
NE.GDI.TOTL.ZS,Investimento / PIB (%),PER,Peru,2006,19.6506023681318
NE.GDI.TOTL.ZS,Investimento / PIB (%),PER,Peru,2005,17.2838176822241
NE.GDI.TOTL.ZS,Investimento / PIB (%),PER,Peru,2004,16.8556825410753
NE.GDI.TOTL.ZS,Investimento / PIB (%),PER,Peru,2003,17.5102893749052
NE.GDI.TOTL.ZS,Investimento / PIB (%),PER,Peru,2002,17.9681458916088
NE.GDI.TOTL.ZS,Investimento / PIB (%),PER,Peru,2001,18.1595051690983
NE.GDI.TOTL.ZS,Investimento / PIB (%),PER,Peru,2000,19.6279847605546
NE.GDI.TOTL.ZS,Investimento / PIB (%),PER,Peru,1999,20.6612543344774
NE.GDI.TOTL.ZS,Investimento / PIB (%),PER,Peru,1998,23.2049499956946
NE.GDI.TOTL.ZS,Investimento / PIB (%),PER,Peru,1997,23.7894193215196
NE.GDI.TOTL.ZS,Investimento / PIB (%),PER,Peru,1996,22.5867586979927
NE.GDI.TOTL.ZS,Investimento / PIB (%),PER,Peru,1995,24.7391134430373
NE.GDI.TOTL.ZS,Investimento / PIB (%),TUR,Turquia,2025,31.6666169240923
NE.GDI.TOTL.ZS,Investimento / PIB (%),TUR,Turquia,2024,30.7311559549208
NE.GDI.TOTL.ZS,Investimento / PIB (%),TUR,Turquia,2023,34.5882765114043
NE.GDI.TOTL.ZS,Investimento / PIB (%),TUR,Turquia,2022,38.602139717568
NE.GDI.TOTL.ZS,Investimento / PIB (%),TUR,Turquia,2021,34.3761444701623
NE.GDI.TOTL.ZS,Investimento / PIB (%),TUR,Turquia,2020,34.1540560799477
NE.GDI.TOTL.ZS,Investimento / PIB (%),TUR,Turquia,2019,27.5058303832163
NE.GDI.TOTL.ZS,Investimento / PIB (%),TUR,Turquia,2018,31.3408009091416
NE.GDI.TOTL.ZS,Investimento / PIB (%),TUR,Turquia,2017,32.7946921972451
NE.GDI.TOTL.ZS,Investimento / PIB (%),TUR,Turquia,2016,29.8288300175216
NE.GDI.TOTL.ZS,Investimento / PIB (%),TUR,Turquia,2015,30.062899150791
NE.GDI.TOTL.ZS,Investimento / PIB (%),TUR,Turquia,2014,30.2115390664919
NE.GDI.TOTL.ZS,Investimento / PIB (%),TUR,Turquia,2013,31.3649431990856
NE.GDI.TOTL.ZS,Investimento / PIB (%),TUR,Turquia,2012,29.421538205313
NE.GDI.TOTL.ZS,Investimento / PIB (%),TUR,Turquia,2011,31.958286232969
NE.GDI.TOTL.ZS,Investimento / PIB (%),TUR,Turquia,2010,28.4520777825517
NE.GDI.TOTL.ZS,Investimento / PIB (%),TUR,Turquia,2009,23.6948756749495
NE.GDI.TOTL.ZS,Investimento / PIB (%),TUR,Turquia,2008,29.7262007474574
NE.GDI.TOTL.ZS,Investimento / PIB (%),TUR,Turquia,2007,29.5493413273707
NE.GDI.TOTL.ZS,Investimento / PIB (%),TUR,Turquia,2006,30.1577149171837
NE.GDI.TOTL.ZS,Investimento / PIB (%),TUR,Turquia,2005,27.5674708715615
NE.GDI.TOTL.ZS,Investimento / PIB (%),TUR,Turquia,2004,25.167773403717
NE.GDI.TOTL.ZS,Investimento / PIB (%),TUR,Turquia,2003,22.8567811256469
NE.GDI.TOTL.ZS,Investimento / PIB (%),TUR,Turquia,2002,21.525989356389
NE.GDI.TOTL.ZS,Investimento / PIB (%),TUR,Turquia,2001,19.6143621979648
NE.GDI.TOTL.ZS,Investimento / PIB (%),TUR,Turquia,2000,24.011318241332
NE.GDI.TOTL.ZS,Investimento / PIB (%),TUR,Turquia,1999,21.5049637841958
NE.GDI.TOTL.ZS,Investimento / PIB (%),TUR,Turquia,1998,25.2997631419224
NE.GDI.TOTL.ZS,Investimento / PIB (%),TUR,Turquia,1997,27.0279861254657
NE.GDI.TOTL.ZS,Investimento / PIB (%),TUR,Turquia,1996,29.0861159032907
NE.GDI.TOTL.ZS,Investimento / PIB (%),TUR,Turquia,1995,27.4023252690356
NE.GDI.TOTL.ZS,Investimento / PIB (%),,Upper middle income,2024,33.722069345502
NE.GDI.TOTL.ZS,Investimento / PIB (%),,Upper middle income,2023,34.2103646160472
NE.GDI.TOTL.ZS,Investimento / PIB (%),,Upper middle income,2022,35.6261851329301
NE.GDI.TOTL.ZS,Investimento / PIB (%),,Upper middle income,2021,36.2405404942584
NE.GDI.TOTL.ZS,Investimento / PIB (%),,Upper middle income,2020,35.3989948188907
NE.GDI.TOTL.ZS,Investimento / PIB (%),,Upper middle income,2019,34.8346819475488
NE.GDI.TOTL.ZS,Investimento / PIB (%),,Upper middle income,2018,35.3248038641793
NE.GDI.TOTL.ZS,Investimento / PIB (%),,Upper middle income,2017,34.275324793113
NE.GDI.TOTL.ZS,Investimento / PIB (%),,Upper middle income,2016,34.0581240415465
NE.GDI.TOTL.ZS,Investimento / PIB (%),,Upper middle income,2015,34.4267856326681
NE.GDI.TOTL.ZS,Investimento / PIB (%),,Upper middle income,2014,35.1181695042548
NE.GDI.TOTL.ZS,Investimento / PIB (%),,Upper middle income,2013,35.0975302946263
NE.GDI.TOTL.ZS,Investimento / PIB (%),,Upper middle income,2012,34.5106698001545
NE.GDI.TOTL.ZS,Investimento / PIB (%),,Upper middle income,2011,34.2745131436916
NE.GDI.TOTL.ZS,Investimento / PIB (%),,Upper middle income,2010,33.7418076714054
NE.GDI.TOTL.ZS,Investimento / PIB (%),,Upper middle income,2009,32.4407631550813
NE.GDI.TOTL.ZS,Investimento / PIB (%),,Upper middle income,2008,31.7072395774348
NE.GDI.TOTL.ZS,Investimento / PIB (%),,Upper middle income,2007,29.8958655511892
NE.GDI.TOTL.ZS,Investimento / PIB (%),,Upper middle income,2006,28.9264634176816
NE.GDI.TOTL.ZS,Investimento / PIB (%),,Upper middle income,2005,28.4936657861451
NE.GDI.TOTL.ZS,Investimento / PIB (%),,Upper middle income,2004,29.0883794116431
NE.GDI.TOTL.ZS,Investimento / PIB (%),,Upper middle income,2003,27.5340875692762
NE.GDI.TOTL.ZS,Investimento / PIB (%),,Upper middle income,2002,25.8684846022803
NE.GDI.TOTL.ZS,Investimento / PIB (%),,Upper middle income,2001,25.1328185065998
NE.GDI.TOTL.ZS,Investimento / PIB (%),,Upper middle income,2000,24.530068169516
NE.GDI.TOTL.ZS,Investimento / PIB (%),,Upper middle income,1999,23.9990999992259
NE.GDI.TOTL.ZS,Investimento / PIB (%),,Upper middle income,1998,24.78529455816
NE.GDI.TOTL.ZS,Investimento / PIB (%),,Upper middle income,1997,25.6049527294763
NE.GDI.TOTL.ZS,Investimento / PIB (%),,Upper middle income,1996,26.6398631800118
NE.GDI.TOTL.ZS,Investimento / PIB (%),,Upper middle income,1995,26.4078957381523
NE.GDI.TOTL.ZS,Investimento / PIB (%),ZAF,Africa do Sul,2025,13.8713160276315
NE.GDI.TOTL.ZS,Investimento / PIB (%),ZAF,Africa do Sul,2024,14.0695508769888
NE.GDI.TOTL.ZS,Investimento / PIB (%),ZAF,Africa do Sul,2023,15.3913174995668
NE.GDI.TOTL.ZS,Investimento / PIB (%),ZAF,Africa do Sul,2022,15.6721092997041
NE.GDI.TOTL.ZS,Investimento / PIB (%),ZAF,Africa do Sul,2021,12.8355522251838
NE.GDI.TOTL.ZS,Investimento / PIB (%),ZAF,Africa do Sul,2020,12.3455441478462
NE.GDI.TOTL.ZS,Investimento / PIB (%),ZAF,Africa do Sul,2019,15.8207933783179
NE.GDI.TOTL.ZS,Investimento / PIB (%),ZAF,Africa do Sul,2018,16.1705829786619
NE.GDI.TOTL.ZS,Investimento / PIB (%),ZAF,Africa do Sul,2017,16.6107340612402
NE.GDI.TOTL.ZS,Investimento / PIB (%),ZAF,Africa do Sul,2016,16.9604522948246
NE.GDI.TOTL.ZS,Investimento / PIB (%),ZAF,Africa do Sul,2015,18.6332066638376
NE.GDI.TOTL.ZS,Investimento / PIB (%),ZAF,Africa do Sul,2014,18.4879638168327
NE.GDI.TOTL.ZS,Investimento / PIB (%),ZAF,Africa do Sul,2013,19.1687625943111
NE.GDI.TOTL.ZS,Investimento / PIB (%),ZAF,Africa do Sul,2012,18.5845354435045
NE.GDI.TOTL.ZS,Investimento / PIB (%),ZAF,Africa do Sul,2011,18.8532376550132
NE.GDI.TOTL.ZS,Investimento / PIB (%),ZAF,Africa do Sul,2010,17.5956446037105
NE.GDI.TOTL.ZS,Investimento / PIB (%),ZAF,Africa do Sul,2009,18.7669441984248
NE.GDI.TOTL.ZS,Investimento / PIB (%),ZAF,Africa do Sul,2008,21.2872491181391
NE.GDI.TOTL.ZS,Investimento / PIB (%),ZAF,Africa do Sul,2007,19.3259650755187
NE.GDI.TOTL.ZS,Investimento / PIB (%),ZAF,Africa do Sul,2006,18.4902026867601
NE.GDI.TOTL.ZS,Investimento / PIB (%),ZAF,Africa do Sul,2005,16.8318153447643
NE.GDI.TOTL.ZS,Investimento / PIB (%),ZAF,Africa do Sul,2004,16.9603513170499
NE.GDI.TOTL.ZS,Investimento / PIB (%),ZAF,Africa do Sul,2003,15.6571145272722
NE.GDI.TOTL.ZS,Investimento / PIB (%),ZAF,Africa do Sul,2002,15.036119660525
NE.GDI.TOTL.ZS,Investimento / PIB (%),ZAF,Africa do Sul,2001,14.5737803066035
NE.GDI.TOTL.ZS,Investimento / PIB (%),ZAF,Africa do Sul,2000,15.0602810875446
NE.GDI.TOTL.ZS,Investimento / PIB (%),ZAF,Africa do Sul,1999,15.6550464913797
NE.GDI.TOTL.ZS,Investimento / PIB (%),ZAF,Africa do Sul,1998,16.4278913701127
NE.GDI.TOTL.ZS,Investimento / PIB (%),ZAF,Africa do Sul,1997,16.2941004369842
NE.GDI.TOTL.ZS,Investimento / PIB (%),ZAF,Africa do Sul,1996,16.5683988950434
NE.GDI.TOTL.ZS,Investimento / PIB (%),ZAF,Africa do Sul,1995,17.7000132325077
SL.UEM.TOTL.ZS,"Desemprego (%, est. OIT)",ARG,Argentina,2025,7.145
SL.UEM.TOTL.ZS,"Desemprego (%, est. OIT)",ARG,Argentina,2024,7.15
SL.UEM.TOTL.ZS,"Desemprego (%, est. OIT)",ARG,Argentina,2023,6.139
SL.UEM.TOTL.ZS,"Desemprego (%, est. OIT)",ARG,Argentina,2022,6.805
SL.UEM.TOTL.ZS,"Desemprego (%, est. OIT)",ARG,Argentina,2021,8.736
SL.UEM.TOTL.ZS,"Desemprego (%, est. OIT)",ARG,Argentina,2020,11.461
SL.UEM.TOTL.ZS,"Desemprego (%, est. OIT)",ARG,Argentina,2019,9.843
SL.UEM.TOTL.ZS,"Desemprego (%, est. OIT)",ARG,Argentina,2018,9.22
SL.UEM.TOTL.ZS,"Desemprego (%, est. OIT)",ARG,Argentina,2017,8.347
SL.UEM.TOTL.ZS,"Desemprego (%, est. OIT)",ARG,Argentina,2016,8.088
SL.UEM.TOTL.ZS,"Desemprego (%, est. OIT)",ARG,Argentina,2015,7.577
SL.UEM.TOTL.ZS,"Desemprego (%, est. OIT)",ARG,Argentina,2014,7.268
SL.UEM.TOTL.ZS,"Desemprego (%, est. OIT)",ARG,Argentina,2013,7.1
SL.UEM.TOTL.ZS,"Desemprego (%, est. OIT)",ARG,Argentina,2012,7.217
SL.UEM.TOTL.ZS,"Desemprego (%, est. OIT)",ARG,Argentina,2011,7.18
SL.UEM.TOTL.ZS,"Desemprego (%, est. OIT)",ARG,Argentina,2010,7.714
SL.UEM.TOTL.ZS,"Desemprego (%, est. OIT)",ARG,Argentina,2009,8.645
SL.UEM.TOTL.ZS,"Desemprego (%, est. OIT)",ARG,Argentina,2008,7.837
SL.UEM.TOTL.ZS,"Desemprego (%, est. OIT)",ARG,Argentina,2007,8.47
SL.UEM.TOTL.ZS,"Desemprego (%, est. OIT)",ARG,Argentina,2006,10.078
SL.UEM.TOTL.ZS,"Desemprego (%, est. OIT)",ARG,Argentina,2005,11.506
SL.UEM.TOTL.ZS,"Desemprego (%, est. OIT)",ARG,Argentina,2004,13.522
SL.UEM.TOTL.ZS,"Desemprego (%, est. OIT)",ARG,Argentina,2003,15.36
SL.UEM.TOTL.ZS,"Desemprego (%, est. OIT)",ARG,Argentina,2002,19.59
SL.UEM.TOTL.ZS,"Desemprego (%, est. OIT)",ARG,Argentina,2001,17.32
SL.UEM.TOTL.ZS,"Desemprego (%, est. OIT)",ARG,Argentina,2000,15.0
SL.UEM.TOTL.ZS,"Desemprego (%, est. OIT)",ARG,Argentina,1999,14.05
SL.UEM.TOTL.ZS,"Desemprego (%, est. OIT)",ARG,Argentina,1998,12.65
SL.UEM.TOTL.ZS,"Desemprego (%, est. OIT)",ARG,Argentina,1997,14.82
SL.UEM.TOTL.ZS,"Desemprego (%, est. OIT)",ARG,Argentina,1996,17.11
SL.UEM.TOTL.ZS,"Desemprego (%, est. OIT)",ARG,Argentina,1995,18.8
SL.UEM.TOTL.ZS,"Desemprego (%, est. OIT)",BRA,Brasil,2025,5.97
SL.UEM.TOTL.ZS,"Desemprego (%, est. OIT)",BRA,Brasil,2024,6.801
SL.UEM.TOTL.ZS,"Desemprego (%, est. OIT)",BRA,Brasil,2023,7.947
SL.UEM.TOTL.ZS,"Desemprego (%, est. OIT)",BRA,Brasil,2022,9.231
SL.UEM.TOTL.ZS,"Desemprego (%, est. OIT)",BRA,Brasil,2021,13.158
SL.UEM.TOTL.ZS,"Desemprego (%, est. OIT)",BRA,Brasil,2020,13.697
SL.UEM.TOTL.ZS,"Desemprego (%, est. OIT)",BRA,Brasil,2019,11.936
SL.UEM.TOTL.ZS,"Desemprego (%, est. OIT)",BRA,Brasil,2018,12.329
SL.UEM.TOTL.ZS,"Desemprego (%, est. OIT)",BRA,Brasil,2017,12.792
SL.UEM.TOTL.ZS,"Desemprego (%, est. OIT)",BRA,Brasil,2016,11.58
SL.UEM.TOTL.ZS,"Desemprego (%, est. OIT)",BRA,Brasil,2015,8.538
SL.UEM.TOTL.ZS,"Desemprego (%, est. OIT)",BRA,Brasil,2014,6.755
SL.UEM.TOTL.ZS,"Desemprego (%, est. OIT)",BRA,Brasil,2013,7.071
SL.UEM.TOTL.ZS,"Desemprego (%, est. OIT)",BRA,Brasil,2012,7.251
SL.UEM.TOTL.ZS,"Desemprego (%, est. OIT)",BRA,Brasil,2011,7.578
SL.UEM.TOTL.ZS,"Desemprego (%, est. OIT)",BRA,Brasil,2010,8.42
SL.UEM.TOTL.ZS,"Desemprego (%, est. OIT)",BRA,Brasil,2009,9.419
SL.UEM.TOTL.ZS,"Desemprego (%, est. OIT)",BRA,Brasil,2008,8.268
SL.UEM.TOTL.ZS,"Desemprego (%, est. OIT)",BRA,Brasil,2007,9.28
SL.UEM.TOTL.ZS,"Desemprego (%, est. OIT)",BRA,Brasil,2006,9.692
SL.UEM.TOTL.ZS,"Desemprego (%, est. OIT)",BRA,Brasil,2005,10.551
SL.UEM.TOTL.ZS,"Desemprego (%, est. OIT)",BRA,Brasil,2004,10.072
SL.UEM.TOTL.ZS,"Desemprego (%, est. OIT)",BRA,Brasil,2003,11.168
SL.UEM.TOTL.ZS,"Desemprego (%, est. OIT)",BRA,Brasil,2002,10.641
SL.UEM.TOTL.ZS,"Desemprego (%, est. OIT)",BRA,Brasil,2001,10.649
SL.UEM.TOTL.ZS,"Desemprego (%, est. OIT)",BRA,Brasil,2000,10.889
SL.UEM.TOTL.ZS,"Desemprego (%, est. OIT)",BRA,Brasil,1999,11.125
SL.UEM.TOTL.ZS,"Desemprego (%, est. OIT)",BRA,Brasil,1998,10.15
SL.UEM.TOTL.ZS,"Desemprego (%, est. OIT)",BRA,Brasil,1997,9.003
SL.UEM.TOTL.ZS,"Desemprego (%, est. OIT)",BRA,Brasil,1996,8.035
SL.UEM.TOTL.ZS,"Desemprego (%, est. OIT)",BRA,Brasil,1995,7.092
SL.UEM.TOTL.ZS,"Desemprego (%, est. OIT)",CHL,Chile,2025,8.974
SL.UEM.TOTL.ZS,"Desemprego (%, est. OIT)",CHL,Chile,2024,8.718
SL.UEM.TOTL.ZS,"Desemprego (%, est. OIT)",CHL,Chile,2023,9.013
SL.UEM.TOTL.ZS,"Desemprego (%, est. OIT)",CHL,Chile,2022,8.249
SL.UEM.TOTL.ZS,"Desemprego (%, est. OIT)",CHL,Chile,2021,9.281
SL.UEM.TOTL.ZS,"Desemprego (%, est. OIT)",CHL,Chile,2020,10.934
SL.UEM.TOTL.ZS,"Desemprego (%, est. OIT)",CHL,Chile,2019,7.493
SL.UEM.TOTL.ZS,"Desemprego (%, est. OIT)",CHL,Chile,2018,7.623
SL.UEM.TOTL.ZS,"Desemprego (%, est. OIT)",CHL,Chile,2017,7.257
SL.UEM.TOTL.ZS,"Desemprego (%, est. OIT)",CHL,Chile,2016,6.926
SL.UEM.TOTL.ZS,"Desemprego (%, est. OIT)",CHL,Chile,2015,6.605
SL.UEM.TOTL.ZS,"Desemprego (%, est. OIT)",CHL,Chile,2014,6.761
SL.UEM.TOTL.ZS,"Desemprego (%, est. OIT)",CHL,Chile,2013,6.361
SL.UEM.TOTL.ZS,"Desemprego (%, est. OIT)",CHL,Chile,2012,6.79
SL.UEM.TOTL.ZS,"Desemprego (%, est. OIT)",CHL,Chile,2011,7.492
SL.UEM.TOTL.ZS,"Desemprego (%, est. OIT)",CHL,Chile,2010,8.547
SL.UEM.TOTL.ZS,"Desemprego (%, est. OIT)",CHL,Chile,2009,11.313
SL.UEM.TOTL.ZS,"Desemprego (%, est. OIT)",CHL,Chile,2008,9.285
SL.UEM.TOTL.ZS,"Desemprego (%, est. OIT)",CHL,Chile,2007,8.427
SL.UEM.TOTL.ZS,"Desemprego (%, est. OIT)",CHL,Chile,2006,9.024
SL.UEM.TOTL.ZS,"Desemprego (%, est. OIT)",CHL,Chile,2005,9.34
SL.UEM.TOTL.ZS,"Desemprego (%, est. OIT)",CHL,Chile,2004,10.162
SL.UEM.TOTL.ZS,"Desemprego (%, est. OIT)",CHL,Chile,2003,9.765
SL.UEM.TOTL.ZS,"Desemprego (%, est. OIT)",CHL,Chile,2002,10.168
SL.UEM.TOTL.ZS,"Desemprego (%, est. OIT)",CHL,Chile,2001,10.39
SL.UEM.TOTL.ZS,"Desemprego (%, est. OIT)",CHL,Chile,2000,10.491
SL.UEM.TOTL.ZS,"Desemprego (%, est. OIT)",CHL,Chile,1999,11.158
SL.UEM.TOTL.ZS,"Desemprego (%, est. OIT)",CHL,Chile,1998,7.307
SL.UEM.TOTL.ZS,"Desemprego (%, est. OIT)",CHL,Chile,1997,7.136
SL.UEM.TOTL.ZS,"Desemprego (%, est. OIT)",CHL,Chile,1996,7.414
SL.UEM.TOTL.ZS,"Desemprego (%, est. OIT)",CHL,Chile,1995,4.7
SL.UEM.TOTL.ZS,"Desemprego (%, est. OIT)",CHN,China,2025,4.615
SL.UEM.TOTL.ZS,"Desemprego (%, est. OIT)",CHN,China,2024,4.59
SL.UEM.TOTL.ZS,"Desemprego (%, est. OIT)",CHN,China,2023,4.67
SL.UEM.TOTL.ZS,"Desemprego (%, est. OIT)",CHN,China,2022,4.98
SL.UEM.TOTL.ZS,"Desemprego (%, est. OIT)",CHN,China,2021,4.55
SL.UEM.TOTL.ZS,"Desemprego (%, est. OIT)",CHN,China,2020,5.0
SL.UEM.TOTL.ZS,"Desemprego (%, est. OIT)",CHN,China,2019,4.56
SL.UEM.TOTL.ZS,"Desemprego (%, est. OIT)",CHN,China,2018,4.31
SL.UEM.TOTL.ZS,"Desemprego (%, est. OIT)",CHN,China,2017,4.47
SL.UEM.TOTL.ZS,"Desemprego (%, est. OIT)",CHN,China,2016,4.56
SL.UEM.TOTL.ZS,"Desemprego (%, est. OIT)",CHN,China,2015,4.65
SL.UEM.TOTL.ZS,"Desemprego (%, est. OIT)",CHN,China,2014,4.63
SL.UEM.TOTL.ZS,"Desemprego (%, est. OIT)",CHN,China,2013,4.6
SL.UEM.TOTL.ZS,"Desemprego (%, est. OIT)",CHN,China,2012,4.58
SL.UEM.TOTL.ZS,"Desemprego (%, est. OIT)",CHN,China,2011,4.55
SL.UEM.TOTL.ZS,"Desemprego (%, est. OIT)",CHN,China,2010,4.53
SL.UEM.TOTL.ZS,"Desemprego (%, est. OIT)",CHN,China,2009,4.72
SL.UEM.TOTL.ZS,"Desemprego (%, est. OIT)",CHN,China,2008,4.59
SL.UEM.TOTL.ZS,"Desemprego (%, est. OIT)",CHN,China,2007,4.35
SL.UEM.TOTL.ZS,"Desemprego (%, est. OIT)",CHN,China,2006,4.43
SL.UEM.TOTL.ZS,"Desemprego (%, est. OIT)",CHN,China,2005,4.52
SL.UEM.TOTL.ZS,"Desemprego (%, est. OIT)",CHN,China,2004,4.49
SL.UEM.TOTL.ZS,"Desemprego (%, est. OIT)",CHN,China,2003,4.58
SL.UEM.TOTL.ZS,"Desemprego (%, est. OIT)",CHN,China,2002,4.24
SL.UEM.TOTL.ZS,"Desemprego (%, est. OIT)",CHN,China,2001,3.8
SL.UEM.TOTL.ZS,"Desemprego (%, est. OIT)",CHN,China,2000,3.26
SL.UEM.TOTL.ZS,"Desemprego (%, est. OIT)",CHN,China,1999,3.25
SL.UEM.TOTL.ZS,"Desemprego (%, est. OIT)",CHN,China,1998,3.24
SL.UEM.TOTL.ZS,"Desemprego (%, est. OIT)",CHN,China,1997,3.23
SL.UEM.TOTL.ZS,"Desemprego (%, est. OIT)",CHN,China,1996,3.12
SL.UEM.TOTL.ZS,"Desemprego (%, est. OIT)",CHN,China,1995,3.0
SL.UEM.TOTL.ZS,"Desemprego (%, est. OIT)",COL,Colombia,2025,8.29
SL.UEM.TOTL.ZS,"Desemprego (%, est. OIT)",COL,Colombia,2024,9.619
SL.UEM.TOTL.ZS,"Desemprego (%, est. OIT)",COL,Colombia,2023,9.591
SL.UEM.TOTL.ZS,"Desemprego (%, est. OIT)",COL,Colombia,2022,10.541
SL.UEM.TOTL.ZS,"Desemprego (%, est. OIT)",COL,Colombia,2021,13.898
SL.UEM.TOTL.ZS,"Desemprego (%, est. OIT)",COL,Colombia,2020,15.983
SL.UEM.TOTL.ZS,"Desemprego (%, est. OIT)",COL,Colombia,2019,10.28
SL.UEM.TOTL.ZS,"Desemprego (%, est. OIT)",COL,Colombia,2018,9.36
SL.UEM.TOTL.ZS,"Desemprego (%, est. OIT)",COL,Colombia,2017,9.086
SL.UEM.TOTL.ZS,"Desemprego (%, est. OIT)",COL,Colombia,2016,8.922
SL.UEM.TOTL.ZS,"Desemprego (%, est. OIT)",COL,Colombia,2015,8.572
SL.UEM.TOTL.ZS,"Desemprego (%, est. OIT)",COL,Colombia,2014,8.799
SL.UEM.TOTL.ZS,"Desemprego (%, est. OIT)",COL,Colombia,2013,9.246
SL.UEM.TOTL.ZS,"Desemprego (%, est. OIT)",COL,Colombia,2012,9.959
SL.UEM.TOTL.ZS,"Desemprego (%, est. OIT)",COL,Colombia,2011,10.288
SL.UEM.TOTL.ZS,"Desemprego (%, est. OIT)",COL,Colombia,2010,11.153
SL.UEM.TOTL.ZS,"Desemprego (%, est. OIT)",COL,Colombia,2009,12.066
SL.UEM.TOTL.ZS,"Desemprego (%, est. OIT)",COL,Colombia,2008,11.273
SL.UEM.TOTL.ZS,"Desemprego (%, est. OIT)",COL,Colombia,2007,11.204
SL.UEM.TOTL.ZS,"Desemprego (%, est. OIT)",COL,Colombia,2006,11.088
SL.UEM.TOTL.ZS,"Desemprego (%, est. OIT)",COL,Colombia,2005,11.062
SL.UEM.TOTL.ZS,"Desemprego (%, est. OIT)",COL,Colombia,2004,13.717
SL.UEM.TOTL.ZS,"Desemprego (%, est. OIT)",COL,Colombia,2003,13.221
SL.UEM.TOTL.ZS,"Desemprego (%, est. OIT)",COL,Colombia,2002,14.481
SL.UEM.TOTL.ZS,"Desemprego (%, est. OIT)",COL,Colombia,2001,15.04
SL.UEM.TOTL.ZS,"Desemprego (%, est. OIT)",COL,Colombia,2000,20.52
SL.UEM.TOTL.ZS,"Desemprego (%, est. OIT)",COL,Colombia,1999,20.06
SL.UEM.TOTL.ZS,"Desemprego (%, est. OIT)",COL,Colombia,1998,15.0
SL.UEM.TOTL.ZS,"Desemprego (%, est. OIT)",COL,Colombia,1997,12.14
SL.UEM.TOTL.ZS,"Desemprego (%, est. OIT)",COL,Colombia,1996,11.81
SL.UEM.TOTL.ZS,"Desemprego (%, est. OIT)",COL,Colombia,1995,8.72
SL.UEM.TOTL.ZS,"Desemprego (%, est. OIT)",ECU,Equador,2025,3.308
SL.UEM.TOTL.ZS,"Desemprego (%, est. OIT)",ECU,Equador,2024,3.453
SL.UEM.TOTL.ZS,"Desemprego (%, est. OIT)",ECU,Equador,2023,3.51
SL.UEM.TOTL.ZS,"Desemprego (%, est. OIT)",ECU,Equador,2022,3.713
SL.UEM.TOTL.ZS,"Desemprego (%, est. OIT)",ECU,Equador,2021,4.504
SL.UEM.TOTL.ZS,"Desemprego (%, est. OIT)",ECU,Equador,2020,6.116
SL.UEM.TOTL.ZS,"Desemprego (%, est. OIT)",ECU,Equador,2019,3.812
SL.UEM.TOTL.ZS,"Desemprego (%, est. OIT)",ECU,Equador,2018,3.53
SL.UEM.TOTL.ZS,"Desemprego (%, est. OIT)",ECU,Equador,2017,3.836
SL.UEM.TOTL.ZS,"Desemprego (%, est. OIT)",ECU,Equador,2016,4.597
SL.UEM.TOTL.ZS,"Desemprego (%, est. OIT)",ECU,Equador,2015,3.616
SL.UEM.TOTL.ZS,"Desemprego (%, est. OIT)",ECU,Equador,2014,3.48
SL.UEM.TOTL.ZS,"Desemprego (%, est. OIT)",ECU,Equador,2013,3.083
SL.UEM.TOTL.ZS,"Desemprego (%, est. OIT)",ECU,Equador,2012,3.235
SL.UEM.TOTL.ZS,"Desemprego (%, est. OIT)",ECU,Equador,2011,3.458
SL.UEM.TOTL.ZS,"Desemprego (%, est. OIT)",ECU,Equador,2010,4.088
SL.UEM.TOTL.ZS,"Desemprego (%, est. OIT)",ECU,Equador,2009,4.608
SL.UEM.TOTL.ZS,"Desemprego (%, est. OIT)",ECU,Equador,2008,3.917
SL.UEM.TOTL.ZS,"Desemprego (%, est. OIT)",ECU,Equador,2007,3.142
SL.UEM.TOTL.ZS,"Desemprego (%, est. OIT)",ECU,Equador,2006,3.55
SL.UEM.TOTL.ZS,"Desemprego (%, est. OIT)",ECU,Equador,2005,3.779
SL.UEM.TOTL.ZS,"Desemprego (%, est. OIT)",ECU,Equador,2004,5.002
SL.UEM.TOTL.ZS,"Desemprego (%, est. OIT)",ECU,Equador,2003,5.662
SL.UEM.TOTL.ZS,"Desemprego (%, est. OIT)",ECU,Equador,2002,4.825
SL.UEM.TOTL.ZS,"Desemprego (%, est. OIT)",ECU,Equador,2001,4.252
SL.UEM.TOTL.ZS,"Desemprego (%, est. OIT)",ECU,Equador,2000,4.8
SL.UEM.TOTL.ZS,"Desemprego (%, est. OIT)",ECU,Equador,1999,4.656
SL.UEM.TOTL.ZS,"Desemprego (%, est. OIT)",ECU,Equador,1998,4.389
SL.UEM.TOTL.ZS,"Desemprego (%, est. OIT)",ECU,Equador,1997,4.424
SL.UEM.TOTL.ZS,"Desemprego (%, est. OIT)",ECU,Equador,1996,4.422
SL.UEM.TOTL.ZS,"Desemprego (%, est. OIT)",ECU,Equador,1995,4.408
SL.UEM.TOTL.ZS,"Desemprego (%, est. OIT)",IDN,Indonesia,2025,3.237
SL.UEM.TOTL.ZS,"Desemprego (%, est. OIT)",IDN,Indonesia,2024,3.301
SL.UEM.TOTL.ZS,"Desemprego (%, est. OIT)",IDN,Indonesia,2023,3.308
SL.UEM.TOTL.ZS,"Desemprego (%, est. OIT)",IDN,Indonesia,2022,3.462
SL.UEM.TOTL.ZS,"Desemprego (%, est. OIT)",IDN,Indonesia,2021,3.827
SL.UEM.TOTL.ZS,"Desemprego (%, est. OIT)",IDN,Indonesia,2020,4.255
SL.UEM.TOTL.ZS,"Desemprego (%, est. OIT)",IDN,Indonesia,2019,3.59
SL.UEM.TOTL.ZS,"Desemprego (%, est. OIT)",IDN,Indonesia,2018,4.387
SL.UEM.TOTL.ZS,"Desemprego (%, est. OIT)",IDN,Indonesia,2017,3.783
SL.UEM.TOTL.ZS,"Desemprego (%, est. OIT)",IDN,Indonesia,2016,4.301
SL.UEM.TOTL.ZS,"Desemprego (%, est. OIT)",IDN,Indonesia,2015,4.514
SL.UEM.TOTL.ZS,"Desemprego (%, est. OIT)",IDN,Indonesia,2014,4.049
SL.UEM.TOTL.ZS,"Desemprego (%, est. OIT)",IDN,Indonesia,2013,4.336
SL.UEM.TOTL.ZS,"Desemprego (%, est. OIT)",IDN,Indonesia,2012,4.468
SL.UEM.TOTL.ZS,"Desemprego (%, est. OIT)",IDN,Indonesia,2011,5.153
SL.UEM.TOTL.ZS,"Desemprego (%, est. OIT)",IDN,Indonesia,2010,5.614
SL.UEM.TOTL.ZS,"Desemprego (%, est. OIT)",IDN,Indonesia,2009,6.106
SL.UEM.TOTL.ZS,"Desemprego (%, est. OIT)",IDN,Indonesia,2008,7.208
SL.UEM.TOTL.ZS,"Desemprego (%, est. OIT)",IDN,Indonesia,2007,8.06
SL.UEM.TOTL.ZS,"Desemprego (%, est. OIT)",IDN,Indonesia,2006,7.551
SL.UEM.TOTL.ZS,"Desemprego (%, est. OIT)",IDN,Indonesia,2005,7.945
SL.UEM.TOTL.ZS,"Desemprego (%, est. OIT)",IDN,Indonesia,2004,7.303
SL.UEM.TOTL.ZS,"Desemprego (%, est. OIT)",IDN,Indonesia,2003,6.657
SL.UEM.TOTL.ZS,"Desemprego (%, est. OIT)",IDN,Indonesia,2002,6.604
SL.UEM.TOTL.ZS,"Desemprego (%, est. OIT)",IDN,Indonesia,2001,6.082
SL.UEM.TOTL.ZS,"Desemprego (%, est. OIT)",IDN,Indonesia,2000,6.077
SL.UEM.TOTL.ZS,"Desemprego (%, est. OIT)",IDN,Indonesia,1999,6.358
SL.UEM.TOTL.ZS,"Desemprego (%, est. OIT)",IDN,Indonesia,1998,5.459
SL.UEM.TOTL.ZS,"Desemprego (%, est. OIT)",IDN,Indonesia,1997,4.684
SL.UEM.TOTL.ZS,"Desemprego (%, est. OIT)",IDN,Indonesia,1996,4.861
SL.UEM.TOTL.ZS,"Desemprego (%, est. OIT)",IDN,Indonesia,1995,4.611
SL.UEM.TOTL.ZS,"Desemprego (%, est. OIT)",IND,India,2025,4.219
SL.UEM.TOTL.ZS,"Desemprego (%, est. OIT)",IND,India,2024,4.173
SL.UEM.TOTL.ZS,"Desemprego (%, est. OIT)",IND,India,2023,4.172
SL.UEM.TOTL.ZS,"Desemprego (%, est. OIT)",IND,India,2022,4.822
SL.UEM.TOTL.ZS,"Desemprego (%, est. OIT)",IND,India,2021,6.38
SL.UEM.TOTL.ZS,"Desemprego (%, est. OIT)",IND,India,2020,7.859
SL.UEM.TOTL.ZS,"Desemprego (%, est. OIT)",IND,India,2019,6.51
SL.UEM.TOTL.ZS,"Desemprego (%, est. OIT)",IND,India,2018,7.652
SL.UEM.TOTL.ZS,"Desemprego (%, est. OIT)",IND,India,2017,7.626
SL.UEM.TOTL.ZS,"Desemprego (%, est. OIT)",IND,India,2016,7.611
SL.UEM.TOTL.ZS,"Desemprego (%, est. OIT)",IND,India,2015,7.629
SL.UEM.TOTL.ZS,"Desemprego (%, est. OIT)",IND,India,2014,7.656
SL.UEM.TOTL.ZS,"Desemprego (%, est. OIT)",IND,India,2013,7.678
SL.UEM.TOTL.ZS,"Desemprego (%, est. OIT)",IND,India,2012,7.645
SL.UEM.TOTL.ZS,"Desemprego (%, est. OIT)",IND,India,2011,7.609
SL.UEM.TOTL.ZS,"Desemprego (%, est. OIT)",IND,India,2010,7.631
SL.UEM.TOTL.ZS,"Desemprego (%, est. OIT)",IND,India,2009,7.636
SL.UEM.TOTL.ZS,"Desemprego (%, est. OIT)",IND,India,2008,7.629
SL.UEM.TOTL.ZS,"Desemprego (%, est. OIT)",IND,India,2007,7.562
SL.UEM.TOTL.ZS,"Desemprego (%, est. OIT)",IND,India,2006,7.553
SL.UEM.TOTL.ZS,"Desemprego (%, est. OIT)",IND,India,2005,7.551
SL.UEM.TOTL.ZS,"Desemprego (%, est. OIT)",IND,India,2004,7.598
SL.UEM.TOTL.ZS,"Desemprego (%, est. OIT)",IND,India,2003,7.633
SL.UEM.TOTL.ZS,"Desemprego (%, est. OIT)",IND,India,2002,7.681
SL.UEM.TOTL.ZS,"Desemprego (%, est. OIT)",IND,India,2001,7.611
SL.UEM.TOTL.ZS,"Desemprego (%, est. OIT)",IND,India,2000,7.589
SL.UEM.TOTL.ZS,"Desemprego (%, est. OIT)",IND,India,1999,7.583
SL.UEM.TOTL.ZS,"Desemprego (%, est. OIT)",IND,India,1998,7.596
SL.UEM.TOTL.ZS,"Desemprego (%, est. OIT)",IND,India,1997,7.574
SL.UEM.TOTL.ZS,"Desemprego (%, est. OIT)",IND,India,1996,7.537
SL.UEM.TOTL.ZS,"Desemprego (%, est. OIT)",IND,India,1995,7.57
SL.UEM.TOTL.ZS,"Desemprego (%, est. OIT)",MEX,Mexico,2025,2.673
SL.UEM.TOTL.ZS,"Desemprego (%, est. OIT)",MEX,Mexico,2024,2.678
SL.UEM.TOTL.ZS,"Desemprego (%, est. OIT)",MEX,Mexico,2023,2.765
SL.UEM.TOTL.ZS,"Desemprego (%, est. OIT)",MEX,Mexico,2022,3.256
SL.UEM.TOTL.ZS,"Desemprego (%, est. OIT)",MEX,Mexico,2021,4.019
SL.UEM.TOTL.ZS,"Desemprego (%, est. OIT)",MEX,Mexico,2020,4.44
SL.UEM.TOTL.ZS,"Desemprego (%, est. OIT)",MEX,Mexico,2019,3.477
SL.UEM.TOTL.ZS,"Desemprego (%, est. OIT)",MEX,Mexico,2018,3.275
SL.UEM.TOTL.ZS,"Desemprego (%, est. OIT)",MEX,Mexico,2017,3.419
SL.UEM.TOTL.ZS,"Desemprego (%, est. OIT)",MEX,Mexico,2016,3.853
SL.UEM.TOTL.ZS,"Desemprego (%, est. OIT)",MEX,Mexico,2015,4.311
SL.UEM.TOTL.ZS,"Desemprego (%, est. OIT)",MEX,Mexico,2014,4.819
SL.UEM.TOTL.ZS,"Desemprego (%, est. OIT)",MEX,Mexico,2013,4.921
SL.UEM.TOTL.ZS,"Desemprego (%, est. OIT)",MEX,Mexico,2012,4.892
SL.UEM.TOTL.ZS,"Desemprego (%, est. OIT)",MEX,Mexico,2011,5.175
SL.UEM.TOTL.ZS,"Desemprego (%, est. OIT)",MEX,Mexico,2010,5.303
SL.UEM.TOTL.ZS,"Desemprego (%, est. OIT)",MEX,Mexico,2009,5.356
SL.UEM.TOTL.ZS,"Desemprego (%, est. OIT)",MEX,Mexico,2008,3.874
SL.UEM.TOTL.ZS,"Desemprego (%, est. OIT)",MEX,Mexico,2007,3.628
SL.UEM.TOTL.ZS,"Desemprego (%, est. OIT)",MEX,Mexico,2006,3.566
SL.UEM.TOTL.ZS,"Desemprego (%, est. OIT)",MEX,Mexico,2005,3.558
SL.UEM.TOTL.ZS,"Desemprego (%, est. OIT)",MEX,Mexico,2004,3.937
SL.UEM.TOTL.ZS,"Desemprego (%, est. OIT)",MEX,Mexico,2003,3.455
SL.UEM.TOTL.ZS,"Desemprego (%, est. OIT)",MEX,Mexico,2002,3.003
SL.UEM.TOTL.ZS,"Desemprego (%, est. OIT)",MEX,Mexico,2001,2.627
SL.UEM.TOTL.ZS,"Desemprego (%, est. OIT)",MEX,Mexico,2000,2.646
SL.UEM.TOTL.ZS,"Desemprego (%, est. OIT)",MEX,Mexico,1999,2.598
SL.UEM.TOTL.ZS,"Desemprego (%, est. OIT)",MEX,Mexico,1998,3.733
SL.UEM.TOTL.ZS,"Desemprego (%, est. OIT)",MEX,Mexico,1997,4.235
SL.UEM.TOTL.ZS,"Desemprego (%, est. OIT)",MEX,Mexico,1996,5.465
SL.UEM.TOTL.ZS,"Desemprego (%, est. OIT)",MEX,Mexico,1995,7.095
SL.UEM.TOTL.ZS,"Desemprego (%, est. OIT)",PER,Peru,2025,5.117
SL.UEM.TOTL.ZS,"Desemprego (%, est. OIT)",PER,Peru,2024,5.199
SL.UEM.TOTL.ZS,"Desemprego (%, est. OIT)",PER,Peru,2023,4.899
SL.UEM.TOTL.ZS,"Desemprego (%, est. OIT)",PER,Peru,2022,4.291
SL.UEM.TOTL.ZS,"Desemprego (%, est. OIT)",PER,Peru,2021,5.097
SL.UEM.TOTL.ZS,"Desemprego (%, est. OIT)",PER,Peru,2020,7.179
SL.UEM.TOTL.ZS,"Desemprego (%, est. OIT)",PER,Peru,2019,3.379
SL.UEM.TOTL.ZS,"Desemprego (%, est. OIT)",PER,Peru,2018,3.492
SL.UEM.TOTL.ZS,"Desemprego (%, est. OIT)",PER,Peru,2017,3.691
SL.UEM.TOTL.ZS,"Desemprego (%, est. OIT)",PER,Peru,2016,3.741
SL.UEM.TOTL.ZS,"Desemprego (%, est. OIT)",PER,Peru,2015,3.272
SL.UEM.TOTL.ZS,"Desemprego (%, est. OIT)",PER,Peru,2014,3.208
SL.UEM.TOTL.ZS,"Desemprego (%, est. OIT)",PER,Peru,2013,3.575
SL.UEM.TOTL.ZS,"Desemprego (%, est. OIT)",PER,Peru,2012,3.238
SL.UEM.TOTL.ZS,"Desemprego (%, est. OIT)",PER,Peru,2011,3.477
SL.UEM.TOTL.ZS,"Desemprego (%, est. OIT)",PER,Peru,2010,3.6
SL.UEM.TOTL.ZS,"Desemprego (%, est. OIT)",PER,Peru,2009,3.96
SL.UEM.TOTL.ZS,"Desemprego (%, est. OIT)",PER,Peru,2008,4.03
SL.UEM.TOTL.ZS,"Desemprego (%, est. OIT)",PER,Peru,2007,4.08
SL.UEM.TOTL.ZS,"Desemprego (%, est. OIT)",PER,Peru,2006,4.17
SL.UEM.TOTL.ZS,"Desemprego (%, est. OIT)",PER,Peru,2005,4.87
SL.UEM.TOTL.ZS,"Desemprego (%, est. OIT)",PER,Peru,2004,4.71
SL.UEM.TOTL.ZS,"Desemprego (%, est. OIT)",PER,Peru,2003,4.15
SL.UEM.TOTL.ZS,"Desemprego (%, est. OIT)",PER,Peru,2002,4.84
SL.UEM.TOTL.ZS,"Desemprego (%, est. OIT)",PER,Peru,2001,5.068
SL.UEM.TOTL.ZS,"Desemprego (%, est. OIT)",PER,Peru,2000,4.959
SL.UEM.TOTL.ZS,"Desemprego (%, est. OIT)",PER,Peru,1999,5.011
SL.UEM.TOTL.ZS,"Desemprego (%, est. OIT)",PER,Peru,1998,5.099
SL.UEM.TOTL.ZS,"Desemprego (%, est. OIT)",PER,Peru,1997,4.762
SL.UEM.TOTL.ZS,"Desemprego (%, est. OIT)",PER,Peru,1996,4.929
SL.UEM.TOTL.ZS,"Desemprego (%, est. OIT)",PER,Peru,1995,4.708
SL.UEM.TOTL.ZS,"Desemprego (%, est. OIT)",TUR,Turquia,2025,8.52
SL.UEM.TOTL.ZS,"Desemprego (%, est. OIT)",TUR,Turquia,2024,8.8
SL.UEM.TOTL.ZS,"Desemprego (%, est. OIT)",TUR,Turquia,2023,9.388
SL.UEM.TOTL.ZS,"Desemprego (%, est. OIT)",TUR,Turquia,2022,10.465
SL.UEM.TOTL.ZS,"Desemprego (%, est. OIT)",TUR,Turquia,2021,11.969
SL.UEM.TOTL.ZS,"Desemprego (%, est. OIT)",TUR,Turquia,2020,13.148
SL.UEM.TOTL.ZS,"Desemprego (%, est. OIT)",TUR,Turquia,2019,13.73
SL.UEM.TOTL.ZS,"Desemprego (%, est. OIT)",TUR,Turquia,2018,10.956
SL.UEM.TOTL.ZS,"Desemprego (%, est. OIT)",TUR,Turquia,2017,10.919
SL.UEM.TOTL.ZS,"Desemprego (%, est. OIT)",TUR,Turquia,2016,10.899
SL.UEM.TOTL.ZS,"Desemprego (%, est. OIT)",TUR,Turquia,2015,10.304
SL.UEM.TOTL.ZS,"Desemprego (%, est. OIT)",TUR,Turquia,2014,9.901
SL.UEM.TOTL.ZS,"Desemprego (%, est. OIT)",TUR,Turquia,2013,9.713
SL.UEM.TOTL.ZS,"Desemprego (%, est. OIT)",TUR,Turquia,2012,9.21
SL.UEM.TOTL.ZS,"Desemprego (%, est. OIT)",TUR,Turquia,2011,9.789
SL.UEM.TOTL.ZS,"Desemprego (%, est. OIT)",TUR,Turquia,2010,11.879
SL.UEM.TOTL.ZS,"Desemprego (%, est. OIT)",TUR,Turquia,2009,14.026
SL.UEM.TOTL.ZS,"Desemprego (%, est. OIT)",TUR,Turquia,2008,10.965
SL.UEM.TOTL.ZS,"Desemprego (%, est. OIT)",TUR,Turquia,2007,10.285
SL.UEM.TOTL.ZS,"Desemprego (%, est. OIT)",TUR,Turquia,2006,10.227
SL.UEM.TOTL.ZS,"Desemprego (%, est. OIT)",TUR,Turquia,2005,10.636
SL.UEM.TOTL.ZS,"Desemprego (%, est. OIT)",TUR,Turquia,2004,10.838
SL.UEM.TOTL.ZS,"Desemprego (%, est. OIT)",TUR,Turquia,2003,10.542
SL.UEM.TOTL.ZS,"Desemprego (%, est. OIT)",TUR,Turquia,2002,10.358
SL.UEM.TOTL.ZS,"Desemprego (%, est. OIT)",TUR,Turquia,2001,8.381
SL.UEM.TOTL.ZS,"Desemprego (%, est. OIT)",TUR,Turquia,2000,6.495
SL.UEM.TOTL.ZS,"Desemprego (%, est. OIT)",TUR,Turquia,1999,7.687
SL.UEM.TOTL.ZS,"Desemprego (%, est. OIT)",TUR,Turquia,1998,6.888
SL.UEM.TOTL.ZS,"Desemprego (%, est. OIT)",TUR,Turquia,1997,6.841
SL.UEM.TOTL.ZS,"Desemprego (%, est. OIT)",TUR,Turquia,1996,6.629
SL.UEM.TOTL.ZS,"Desemprego (%, est. OIT)",TUR,Turquia,1995,7.644
SL.UEM.TOTL.ZS,"Desemprego (%, est. OIT)",,Upper middle income,2025,5.18391394822957
SL.UEM.TOTL.ZS,"Desemprego (%, est. OIT)",,Upper middle income,2024,5.26143156011161
SL.UEM.TOTL.ZS,"Desemprego (%, est. OIT)",,Upper middle income,2023,5.36297560426889
SL.UEM.TOTL.ZS,"Desemprego (%, est. OIT)",,Upper middle income,2022,5.75041485644261
SL.UEM.TOTL.ZS,"Desemprego (%, est. OIT)",,Upper middle income,2021,6.15372931005527
SL.UEM.TOTL.ZS,"Desemprego (%, est. OIT)",,Upper middle income,2020,6.47637385311808
SL.UEM.TOTL.ZS,"Desemprego (%, est. OIT)",,Upper middle income,2019,5.80585688987594
SL.UEM.TOTL.ZS,"Desemprego (%, est. OIT)",,Upper middle income,2018,5.67121545409166
SL.UEM.TOTL.ZS,"Desemprego (%, est. OIT)",,Upper middle income,2017,5.77337201527055
SL.UEM.TOTL.ZS,"Desemprego (%, est. OIT)",,Upper middle income,2016,5.7624084064723
SL.UEM.TOTL.ZS,"Desemprego (%, est. OIT)",,Upper middle income,2015,5.55781700600781
SL.UEM.TOTL.ZS,"Desemprego (%, est. OIT)",,Upper middle income,2014,5.34707785695012
SL.UEM.TOTL.ZS,"Desemprego (%, est. OIT)",,Upper middle income,2013,5.33490578969923
SL.UEM.TOTL.ZS,"Desemprego (%, est. OIT)",,Upper middle income,2012,5.37033176143252
SL.UEM.TOTL.ZS,"Desemprego (%, est. OIT)",,Upper middle income,2011,5.46548968228103
SL.UEM.TOTL.ZS,"Desemprego (%, est. OIT)",,Upper middle income,2010,5.65648139349247
SL.UEM.TOTL.ZS,"Desemprego (%, est. OIT)",,Upper middle income,2009,5.97493735808703
SL.UEM.TOTL.ZS,"Desemprego (%, est. OIT)",,Upper middle income,2008,5.67683744867821
SL.UEM.TOTL.ZS,"Desemprego (%, est. OIT)",,Upper middle income,2007,5.70858976228737
SL.UEM.TOTL.ZS,"Desemprego (%, est. OIT)",,Upper middle income,2006,5.81135995546678
SL.UEM.TOTL.ZS,"Desemprego (%, est. OIT)",,Upper middle income,2005,6.04628742550639
SL.UEM.TOTL.ZS,"Desemprego (%, est. OIT)",,Upper middle income,2004,6.05455318877558
SL.UEM.TOTL.ZS,"Desemprego (%, est. OIT)",,Upper middle income,2003,6.20263523475666
SL.UEM.TOTL.ZS,"Desemprego (%, est. OIT)",,Upper middle income,2002,6.09771736070604
SL.UEM.TOTL.ZS,"Desemprego (%, est. OIT)",,Upper middle income,2001,5.80136022985993
SL.UEM.TOTL.ZS,"Desemprego (%, est. OIT)",,Upper middle income,2000,5.5440284421365
SL.UEM.TOTL.ZS,"Desemprego (%, est. OIT)",,Upper middle income,1999,5.59898722126335
SL.UEM.TOTL.ZS,"Desemprego (%, est. OIT)",,Upper middle income,1998,5.34643900852976
SL.UEM.TOTL.ZS,"Desemprego (%, est. OIT)",,Upper middle income,1997,5.08286012255765
SL.UEM.TOTL.ZS,"Desemprego (%, est. OIT)",,Upper middle income,1996,5.02054476197626
SL.UEM.TOTL.ZS,"Desemprego (%, est. OIT)",,Upper middle income,1995,4.85948587608005
SL.UEM.TOTL.ZS,"Desemprego (%, est. OIT)",ZAF,Africa do Sul,2025,32.391
SL.UEM.TOTL.ZS,"Desemprego (%, est. OIT)",ZAF,Africa do Sul,2024,32.279
SL.UEM.TOTL.ZS,"Desemprego (%, est. OIT)",ZAF,Africa do Sul,2023,32.098
SL.UEM.TOTL.ZS,"Desemprego (%, est. OIT)",ZAF,Africa do Sul,2022,33.268
SL.UEM.TOTL.ZS,"Desemprego (%, est. OIT)",ZAF,Africa do Sul,2021,34.007
SL.UEM.TOTL.ZS,"Desemprego (%, est. OIT)",ZAF,Africa do Sul,2020,29.217
SL.UEM.TOTL.ZS,"Desemprego (%, est. OIT)",ZAF,Africa do Sul,2019,28.468
SL.UEM.TOTL.ZS,"Desemprego (%, est. OIT)",ZAF,Africa do Sul,2018,26.906
SL.UEM.TOTL.ZS,"Desemprego (%, est. OIT)",ZAF,Africa do Sul,2017,27.035
SL.UEM.TOTL.ZS,"Desemprego (%, est. OIT)",ZAF,Africa do Sul,2016,26.536
SL.UEM.TOTL.ZS,"Desemprego (%, est. OIT)",ZAF,Africa do Sul,2015,25.149
SL.UEM.TOTL.ZS,"Desemprego (%, est. OIT)",ZAF,Africa do Sul,2014,24.89
SL.UEM.TOTL.ZS,"Desemprego (%, est. OIT)",ZAF,Africa do Sul,2013,24.561
SL.UEM.TOTL.ZS,"Desemprego (%, est. OIT)",ZAF,Africa do Sul,2012,24.727
SL.UEM.TOTL.ZS,"Desemprego (%, est. OIT)",ZAF,Africa do Sul,2011,24.639
SL.UEM.TOTL.ZS,"Desemprego (%, est. OIT)",ZAF,Africa do Sul,2010,24.683
SL.UEM.TOTL.ZS,"Desemprego (%, est. OIT)",ZAF,Africa do Sul,2009,23.523
SL.UEM.TOTL.ZS,"Desemprego (%, est. OIT)",ZAF,Africa do Sul,2008,22.407
SL.UEM.TOTL.ZS,"Desemprego (%, est. OIT)",ZAF,Africa do Sul,2007,22.26
SL.UEM.TOTL.ZS,"Desemprego (%, est. OIT)",ZAF,Africa do Sul,2006,22.304
SL.UEM.TOTL.ZS,"Desemprego (%, est. OIT)",ZAF,Africa do Sul,2005,22.472
SL.UEM.TOTL.ZS,"Desemprego (%, est. OIT)",ZAF,Africa do Sul,2004,22.567
SL.UEM.TOTL.ZS,"Desemprego (%, est. OIT)",ZAF,Africa do Sul,2003,22.679
SL.UEM.TOTL.ZS,"Desemprego (%, est. OIT)",ZAF,Africa do Sul,2002,22.579
SL.UEM.TOTL.ZS,"Desemprego (%, est. OIT)",ZAF,Africa do Sul,2001,22.652
SL.UEM.TOTL.ZS,"Desemprego (%, est. OIT)",ZAF,Africa do Sul,2000,22.788
SL.UEM.TOTL.ZS,"Desemprego (%, est. OIT)",ZAF,Africa do Sul,1999,22.884
SL.UEM.TOTL.ZS,"Desemprego (%, est. OIT)",ZAF,Africa do Sul,1998,22.739
SL.UEM.TOTL.ZS,"Desemprego (%, est. OIT)",ZAF,Africa do Sul,1997,22.549
SL.UEM.TOTL.ZS,"Desemprego (%, est. OIT)",ZAF,Africa do Sul,1996,22.5
SL.UEM.TOTL.ZS,"Desemprego (%, est. OIT)",ZAF,Africa do Sul,1995,22.705
SL.EMP.VULN.ZS,Emprego vulneravel (%),ARG,Argentina,2025,22.2688789059329
SL.EMP.VULN.ZS,Emprego vulneravel (%),ARG,Argentina,2024,22.4231386348518
SL.EMP.VULN.ZS,Emprego vulneravel (%),ARG,Argentina,2023,22.4431470253428
SL.EMP.VULN.ZS,Emprego vulneravel (%),ARG,Argentina,2022,23.2797968408073
SL.EMP.VULN.ZS,Emprego vulneravel (%),ARG,Argentina,2021,24.0189803057016
SL.EMP.VULN.ZS,Emprego vulneravel (%),ARG,Argentina,2020,24.0669497937937
SL.EMP.VULN.ZS,Emprego vulneravel (%),ARG,Argentina,2019,22.7149996003683
SL.EMP.VULN.ZS,Emprego vulneravel (%),ARG,Argentina,2018,21.6175577222417
SL.EMP.VULN.ZS,Emprego vulneravel (%),ARG,Argentina,2017,21.505941986483
SL.EMP.VULN.ZS,Emprego vulneravel (%),ARG,Argentina,2016,21.0846506714366
SL.EMP.VULN.ZS,Emprego vulneravel (%),ARG,Argentina,2015,20.604372046677
SL.EMP.VULN.ZS,Emprego vulneravel (%),ARG,Argentina,2014,20.1779734655309
SL.EMP.VULN.ZS,Emprego vulneravel (%),ARG,Argentina,2013,19.6857850931616
SL.EMP.VULN.ZS,Emprego vulneravel (%),ARG,Argentina,2012,19.0299608764648
SL.EMP.VULN.ZS,Emprego vulneravel (%),ARG,Argentina,2011,18.6211188839315
SL.EMP.VULN.ZS,Emprego vulneravel (%),ARG,Argentina,2010,19.0490238114851
SL.EMP.VULN.ZS,Emprego vulneravel (%),ARG,Argentina,2009,19.5906993047639
SL.EMP.VULN.ZS,Emprego vulneravel (%),ARG,Argentina,2008,19.1016841857864
SL.EMP.VULN.ZS,Emprego vulneravel (%),ARG,Argentina,2007,19.178244400597
SL.EMP.VULN.ZS,Emprego vulneravel (%),ARG,Argentina,2006,20.2573051041667
SL.EMP.VULN.ZS,Emprego vulneravel (%),ARG,Argentina,2005,21.2797063654732
SL.EMP.VULN.ZS,Emprego vulneravel (%),ARG,Argentina,2004,21.6028718502752
SL.EMP.VULN.ZS,Emprego vulneravel (%),ARG,Argentina,2003,21.7001661163026
SL.EMP.VULN.ZS,Emprego vulneravel (%),ARG,Argentina,2002,23.70466457638
SL.EMP.VULN.ZS,Emprego vulneravel (%),ARG,Argentina,2001,22.9126921231873
SL.EMP.VULN.ZS,Emprego vulneravel (%),ARG,Argentina,2000,21.9748899685516
SL.EMP.VULN.ZS,Emprego vulneravel (%),ARG,Argentina,1999,22.2161669656372
SL.EMP.VULN.ZS,Emprego vulneravel (%),ARG,Argentina,1998,22.433819684413
SL.EMP.VULN.ZS,Emprego vulneravel (%),ARG,Argentina,1997,22.8020681153944
SL.EMP.VULN.ZS,Emprego vulneravel (%),ARG,Argentina,1996,23.6846464936502
SL.EMP.VULN.ZS,Emprego vulneravel (%),ARG,Argentina,1995,23.2865571278501
SL.EMP.VULN.ZS,Emprego vulneravel (%),BRA,Brasil,2025,26.0849820869874
SL.EMP.VULN.ZS,Emprego vulneravel (%),BRA,Brasil,2024,26.3285463035743
SL.EMP.VULN.ZS,Emprego vulneravel (%),BRA,Brasil,2023,27.0083134719641
SL.EMP.VULN.ZS,Emprego vulneravel (%),BRA,Brasil,2022,27.8044136163908
SL.EMP.VULN.ZS,Emprego vulneravel (%),BRA,Brasil,2021,29.3798050062589
SL.EMP.VULN.ZS,Emprego vulneravel (%),BRA,Brasil,2020,27.9396077371374
SL.EMP.VULN.ZS,Emprego vulneravel (%),BRA,Brasil,2019,27.6011508281783
SL.EMP.VULN.ZS,Emprego vulneravel (%),BRA,Brasil,2018,27.1841141875625
SL.EMP.VULN.ZS,Emprego vulneravel (%),BRA,Brasil,2017,26.9085129573391
SL.EMP.VULN.ZS,Emprego vulneravel (%),BRA,Brasil,2016,26.6500334165773
SL.EMP.VULN.ZS,Emprego vulneravel (%),BRA,Brasil,2015,26.2570850324328
SL.EMP.VULN.ZS,Emprego vulneravel (%),BRA,Brasil,2014,25.3338754286233
SL.EMP.VULN.ZS,Emprego vulneravel (%),BRA,Brasil,2013,25.4302488749907
SL.EMP.VULN.ZS,Emprego vulneravel (%),BRA,Brasil,2012,25.3469708350551
SL.EMP.VULN.ZS,Emprego vulneravel (%),BRA,Brasil,2011,25.5304982941098
SL.EMP.VULN.ZS,Emprego vulneravel (%),BRA,Brasil,2010,25.8550019135957
SL.EMP.VULN.ZS,Emprego vulneravel (%),BRA,Brasil,2009,26.162873506076
SL.EMP.VULN.ZS,Emprego vulneravel (%),BRA,Brasil,2008,26.4611469990898
SL.EMP.VULN.ZS,Emprego vulneravel (%),BRA,Brasil,2007,28.2495822888988
SL.EMP.VULN.ZS,Emprego vulneravel (%),BRA,Brasil,2006,28.6572677191098
SL.EMP.VULN.ZS,Emprego vulneravel (%),BRA,Brasil,2005,29.6544876944097
SL.EMP.VULN.ZS,Emprego vulneravel (%),BRA,Brasil,2004,29.6901297706027
SL.EMP.VULN.ZS,Emprego vulneravel (%),BRA,Brasil,2003,30.1785257482827
SL.EMP.VULN.ZS,Emprego vulneravel (%),BRA,Brasil,2002,30.0866840763169
SL.EMP.VULN.ZS,Emprego vulneravel (%),BRA,Brasil,2001,29.9897609694399
SL.EMP.VULN.ZS,Emprego vulneravel (%),BRA,Brasil,2000,30.2047258950805
SL.EMP.VULN.ZS,Emprego vulneravel (%),BRA,Brasil,1999,30.4651119441301
SL.EMP.VULN.ZS,Emprego vulneravel (%),BRA,Brasil,1998,29.9026533951689
SL.EMP.VULN.ZS,Emprego vulneravel (%),BRA,Brasil,1997,29.8052780965293
SL.EMP.VULN.ZS,Emprego vulneravel (%),BRA,Brasil,1996,29.4280666436194
SL.EMP.VULN.ZS,Emprego vulneravel (%),BRA,Brasil,1995,30.4797732205289
SL.EMP.VULN.ZS,Emprego vulneravel (%),CHL,Chile,2025,20.9258881377996
SL.EMP.VULN.ZS,Emprego vulneravel (%),CHL,Chile,2024,21.0556071151613
SL.EMP.VULN.ZS,Emprego vulneravel (%),CHL,Chile,2023,21.4932685385367
SL.EMP.VULN.ZS,Emprego vulneravel (%),CHL,Chile,2022,21.3956019718851
SL.EMP.VULN.ZS,Emprego vulneravel (%),CHL,Chile,2021,21.8411063330398
SL.EMP.VULN.ZS,Emprego vulneravel (%),CHL,Chile,2020,21.745295695875
SL.EMP.VULN.ZS,Emprego vulneravel (%),CHL,Chile,2019,20.8479397366575
SL.EMP.VULN.ZS,Emprego vulneravel (%),CHL,Chile,2018,20.9748274850116
SL.EMP.VULN.ZS,Emprego vulneravel (%),CHL,Chile,2017,21.1846815872184
SL.EMP.VULN.ZS,Emprego vulneravel (%),CHL,Chile,2016,20.6669999520745
SL.EMP.VULN.ZS,Emprego vulneravel (%),CHL,Chile,2015,19.8407454018785
SL.EMP.VULN.ZS,Emprego vulneravel (%),CHL,Chile,2014,19.9398426850485
SL.EMP.VULN.ZS,Emprego vulneravel (%),CHL,Chile,2013,19.1954319216634
SL.EMP.VULN.ZS,Emprego vulneravel (%),CHL,Chile,2012,19.1568100362915
SL.EMP.VULN.ZS,Emprego vulneravel (%),CHL,Chile,2011,19.9359022365088
SL.EMP.VULN.ZS,Emprego vulneravel (%),CHL,Chile,2010,19.9468654027448
SL.EMP.VULN.ZS,Emprego vulneravel (%),CHL,Chile,2009,20.1151139848596
SL.EMP.VULN.ZS,Emprego vulneravel (%),CHL,Chile,2008,20.2827253700611
SL.EMP.VULN.ZS,Emprego vulneravel (%),CHL,Chile,2007,20.4238694012793
SL.EMP.VULN.ZS,Emprego vulneravel (%),CHL,Chile,2006,20.6557737731495
SL.EMP.VULN.ZS,Emprego vulneravel (%),CHL,Chile,2005,20.9831423537935
SL.EMP.VULN.ZS,Emprego vulneravel (%),CHL,Chile,2004,21.2191814264433
SL.EMP.VULN.ZS,Emprego vulneravel (%),CHL,Chile,2003,21.4646255257433
SL.EMP.VULN.ZS,Emprego vulneravel (%),CHL,Chile,2002,21.5686560496095
SL.EMP.VULN.ZS,Emprego vulneravel (%),CHL,Chile,2001,21.6490768553765
SL.EMP.VULN.ZS,Emprego vulneravel (%),CHL,Chile,2000,21.7595433210313
SL.EMP.VULN.ZS,Emprego vulneravel (%),CHL,Chile,1999,21.8456182404067
SL.EMP.VULN.ZS,Emprego vulneravel (%),CHL,Chile,1998,21.9031822878644
SL.EMP.VULN.ZS,Emprego vulneravel (%),CHL,Chile,1997,22.0295144847792
SL.EMP.VULN.ZS,Emprego vulneravel (%),CHL,Chile,1996,22.2255430807655
SL.EMP.VULN.ZS,Emprego vulneravel (%),CHL,Chile,1995,22.3883412869365
SL.EMP.VULN.ZS,Emprego vulneravel (%),CHN,China,2025,33.3992901433807
SL.EMP.VULN.ZS,Emprego vulneravel (%),CHN,China,2024,33.8046637980516
SL.EMP.VULN.ZS,Emprego vulneravel (%),CHN,China,2023,34.2291488221934
SL.EMP.VULN.ZS,Emprego vulneravel (%),CHN,China,2022,34.6621398489615
SL.EMP.VULN.ZS,Emprego vulneravel (%),CHN,China,2021,35.0980643322894
SL.EMP.VULN.ZS,Emprego vulneravel (%),CHN,China,2020,35.3997429816079
SL.EMP.VULN.ZS,Emprego vulneravel (%),CHN,China,2019,35.3216676043777
SL.EMP.VULN.ZS,Emprego vulneravel (%),CHN,China,2018,35.8183526295519
SL.EMP.VULN.ZS,Emprego vulneravel (%),CHN,China,2017,36.3236704322757
SL.EMP.VULN.ZS,Emprego vulneravel (%),CHN,China,2016,36.8378037904124
SL.EMP.VULN.ZS,Emprego vulneravel (%),CHN,China,2015,37.3670101435152
SL.EMP.VULN.ZS,Emprego vulneravel (%),CHN,China,2014,37.9179011645414
SL.EMP.VULN.ZS,Emprego vulneravel (%),CHN,China,2013,38.4984455583427
SL.EMP.VULN.ZS,Emprego vulneravel (%),CHN,China,2012,39.1144990738399
SL.EMP.VULN.ZS,Emprego vulneravel (%),CHN,China,2011,39.7731246435059
SL.EMP.VULN.ZS,Emprego vulneravel (%),CHN,China,2010,40.4867143485093
SL.EMP.VULN.ZS,Emprego vulneravel (%),CHN,China,2009,41.2417335404196
SL.EMP.VULN.ZS,Emprego vulneravel (%),CHN,China,2008,42.013887418356
SL.EMP.VULN.ZS,Emprego vulneravel (%),CHN,China,2007,42.8299922600966
SL.EMP.VULN.ZS,Emprego vulneravel (%),CHN,China,2006,43.6722793357819
SL.EMP.VULN.ZS,Emprego vulneravel (%),CHN,China,2005,44.4697322649126
SL.EMP.VULN.ZS,Emprego vulneravel (%),CHN,China,2004,45.236003901082
SL.EMP.VULN.ZS,Emprego vulneravel (%),CHN,China,2003,45.9882105974691
SL.EMP.VULN.ZS,Emprego vulneravel (%),CHN,China,2002,46.7012672338196
SL.EMP.VULN.ZS,Emprego vulneravel (%),CHN,China,2001,47.3799724526367
SL.EMP.VULN.ZS,Emprego vulneravel (%),CHN,China,2000,48.0183372305775
SL.EMP.VULN.ZS,Emprego vulneravel (%),CHN,China,1999,48.6147652112058
SL.EMP.VULN.ZS,Emprego vulneravel (%),CHN,China,1998,49.2103022382145
SL.EMP.VULN.ZS,Emprego vulneravel (%),CHN,China,1997,49.8313503518869
SL.EMP.VULN.ZS,Emprego vulneravel (%),CHN,China,1996,50.4855938191321
SL.EMP.VULN.ZS,Emprego vulneravel (%),CHN,China,1995,51.1780757632866
SL.EMP.VULN.ZS,Emprego vulneravel (%),COL,Colombia,2025,42.9606092259457
SL.EMP.VULN.ZS,Emprego vulneravel (%),COL,Colombia,2024,43.0996846865936
SL.EMP.VULN.ZS,Emprego vulneravel (%),COL,Colombia,2023,43.7977677955096
SL.EMP.VULN.ZS,Emprego vulneravel (%),COL,Colombia,2022,44.2221914558041
SL.EMP.VULN.ZS,Emprego vulneravel (%),COL,Colombia,2021,44.5307458332975
SL.EMP.VULN.ZS,Emprego vulneravel (%),COL,Colombia,2020,44.3625992423816
SL.EMP.VULN.ZS,Emprego vulneravel (%),COL,Colombia,2019,42.7650120334878
SL.EMP.VULN.ZS,Emprego vulneravel (%),COL,Colombia,2018,44.2544216354014
SL.EMP.VULN.ZS,Emprego vulneravel (%),COL,Colombia,2017,43.9907710532752
SL.EMP.VULN.ZS,Emprego vulneravel (%),COL,Colombia,2016,43.9457077672816
SL.EMP.VULN.ZS,Emprego vulneravel (%),COL,Colombia,2015,43.7094749790026
SL.EMP.VULN.ZS,Emprego vulneravel (%),COL,Colombia,2014,43.9321252809496
SL.EMP.VULN.ZS,Emprego vulneravel (%),COL,Colombia,2013,44.3647499163015
SL.EMP.VULN.ZS,Emprego vulneravel (%),COL,Colombia,2012,44.8925726233459
SL.EMP.VULN.ZS,Emprego vulneravel (%),COL,Colombia,2011,45.3860305633174
SL.EMP.VULN.ZS,Emprego vulneravel (%),COL,Colombia,2010,45.0367623889033
SL.EMP.VULN.ZS,Emprego vulneravel (%),COL,Colombia,2009,45.3076775787095
SL.EMP.VULN.ZS,Emprego vulneravel (%),COL,Colombia,2008,43.5757789928962
SL.EMP.VULN.ZS,Emprego vulneravel (%),COL,Colombia,2007,39.1535655916994
SL.EMP.VULN.ZS,Emprego vulneravel (%),COL,Colombia,2006,39.5765975647162
SL.EMP.VULN.ZS,Emprego vulneravel (%),COL,Colombia,2005,37.8189943745979
SL.EMP.VULN.ZS,Emprego vulneravel (%),COL,Colombia,2004,39.5036500590418
SL.EMP.VULN.ZS,Emprego vulneravel (%),COL,Colombia,2003,39.1509163416715
SL.EMP.VULN.ZS,Emprego vulneravel (%),COL,Colombia,2002,39.2319596807969
SL.EMP.VULN.ZS,Emprego vulneravel (%),COL,Colombia,2001,39.5025261341302
SL.EMP.VULN.ZS,Emprego vulneravel (%),COL,Colombia,2000,39.6947238074318
SL.EMP.VULN.ZS,Emprego vulneravel (%),COL,Colombia,1999,39.6825257793984
SL.EMP.VULN.ZS,Emprego vulneravel (%),COL,Colombia,1998,39.7751750351097
SL.EMP.VULN.ZS,Emprego vulneravel (%),COL,Colombia,1997,39.631529420585
SL.EMP.VULN.ZS,Emprego vulneravel (%),COL,Colombia,1996,39.8469757961667
SL.EMP.VULN.ZS,Emprego vulneravel (%),COL,Colombia,1995,40.0553565758796
SL.EMP.VULN.ZS,Emprego vulneravel (%),ECU,Equador,2025,50.1184585015072
SL.EMP.VULN.ZS,Emprego vulneravel (%),ECU,Equador,2024,50.1616765821744
SL.EMP.VULN.ZS,Emprego vulneravel (%),ECU,Equador,2023,48.6267465931014
SL.EMP.VULN.ZS,Emprego vulneravel (%),ECU,Equador,2022,50.972290649321
SL.EMP.VULN.ZS,Emprego vulneravel (%),ECU,Equador,2021,52.1511278170763
SL.EMP.VULN.ZS,Emprego vulneravel (%),ECU,Equador,2020,52.0343211366706
SL.EMP.VULN.ZS,Emprego vulneravel (%),ECU,Equador,2019,51.7228762159523
SL.EMP.VULN.ZS,Emprego vulneravel (%),ECU,Equador,2018,50.2721553528032
SL.EMP.VULN.ZS,Emprego vulneravel (%),ECU,Equador,2017,49.6750648985681
SL.EMP.VULN.ZS,Emprego vulneravel (%),ECU,Equador,2016,48.6177906465896
SL.EMP.VULN.ZS,Emprego vulneravel (%),ECU,Equador,2015,44.8841060781396
SL.EMP.VULN.ZS,Emprego vulneravel (%),ECU,Equador,2014,42.7447296073432
SL.EMP.VULN.ZS,Emprego vulneravel (%),ECU,Equador,2013,44.9686893230082
SL.EMP.VULN.ZS,Emprego vulneravel (%),ECU,Equador,2012,45.6248513660559
SL.EMP.VULN.ZS,Emprego vulneravel (%),ECU,Equador,2011,45.8688301301088
SL.EMP.VULN.ZS,Emprego vulneravel (%),ECU,Equador,2010,43.9038963484365
SL.EMP.VULN.ZS,Emprego vulneravel (%),ECU,Equador,2009,44.3727266255032
SL.EMP.VULN.ZS,Emprego vulneravel (%),ECU,Equador,2008,42.7212946625026
SL.EMP.VULN.ZS,Emprego vulneravel (%),ECU,Equador,2007,43.3251010467954
SL.EMP.VULN.ZS,Emprego vulneravel (%),ECU,Equador,2006,43.527849257882
SL.EMP.VULN.ZS,Emprego vulneravel (%),ECU,Equador,2005,43.821238031438
SL.EMP.VULN.ZS,Emprego vulneravel (%),ECU,Equador,2004,45.8390658599015
SL.EMP.VULN.ZS,Emprego vulneravel (%),ECU,Equador,2003,43.553466726099
SL.EMP.VULN.ZS,Emprego vulneravel (%),ECU,Equador,2002,44.8914566839693
SL.EMP.VULN.ZS,Emprego vulneravel (%),ECU,Equador,2001,46.2254292963344
SL.EMP.VULN.ZS,Emprego vulneravel (%),ECU,Equador,2000,46.2071111504194
SL.EMP.VULN.ZS,Emprego vulneravel (%),ECU,Equador,1999,46.1625289448336
SL.EMP.VULN.ZS,Emprego vulneravel (%),ECU,Equador,1998,46.1529357061335
SL.EMP.VULN.ZS,Emprego vulneravel (%),ECU,Equador,1997,45.2823377344189
SL.EMP.VULN.ZS,Emprego vulneravel (%),ECU,Equador,1996,47.2489872309996
SL.EMP.VULN.ZS,Emprego vulneravel (%),ECU,Equador,1995,46.072050445073
SL.EMP.VULN.ZS,Emprego vulneravel (%),IDN,Indonesia,2025,49.9563947518921
SL.EMP.VULN.ZS,Emprego vulneravel (%),IDN,Indonesia,2024,50.3095599926267
SL.EMP.VULN.ZS,Emprego vulneravel (%),IDN,Indonesia,2023,50.671641325763
SL.EMP.VULN.ZS,Emprego vulneravel (%),IDN,Indonesia,2022,50.2806596863492
SL.EMP.VULN.ZS,Emprego vulneravel (%),IDN,Indonesia,2021,49.9031597347253
SL.EMP.VULN.ZS,Emprego vulneravel (%),IDN,Indonesia,2020,50.3136526573599
SL.EMP.VULN.ZS,Emprego vulneravel (%),IDN,Indonesia,2019,49.138303631225
SL.EMP.VULN.ZS,Emprego vulneravel (%),IDN,Indonesia,2018,49.1211021884397
SL.EMP.VULN.ZS,Emprego vulneravel (%),IDN,Indonesia,2017,48.4921518603942
SL.EMP.VULN.ZS,Emprego vulneravel (%),IDN,Indonesia,2016,48.3329217166956
SL.EMP.VULN.ZS,Emprego vulneravel (%),IDN,Indonesia,2015,48.2113835792613
SL.EMP.VULN.ZS,Emprego vulneravel (%),IDN,Indonesia,2014,50.4491195071174
SL.EMP.VULN.ZS,Emprego vulneravel (%),IDN,Indonesia,2013,50.8849119430324
SL.EMP.VULN.ZS,Emprego vulneravel (%),IDN,Indonesia,2012,51.2865487748644
SL.EMP.VULN.ZS,Emprego vulneravel (%),IDN,Indonesia,2011,54.1008956470533
SL.EMP.VULN.ZS,Emprego vulneravel (%),IDN,Indonesia,2010,57.2529873177426
SL.EMP.VULN.ZS,Emprego vulneravel (%),IDN,Indonesia,2009,58.3681793495205
SL.EMP.VULN.ZS,Emprego vulneravel (%),IDN,Indonesia,2008,58.4621702981627
SL.EMP.VULN.ZS,Emprego vulneravel (%),IDN,Indonesia,2007,58.9807598305453
SL.EMP.VULN.ZS,Emprego vulneravel (%),IDN,Indonesia,2006,58.5840765475942
SL.EMP.VULN.ZS,Emprego vulneravel (%),IDN,Indonesia,2005,59.0840304698408
SL.EMP.VULN.ZS,Emprego vulneravel (%),IDN,Indonesia,2004,61.2540804454991
SL.EMP.VULN.ZS,Emprego vulneravel (%),IDN,Indonesia,2003,62.9116193648706
SL.EMP.VULN.ZS,Emprego vulneravel (%),IDN,Indonesia,2002,61.131963923336
SL.EMP.VULN.ZS,Emprego vulneravel (%),IDN,Indonesia,2001,61.2868273427186
SL.EMP.VULN.ZS,Emprego vulneravel (%),IDN,Indonesia,2000,65.2215913974887
SL.EMP.VULN.ZS,Emprego vulneravel (%),IDN,Indonesia,1999,64.3603539782223
SL.EMP.VULN.ZS,Emprego vulneravel (%),IDN,Indonesia,1998,65.7235198574139
SL.EMP.VULN.ZS,Emprego vulneravel (%),IDN,Indonesia,1997,63.1477030001288
SL.EMP.VULN.ZS,Emprego vulneravel (%),IDN,Indonesia,1996,64.678897242172
SL.EMP.VULN.ZS,Emprego vulneravel (%),IDN,Indonesia,1995,65.1849755602467
SL.EMP.VULN.ZS,Emprego vulneravel (%),IND,India,2025,71.583962506186
SL.EMP.VULN.ZS,Emprego vulneravel (%),IND,India,2024,72.0646133231289
SL.EMP.VULN.ZS,Emprego vulneravel (%),IND,India,2023,72.7628402822064
SL.EMP.VULN.ZS,Emprego vulneravel (%),IND,India,2022,74.0023374256774
SL.EMP.VULN.ZS,Emprego vulneravel (%),IND,India,2021,74.5533066565003
SL.EMP.VULN.ZS,Emprego vulneravel (%),IND,India,2020,75.0761774925483
SL.EMP.VULN.ZS,Emprego vulneravel (%),IND,India,2019,75.2031954710256
SL.EMP.VULN.ZS,Emprego vulneravel (%),IND,India,2018,75.8131257799368
SL.EMP.VULN.ZS,Emprego vulneravel (%),IND,India,2017,76.5180932398501
SL.EMP.VULN.ZS,Emprego vulneravel (%),IND,India,2016,77.2156141688909
SL.EMP.VULN.ZS,Emprego vulneravel (%),IND,India,2015,77.8760454344934
SL.EMP.VULN.ZS,Emprego vulneravel (%),IND,India,2014,78.5181807246357
SL.EMP.VULN.ZS,Emprego vulneravel (%),IND,India,2013,79.0944024401267
SL.EMP.VULN.ZS,Emprego vulneravel (%),IND,India,2012,79.6487446201012
SL.EMP.VULN.ZS,Emprego vulneravel (%),IND,India,2011,80.9697610878916
SL.EMP.VULN.ZS,Emprego vulneravel (%),IND,India,2010,82.312286141453
SL.EMP.VULN.ZS,Emprego vulneravel (%),IND,India,2009,82.4804895935204
SL.EMP.VULN.ZS,Emprego vulneravel (%),IND,India,2008,82.6359919103452
SL.EMP.VULN.ZS,Emprego vulneravel (%),IND,India,2007,82.7394429147281
SL.EMP.VULN.ZS,Emprego vulneravel (%),IND,India,2006,82.926212328015
SL.EMP.VULN.ZS,Emprego vulneravel (%),IND,India,2005,83.1538717115951
SL.EMP.VULN.ZS,Emprego vulneravel (%),IND,India,2004,83.3099974655237
SL.EMP.VULN.ZS,Emprego vulneravel (%),IND,India,2003,83.5026779976243
SL.EMP.VULN.ZS,Emprego vulneravel (%),IND,India,2002,83.5942517249853
SL.EMP.VULN.ZS,Emprego vulneravel (%),IND,India,2001,83.6831549521375
SL.EMP.VULN.ZS,Emprego vulneravel (%),IND,India,2000,83.7213535927474
SL.EMP.VULN.ZS,Emprego vulneravel (%),IND,India,1999,84.0003167017918
SL.EMP.VULN.ZS,Emprego vulneravel (%),IND,India,1998,84.2391985438184
SL.EMP.VULN.ZS,Emprego vulneravel (%),IND,India,1997,84.449653662153
SL.EMP.VULN.ZS,Emprego vulneravel (%),IND,India,1996,84.6833073973745
SL.EMP.VULN.ZS,Emprego vulneravel (%),IND,India,1995,84.955461234921
SL.EMP.VULN.ZS,Emprego vulneravel (%),MEX,Mexico,2025,25.3099549208398
SL.EMP.VULN.ZS,Emprego vulneravel (%),MEX,Mexico,2024,25.3176786585274
SL.EMP.VULN.ZS,Emprego vulneravel (%),MEX,Mexico,2023,26.1101792283655
SL.EMP.VULN.ZS,Emprego vulneravel (%),MEX,Mexico,2022,26.7121637679536
SL.EMP.VULN.ZS,Emprego vulneravel (%),MEX,Mexico,2021,26.9162365538204
SL.EMP.VULN.ZS,Emprego vulneravel (%),MEX,Mexico,2020,25.6061584665131
SL.EMP.VULN.ZS,Emprego vulneravel (%),MEX,Mexico,2019,25.2923719558328
SL.EMP.VULN.ZS,Emprego vulneravel (%),MEX,Mexico,2018,24.9522096359473
SL.EMP.VULN.ZS,Emprego vulneravel (%),MEX,Mexico,2017,25.01057468159
SL.EMP.VULN.ZS,Emprego vulneravel (%),MEX,Mexico,2016,25.368150093206
SL.EMP.VULN.ZS,Emprego vulneravel (%),MEX,Mexico,2015,25.8734166652499
SL.EMP.VULN.ZS,Emprego vulneravel (%),MEX,Mexico,2014,26.1286776395464
SL.EMP.VULN.ZS,Emprego vulneravel (%),MEX,Mexico,2013,26.6149635386733
SL.EMP.VULN.ZS,Emprego vulneravel (%),MEX,Mexico,2012,26.5915706565839
SL.EMP.VULN.ZS,Emprego vulneravel (%),MEX,Mexico,2011,27.0383943361546
SL.EMP.VULN.ZS,Emprego vulneravel (%),MEX,Mexico,2010,27.1323174816299
SL.EMP.VULN.ZS,Emprego vulneravel (%),MEX,Mexico,2009,28.10971298329
SL.EMP.VULN.ZS,Emprego vulneravel (%),MEX,Mexico,2008,27.1293986726867
SL.EMP.VULN.ZS,Emprego vulneravel (%),MEX,Mexico,2007,27.6258854803049
SL.EMP.VULN.ZS,Emprego vulneravel (%),MEX,Mexico,2006,27.6392315403137
SL.EMP.VULN.ZS,Emprego vulneravel (%),MEX,Mexico,2005,28.6988275313931
SL.EMP.VULN.ZS,Emprego vulneravel (%),MEX,Mexico,2004,28.7294860397438
SL.EMP.VULN.ZS,Emprego vulneravel (%),MEX,Mexico,2003,29.161819871507
SL.EMP.VULN.ZS,Emprego vulneravel (%),MEX,Mexico,2002,28.9291909210766
SL.EMP.VULN.ZS,Emprego vulneravel (%),MEX,Mexico,2001,28.9205645916625
SL.EMP.VULN.ZS,Emprego vulneravel (%),MEX,Mexico,2000,28.6556583715149
SL.EMP.VULN.ZS,Emprego vulneravel (%),MEX,Mexico,1999,30.9941521102718
SL.EMP.VULN.ZS,Emprego vulneravel (%),MEX,Mexico,1998,31.276231726969
SL.EMP.VULN.ZS,Emprego vulneravel (%),MEX,Mexico,1997,33.4392985862985
SL.EMP.VULN.ZS,Emprego vulneravel (%),MEX,Mexico,1996,32.3222158998867
SL.EMP.VULN.ZS,Emprego vulneravel (%),MEX,Mexico,1995,33.9691096067829
SL.EMP.VULN.ZS,Emprego vulneravel (%),PER,Peru,2025,47.5135268599392
SL.EMP.VULN.ZS,Emprego vulneravel (%),PER,Peru,2024,47.8975550154928
SL.EMP.VULN.ZS,Emprego vulneravel (%),PER,Peru,2023,48.6156423897245
SL.EMP.VULN.ZS,Emprego vulneravel (%),PER,Peru,2022,49.6637299884109
SL.EMP.VULN.ZS,Emprego vulneravel (%),PER,Peru,2021,49.775440054393
SL.EMP.VULN.ZS,Emprego vulneravel (%),PER,Peru,2020,53.1628698946316
SL.EMP.VULN.ZS,Emprego vulneravel (%),PER,Peru,2019,52.6369706122722
SL.EMP.VULN.ZS,Emprego vulneravel (%),PER,Peru,2018,52.9335908481099
SL.EMP.VULN.ZS,Emprego vulneravel (%),PER,Peru,2017,52.552111160275
SL.EMP.VULN.ZS,Emprego vulneravel (%),PER,Peru,2016,52.0266397920302
SL.EMP.VULN.ZS,Emprego vulneravel (%),PER,Peru,2015,51.4989695717702
SL.EMP.VULN.ZS,Emprego vulneravel (%),PER,Peru,2014,51.9023329766588
SL.EMP.VULN.ZS,Emprego vulneravel (%),PER,Peru,2013,51.375430231108
SL.EMP.VULN.ZS,Emprego vulneravel (%),PER,Peru,2012,51.8022036170935
SL.EMP.VULN.ZS,Emprego vulneravel (%),PER,Peru,2011,53.320510988175
SL.EMP.VULN.ZS,Emprego vulneravel (%),PER,Peru,2010,53.2760827851505
SL.EMP.VULN.ZS,Emprego vulneravel (%),PER,Peru,2009,53.3004061698151
SL.EMP.VULN.ZS,Emprego vulneravel (%),PER,Peru,2008,53.6930190397192
SL.EMP.VULN.ZS,Emprego vulneravel (%),PER,Peru,2007,54.1375491900549
SL.EMP.VULN.ZS,Emprego vulneravel (%),PER,Peru,2006,55.5520413210228
SL.EMP.VULN.ZS,Emprego vulneravel (%),PER,Peru,2005,56.9553006909315
SL.EMP.VULN.ZS,Emprego vulneravel (%),PER,Peru,2004,57.9215993478505
SL.EMP.VULN.ZS,Emprego vulneravel (%),PER,Peru,2003,57.6414554267057
SL.EMP.VULN.ZS,Emprego vulneravel (%),PER,Peru,2002,57.3732762606471
SL.EMP.VULN.ZS,Emprego vulneravel (%),PER,Peru,2001,57.0522115460457
SL.EMP.VULN.ZS,Emprego vulneravel (%),PER,Peru,2000,59.7778858847694
SL.EMP.VULN.ZS,Emprego vulneravel (%),PER,Peru,1999,58.9305254146712
SL.EMP.VULN.ZS,Emprego vulneravel (%),PER,Peru,1998,60.0765488143544
SL.EMP.VULN.ZS,Emprego vulneravel (%),PER,Peru,1997,58.1021728907656
SL.EMP.VULN.ZS,Emprego vulneravel (%),PER,Peru,1996,58.5670269955266
SL.EMP.VULN.ZS,Emprego vulneravel (%),PER,Peru,1995,58.8220648296993
SL.EMP.VULN.ZS,Emprego vulneravel (%),TUR,Turquia,2025,23.9069908746299
SL.EMP.VULN.ZS,Emprego vulneravel (%),TUR,Turquia,2024,24.2129995221766
SL.EMP.VULN.ZS,Emprego vulneravel (%),TUR,Turquia,2023,23.9397520247123
SL.EMP.VULN.ZS,Emprego vulneravel (%),TUR,Turquia,2022,24.8219911815549
SL.EMP.VULN.ZS,Emprego vulneravel (%),TUR,Turquia,2021,25.5227753796423
SL.EMP.VULN.ZS,Emprego vulneravel (%),TUR,Turquia,2020,25.8718429248838
SL.EMP.VULN.ZS,Emprego vulneravel (%),TUR,Turquia,2019,27.2453632622777
SL.EMP.VULN.ZS,Emprego vulneravel (%),TUR,Turquia,2018,27.7291319199479
SL.EMP.VULN.ZS,Emprego vulneravel (%),TUR,Turquia,2017,28.3715601440239
SL.EMP.VULN.ZS,Emprego vulneravel (%),TUR,Turquia,2016,28.0716480856355
SL.EMP.VULN.ZS,Emprego vulneravel (%),TUR,Turquia,2015,28.8142296804772
SL.EMP.VULN.ZS,Emprego vulneravel (%),TUR,Turquia,2014,29.5939640712044
SL.EMP.VULN.ZS,Emprego vulneravel (%),TUR,Turquia,2013,29.9417878200711
SL.EMP.VULN.ZS,Emprego vulneravel (%),TUR,Turquia,2012,30.727703994997
SL.EMP.VULN.ZS,Emprego vulneravel (%),TUR,Turquia,2011,31.7790811091608
SL.EMP.VULN.ZS,Emprego vulneravel (%),TUR,Turquia,2010,32.4345095590541
SL.EMP.VULN.ZS,Emprego vulneravel (%),TUR,Turquia,2009,32.9455526193671
SL.EMP.VULN.ZS,Emprego vulneravel (%),TUR,Turquia,2008,31.7572930531861
SL.EMP.VULN.ZS,Emprego vulneravel (%),TUR,Turquia,2007,32.4511473807858
SL.EMP.VULN.ZS,Emprego vulneravel (%),TUR,Turquia,2006,34.0668497411817
SL.EMP.VULN.ZS,Emprego vulneravel (%),TUR,Turquia,2005,36.5951513610048
SL.EMP.VULN.ZS,Emprego vulneravel (%),TUR,Turquia,2004,39.1052860097717
SL.EMP.VULN.ZS,Emprego vulneravel (%),TUR,Turquia,2003,43.0664758628225
SL.EMP.VULN.ZS,Emprego vulneravel (%),TUR,Turquia,2002,43.3661355141527
SL.EMP.VULN.ZS,Emprego vulneravel (%),TUR,Turquia,2001,46.2065788421652
SL.EMP.VULN.ZS,Emprego vulneravel (%),TUR,Turquia,2000,44.9542249430927
SL.EMP.VULN.ZS,Emprego vulneravel (%),TUR,Turquia,1999,45.4360590284753
SL.EMP.VULN.ZS,Emprego vulneravel (%),TUR,Turquia,1998,45.7475143048701
SL.EMP.VULN.ZS,Emprego vulneravel (%),TUR,Turquia,1997,46.1099612816426
SL.EMP.VULN.ZS,Emprego vulneravel (%),TUR,Turquia,1996,46.2861478949
SL.EMP.VULN.ZS,Emprego vulneravel (%),TUR,Turquia,1995,46.5489259191743
SL.EMP.VULN.ZS,Emprego vulneravel (%),,Upper middle income,2025,34.7828443271218
SL.EMP.VULN.ZS,Emprego vulneravel (%),,Upper middle income,2024,35.1017715482426
SL.EMP.VULN.ZS,Emprego vulneravel (%),,Upper middle income,2023,35.5254870844537
SL.EMP.VULN.ZS,Emprego vulneravel (%),,Upper middle income,2022,35.9357933268456
SL.EMP.VULN.ZS,Emprego vulneravel (%),,Upper middle income,2021,36.1232138481544
SL.EMP.VULN.ZS,Emprego vulneravel (%),,Upper middle income,2020,36.2684825271347
SL.EMP.VULN.ZS,Emprego vulneravel (%),,Upper middle income,2019,35.9037796741596
SL.EMP.VULN.ZS,Emprego vulneravel (%),,Upper middle income,2018,36.199971646977
SL.EMP.VULN.ZS,Emprego vulneravel (%),,Upper middle income,2017,36.4607163461367
SL.EMP.VULN.ZS,Emprego vulneravel (%),,Upper middle income,2016,36.732490709547
SL.EMP.VULN.ZS,Emprego vulneravel (%),,Upper middle income,2015,37.0705371140694
SL.EMP.VULN.ZS,Emprego vulneravel (%),,Upper middle income,2014,37.7749361013972
SL.EMP.VULN.ZS,Emprego vulneravel (%),,Upper middle income,2013,38.3329165682538
SL.EMP.VULN.ZS,Emprego vulneravel (%),,Upper middle income,2012,38.8384439938729
SL.EMP.VULN.ZS,Emprego vulneravel (%),,Upper middle income,2011,39.5300359478819
SL.EMP.VULN.ZS,Emprego vulneravel (%),,Upper middle income,2010,40.1552725529636
SL.EMP.VULN.ZS,Emprego vulneravel (%),,Upper middle income,2009,40.7179185979301
SL.EMP.VULN.ZS,Emprego vulneravel (%),,Upper middle income,2008,41.1813072168351
SL.EMP.VULN.ZS,Emprego vulneravel (%),,Upper middle income,2007,41.8764236744305
SL.EMP.VULN.ZS,Emprego vulneravel (%),,Upper middle income,2006,42.4146917526312
SL.EMP.VULN.ZS,Emprego vulneravel (%),,Upper middle income,2005,43.0835137477261
SL.EMP.VULN.ZS,Emprego vulneravel (%),,Upper middle income,2004,43.8100155874079
SL.EMP.VULN.ZS,Emprego vulneravel (%),,Upper middle income,2003,44.8126196854149
SL.EMP.VULN.ZS,Emprego vulneravel (%),,Upper middle income,2002,45.2402944181036
SL.EMP.VULN.ZS,Emprego vulneravel (%),,Upper middle income,2001,45.7171618590819
SL.EMP.VULN.ZS,Emprego vulneravel (%),,Upper middle income,2000,46.5600112124851
SL.EMP.VULN.ZS,Emprego vulneravel (%),,Upper middle income,1999,46.9593264458168
SL.EMP.VULN.ZS,Emprego vulneravel (%),,Upper middle income,1998,47.3740679765385
SL.EMP.VULN.ZS,Emprego vulneravel (%),,Upper middle income,1997,47.620090794747
SL.EMP.VULN.ZS,Emprego vulneravel (%),,Upper middle income,1996,48.176053935064
SL.EMP.VULN.ZS,Emprego vulneravel (%),,Upper middle income,1995,48.7473984408539
SL.EMP.VULN.ZS,Emprego vulneravel (%),ZAF,Africa do Sul,2025,11.6616912240674
SL.EMP.VULN.ZS,Emprego vulneravel (%),ZAF,Africa do Sul,2024,11.6964885512944
SL.EMP.VULN.ZS,Emprego vulneravel (%),ZAF,Africa do Sul,2023,10.9086745806021
SL.EMP.VULN.ZS,Emprego vulneravel (%),ZAF,Africa do Sul,2022,11.2608247273771
SL.EMP.VULN.ZS,Emprego vulneravel (%),ZAF,Africa do Sul,2021,11.0435630477309
SL.EMP.VULN.ZS,Emprego vulneravel (%),ZAF,Africa do Sul,2020,10.682084671115
SL.EMP.VULN.ZS,Emprego vulneravel (%),ZAF,Africa do Sul,2019,10.668395469952
SL.EMP.VULN.ZS,Emprego vulneravel (%),ZAF,Africa do Sul,2018,10.324177271824
SL.EMP.VULN.ZS,Emprego vulneravel (%),ZAF,Africa do Sul,2017,9.92107982241673
SL.EMP.VULN.ZS,Emprego vulneravel (%),ZAF,Africa do Sul,2016,9.58536150079461
SL.EMP.VULN.ZS,Emprego vulneravel (%),ZAF,Africa do Sul,2015,9.42880408267633
SL.EMP.VULN.ZS,Emprego vulneravel (%),ZAF,Africa do Sul,2014,8.82636479182335
SL.EMP.VULN.ZS,Emprego vulneravel (%),ZAF,Africa do Sul,2013,9.52926646479828
SL.EMP.VULN.ZS,Emprego vulneravel (%),ZAF,Africa do Sul,2012,10.0906489938623
SL.EMP.VULN.ZS,Emprego vulneravel (%),ZAF,Africa do Sul,2011,10.1369711997726
SL.EMP.VULN.ZS,Emprego vulneravel (%),ZAF,Africa do Sul,2010,10.1545710040399
SL.EMP.VULN.ZS,Emprego vulneravel (%),ZAF,Africa do Sul,2009,10.0888738153306
SL.EMP.VULN.ZS,Emprego vulneravel (%),ZAF,Africa do Sul,2008,10.1976394135865
SL.EMP.VULN.ZS,Emprego vulneravel (%),ZAF,Africa do Sul,2007,10.39877248942
SL.EMP.VULN.ZS,Emprego vulneravel (%),ZAF,Africa do Sul,2006,11.4051682676142
SL.EMP.VULN.ZS,Emprego vulneravel (%),ZAF,Africa do Sul,2005,11.493206122415
SL.EMP.VULN.ZS,Emprego vulneravel (%),ZAF,Africa do Sul,2004,10.6926506633968
SL.EMP.VULN.ZS,Emprego vulneravel (%),ZAF,Africa do Sul,2003,10.933164213919
SL.EMP.VULN.ZS,Emprego vulneravel (%),ZAF,Africa do Sul,2002,11.0764812594225
SL.EMP.VULN.ZS,Emprego vulneravel (%),ZAF,Africa do Sul,2001,11.1841653983179
SL.EMP.VULN.ZS,Emprego vulneravel (%),ZAF,Africa do Sul,2000,10.8542944515209
SL.EMP.VULN.ZS,Emprego vulneravel (%),ZAF,Africa do Sul,1999,11.0618955034736
SL.EMP.VULN.ZS,Emprego vulneravel (%),ZAF,Africa do Sul,1998,11.2664588984351
SL.EMP.VULN.ZS,Emprego vulneravel (%),ZAF,Africa do Sul,1997,11.444540797025
SL.EMP.VULN.ZS,Emprego vulneravel (%),ZAF,Africa do Sul,1996,11.6015790891841
SL.EMP.VULN.ZS,Emprego vulneravel (%),ZAF,Africa do Sul,1995,11.7558557809675
SI.POV.GINI,Indice de Gini,ARG,Argentina,2024,42.4
SI.POV.GINI,Indice de Gini,ARG,Argentina,2023,42.4
SI.POV.GINI,Indice de Gini,ARG,Argentina,2022,40.7
SI.POV.GINI,Indice de Gini,ARG,Argentina,2021,42.4
SI.POV.GINI,Indice de Gini,ARG,Argentina,2020,42.7
SI.POV.GINI,Indice de Gini,ARG,Argentina,2019,43.3
SI.POV.GINI,Indice de Gini,ARG,Argentina,2018,41.7
SI.POV.GINI,Indice de Gini,ARG,Argentina,2017,41.4
SI.POV.GINI,Indice de Gini,ARG,Argentina,2016,42.3
SI.POV.GINI,Indice de Gini,ARG,Argentina,2014,41.8
SI.POV.GINI,Indice de Gini,ARG,Argentina,2013,41.1
SI.POV.GINI,Indice de Gini,ARG,Argentina,2012,41.4
SI.POV.GINI,Indice de Gini,ARG,Argentina,2011,42.7
SI.POV.GINI,Indice de Gini,ARG,Argentina,2010,43.7
SI.POV.GINI,Indice de Gini,ARG,Argentina,2009,43.8
SI.POV.GINI,Indice de Gini,ARG,Argentina,2008,45.0
SI.POV.GINI,Indice de Gini,ARG,Argentina,2007,46.3
SI.POV.GINI,Indice de Gini,ARG,Argentina,2006,46.4
SI.POV.GINI,Indice de Gini,ARG,Argentina,2005,47.8
SI.POV.GINI,Indice de Gini,ARG,Argentina,2004,48.5
SI.POV.GINI,Indice de Gini,ARG,Argentina,2003,51.0
SI.POV.GINI,Indice de Gini,ARG,Argentina,2002,53.8
SI.POV.GINI,Indice de Gini,ARG,Argentina,2001,53.3
SI.POV.GINI,Indice de Gini,ARG,Argentina,2000,51.0
SI.POV.GINI,Indice de Gini,ARG,Argentina,1999,49.8
SI.POV.GINI,Indice de Gini,ARG,Argentina,1998,50.7
SI.POV.GINI,Indice de Gini,ARG,Argentina,1997,49.1
SI.POV.GINI,Indice de Gini,ARG,Argentina,1996,49.5
SI.POV.GINI,Indice de Gini,ARG,Argentina,1995,48.9
SI.POV.GINI,Indice de Gini,BRA,Brasil,2024,50.3
SI.POV.GINI,Indice de Gini,BRA,Brasil,2023,51.5
SI.POV.GINI,Indice de Gini,BRA,Brasil,2022,51.9
SI.POV.GINI,Indice de Gini,BRA,Brasil,2021,52.9
SI.POV.GINI,Indice de Gini,BRA,Brasil,2020,48.8
SI.POV.GINI,Indice de Gini,BRA,Brasil,2019,53.5
SI.POV.GINI,Indice de Gini,BRA,Brasil,2018,53.9
SI.POV.GINI,Indice de Gini,BRA,Brasil,2017,53.3
SI.POV.GINI,Indice de Gini,BRA,Brasil,2016,53.4
SI.POV.GINI,Indice de Gini,BRA,Brasil,2015,51.9
SI.POV.GINI,Indice de Gini,BRA,Brasil,2014,52.1
SI.POV.GINI,Indice de Gini,BRA,Brasil,2013,52.7
SI.POV.GINI,Indice de Gini,BRA,Brasil,2012,53.4
SI.POV.GINI,Indice de Gini,BRA,Brasil,2011,52.9
SI.POV.GINI,Indice de Gini,BRA,Brasil,2009,53.7
SI.POV.GINI,Indice de Gini,BRA,Brasil,2008,54.0
SI.POV.GINI,Indice de Gini,BRA,Brasil,2007,54.9
SI.POV.GINI,Indice de Gini,BRA,Brasil,2006,55.6
SI.POV.GINI,Indice de Gini,BRA,Brasil,2005,56.3
SI.POV.GINI,Indice de Gini,BRA,Brasil,2004,56.5
SI.POV.GINI,Indice de Gini,BRA,Brasil,2003,57.6
SI.POV.GINI,Indice de Gini,BRA,Brasil,2002,58.1
SI.POV.GINI,Indice de Gini,BRA,Brasil,2001,58.4
SI.POV.GINI,Indice de Gini,BRA,Brasil,1999,59.0
SI.POV.GINI,Indice de Gini,BRA,Brasil,1998,59.6
SI.POV.GINI,Indice de Gini,BRA,Brasil,1997,59.8
SI.POV.GINI,Indice de Gini,BRA,Brasil,1996,59.8
SI.POV.GINI,Indice de Gini,BRA,Brasil,1995,59.5
SI.POV.GINI,Indice de Gini,CHL,Chile,2024,43.0
SI.POV.GINI,Indice de Gini,CHL,Chile,2022,43.2
SI.POV.GINI,Indice de Gini,CHL,Chile,2020,47.0
SI.POV.GINI,Indice de Gini,CHL,Chile,2017,45.3
SI.POV.GINI,Indice de Gini,CHL,Chile,2015,45.3
SI.POV.GINI,Indice de Gini,CHL,Chile,2013,46.8
SI.POV.GINI,Indice de Gini,CHL,Chile,2011,46.9
SI.POV.GINI,Indice de Gini,CHL,Chile,2009,47.4
SI.POV.GINI,Indice de Gini,CHL,Chile,2006,47.7
SI.POV.GINI,Indice de Gini,CHL,Chile,2003,51.5
SI.POV.GINI,Indice de Gini,CHL,Chile,2000,52.8
SI.POV.GINI,Indice de Gini,CHL,Chile,1998,55.5
SI.POV.GINI,Indice de Gini,CHL,Chile,1996,54.9
SI.POV.GINI,Indice de Gini,CHN,China,2022,36.0
SI.POV.GINI,Indice de Gini,CHN,China,2021,35.7
SI.POV.GINI,Indice de Gini,CHN,China,2020,37.1
SI.POV.GINI,Indice de Gini,CHN,China,2019,38.2
SI.POV.GINI,Indice de Gini,CHN,China,2018,38.5
SI.POV.GINI,Indice de Gini,CHN,China,2017,39.1
SI.POV.GINI,Indice de Gini,CHN,China,2016,38.5
SI.POV.GINI,Indice de Gini,CHN,China,2015,38.6
SI.POV.GINI,Indice de Gini,CHN,China,2014,39.2
SI.POV.GINI,Indice de Gini,CHN,China,2013,39.7
SI.POV.GINI,Indice de Gini,CHN,China,2012,42.2
SI.POV.GINI,Indice de Gini,CHN,China,2011,42.4
SI.POV.GINI,Indice de Gini,CHN,China,2010,43.7
SI.POV.GINI,Indice de Gini,CHN,China,2008,43.0
SI.POV.GINI,Indice de Gini,CHN,China,2005,40.9
SI.POV.GINI,Indice de Gini,CHN,China,2002,42.0
SI.POV.GINI,Indice de Gini,CHN,China,1999,38.7
SI.POV.GINI,Indice de Gini,CHN,China,1996,35.2
SI.POV.GINI,Indice de Gini,COL,Colombia,2024,54.4
SI.POV.GINI,Indice de Gini,COL,Colombia,2023,54.6
SI.POV.GINI,Indice de Gini,COL,Colombia,2022,54.8
SI.POV.GINI,Indice de Gini,COL,Colombia,2021,55.1
SI.POV.GINI,Indice de Gini,COL,Colombia,2020,54.4
SI.POV.GINI,Indice de Gini,COL,Colombia,2019,52.5
SI.POV.GINI,Indice de Gini,COL,Colombia,2018,51.6
SI.POV.GINI,Indice de Gini,COL,Colombia,2017,50.9
SI.POV.GINI,Indice de Gini,COL,Colombia,2016,51.7
SI.POV.GINI,Indice de Gini,COL,Colombia,2015,52.0
SI.POV.GINI,Indice de Gini,COL,Colombia,2014,53.6
SI.POV.GINI,Indice de Gini,COL,Colombia,2013,53.5
SI.POV.GINI,Indice de Gini,COL,Colombia,2012,53.6
SI.POV.GINI,Indice de Gini,COL,Colombia,2011,53.3
SI.POV.GINI,Indice de Gini,COL,Colombia,2010,54.4
SI.POV.GINI,Indice de Gini,COL,Colombia,2009,54.1
SI.POV.GINI,Indice de Gini,COL,Colombia,2008,55.0
SI.POV.GINI,Indice de Gini,COL,Colombia,2005,53.9
SI.POV.GINI,Indice de Gini,COL,Colombia,2004,55.0
SI.POV.GINI,Indice de Gini,COL,Colombia,2003,53.6
SI.POV.GINI,Indice de Gini,COL,Colombia,2002,56.0
SI.POV.GINI,Indice de Gini,COL,Colombia,2001,57.3
SI.POV.GINI,Indice de Gini,COL,Colombia,2000,58.4
SI.POV.GINI,Indice de Gini,COL,Colombia,1999,58.5
SI.POV.GINI,Indice de Gini,COL,Colombia,1996,56.8
SI.POV.GINI,Indice de Gini,ECU,Equador,2025,45.9
SI.POV.GINI,Indice de Gini,ECU,Equador,2024,45.2
SI.POV.GINI,Indice de Gini,ECU,Equador,2023,44.6
SI.POV.GINI,Indice de Gini,ECU,Equador,2022,45.5
SI.POV.GINI,Indice de Gini,ECU,Equador,2021,45.8
SI.POV.GINI,Indice de Gini,ECU,Equador,2020,47.3
SI.POV.GINI,Indice de Gini,ECU,Equador,2019,45.7
SI.POV.GINI,Indice de Gini,ECU,Equador,2018,45.4
SI.POV.GINI,Indice de Gini,ECU,Equador,2017,44.7
SI.POV.GINI,Indice de Gini,ECU,Equador,2016,45.0
SI.POV.GINI,Indice de Gini,ECU,Equador,2015,46.0
SI.POV.GINI,Indice de Gini,ECU,Equador,2014,45.0
SI.POV.GINI,Indice de Gini,ECU,Equador,2013,46.9
SI.POV.GINI,Indice de Gini,ECU,Equador,2012,46.1
SI.POV.GINI,Indice de Gini,ECU,Equador,2011,45.9
SI.POV.GINI,Indice de Gini,ECU,Equador,2010,48.8
SI.POV.GINI,Indice de Gini,ECU,Equador,2009,48.5
SI.POV.GINI,Indice de Gini,ECU,Equador,2008,49.8
SI.POV.GINI,Indice de Gini,ECU,Equador,2007,53.4
SI.POV.GINI,Indice de Gini,ECU,Equador,2006,52.3
SI.POV.GINI,Indice de Gini,ECU,Equador,2005,53.1
SI.POV.GINI,Indice de Gini,ECU,Equador,2004,53.9
SI.POV.GINI,Indice de Gini,ECU,Equador,2003,53.5
SI.POV.GINI,Indice de Gini,ECU,Equador,2000,56.3
SI.POV.GINI,Indice de Gini,ECU,Equador,1999,58.6
SI.POV.GINI,Indice de Gini,ECU,Equador,1998,49.6
SI.POV.GINI,Indice de Gini,ECU,Equador,1995,50.8
SI.POV.GINI,Indice de Gini,IDN,Indonesia,2025,34.4
SI.POV.GINI,Indice de Gini,IDN,Indonesia,2024,34.9
SI.POV.GINI,Indice de Gini,IDN,Indonesia,2023,36.1
SI.POV.GINI,Indice de Gini,IDN,Indonesia,2022,35.5
SI.POV.GINI,Indice de Gini,IDN,Indonesia,2021,35.5
SI.POV.GINI,Indice de Gini,IDN,Indonesia,2020,35.3
SI.POV.GINI,Indice de Gini,IDN,Indonesia,2019,35.4
SI.POV.GINI,Indice de Gini,IDN,Indonesia,2018,36.3
SI.POV.GINI,Indice de Gini,IDN,Indonesia,2017,36.4
SI.POV.GINI,Indice de Gini,IDN,Indonesia,2016,36.9
SI.POV.GINI,Indice de Gini,IDN,Indonesia,2015,38.2
SI.POV.GINI,Indice de Gini,IDN,Indonesia,2014,38.8
SI.POV.GINI,Indice de Gini,IDN,Indonesia,2013,38.9
SI.POV.GINI,Indice de Gini,IDN,Indonesia,2012,37.1
SI.POV.GINI,Indice de Gini,IDN,Indonesia,2011,37.9
SI.POV.GINI,Indice de Gini,IDN,Indonesia,2010,34.6
SI.POV.GINI,Indice de Gini,IDN,Indonesia,2009,33.4
SI.POV.GINI,Indice de Gini,IDN,Indonesia,2008,32.6
SI.POV.GINI,Indice de Gini,IDN,Indonesia,2007,33.2
SI.POV.GINI,Indice de Gini,IDN,Indonesia,2006,31.5
SI.POV.GINI,Indice de Gini,IDN,Indonesia,2005,29.9
SI.POV.GINI,Indice de Gini,IDN,Indonesia,2004,30.4
SI.POV.GINI,Indice de Gini,IDN,Indonesia,2003,29.3
SI.POV.GINI,Indice de Gini,IDN,Indonesia,2002,30.2
SI.POV.GINI,Indice de Gini,IDN,Indonesia,2001,31.2
SI.POV.GINI,Indice de Gini,IDN,Indonesia,2000,30.3
SI.POV.GINI,Indice de Gini,IDN,Indonesia,1999,30.8
SI.POV.GINI,Indice de Gini,IDN,Indonesia,1998,30.9
SI.POV.GINI,Indice de Gini,IDN,Indonesia,1996,34.2
SI.POV.GINI,Indice de Gini,IND,India,2022,25.5
SI.POV.GINI,Indice de Gini,IND,India,2011,28.8
SI.POV.GINI,Indice de Gini,IND,India,2009,27.8
SI.POV.GINI,Indice de Gini,IND,India,2004,27.7
SI.POV.GINI,Indice de Gini,MEX,Mexico,2024,42.6
SI.POV.GINI,Indice de Gini,MEX,Mexico,2022,43.5
SI.POV.GINI,Indice de Gini,MEX,Mexico,2020,44.6
SI.POV.GINI,Indice de Gini,MEX,Mexico,2018,46.0
SI.POV.GINI,Indice de Gini,MEX,Mexico,2016,46.9
SI.POV.GINI,Indice de Gini,MEX,Mexico,2014,48.9
SI.POV.GINI,Indice de Gini,MEX,Mexico,2012,49.6
SI.POV.GINI,Indice de Gini,MEX,Mexico,2010,47.7
SI.POV.GINI,Indice de Gini,MEX,Mexico,2008,50.8
SI.POV.GINI,Indice de Gini,MEX,Mexico,2006,49.7
SI.POV.GINI,Indice de Gini,MEX,Mexico,2005,50.9
SI.POV.GINI,Indice de Gini,MEX,Mexico,2004,50.3
SI.POV.GINI,Indice de Gini,MEX,Mexico,2002,50.6
SI.POV.GINI,Indice de Gini,MEX,Mexico,2000,53.4
SI.POV.GINI,Indice de Gini,MEX,Mexico,1998,53.3
SI.POV.GINI,Indice de Gini,MEX,Mexico,1996,52.0
SI.POV.GINI,Indice de Gini,PER,Peru,2024,40.1
SI.POV.GINI,Indice de Gini,PER,Peru,2023,40.7
SI.POV.GINI,Indice de Gini,PER,Peru,2022,40.3
SI.POV.GINI,Indice de Gini,PER,Peru,2021,40.1
SI.POV.GINI,Indice de Gini,PER,Peru,2020,43.7
SI.POV.GINI,Indice de Gini,PER,Peru,2019,41.5
SI.POV.GINI,Indice de Gini,PER,Peru,2018,42.4
SI.POV.GINI,Indice de Gini,PER,Peru,2017,43.3
SI.POV.GINI,Indice de Gini,PER,Peru,2016,43.6
SI.POV.GINI,Indice de Gini,PER,Peru,2015,43.4
SI.POV.GINI,Indice de Gini,PER,Peru,2014,43.1
SI.POV.GINI,Indice de Gini,PER,Peru,2013,43.9
SI.POV.GINI,Indice de Gini,PER,Peru,2012,44.4
SI.POV.GINI,Indice de Gini,PER,Peru,2011,44.7
SI.POV.GINI,Indice de Gini,PER,Peru,2010,45.5
SI.POV.GINI,Indice de Gini,PER,Peru,2009,47.0
SI.POV.GINI,Indice de Gini,PER,Peru,2008,47.5
SI.POV.GINI,Indice de Gini,PER,Peru,2007,50.0
SI.POV.GINI,Indice de Gini,PER,Peru,2006,50.3
SI.POV.GINI,Indice de Gini,PER,Peru,2005,50.4
SI.POV.GINI,Indice de Gini,PER,Peru,2004,49.9
SI.POV.GINI,Indice de Gini,PER,Peru,2003,53.1
SI.POV.GINI,Indice de Gini,PER,Peru,2002,53.6
SI.POV.GINI,Indice de Gini,PER,Peru,2001,51.3
SI.POV.GINI,Indice de Gini,PER,Peru,2000,49.1
SI.POV.GINI,Indice de Gini,PER,Peru,1999,54.8
SI.POV.GINI,Indice de Gini,PER,Peru,1998,55.1
SI.POV.GINI,Indice de Gini,PER,Peru,1997,53.3
SI.POV.GINI,Indice de Gini,TUR,Turquia,2023,43.7
SI.POV.GINI,Indice de Gini,TUR,Turquia,2022,44.5
SI.POV.GINI,Indice de Gini,TUR,Turquia,2021,44.4
SI.POV.GINI,Indice de Gini,TUR,Turquia,2020,43.0
SI.POV.GINI,Indice de Gini,TUR,Turquia,2019,43.8
SI.POV.GINI,Indice de Gini,TUR,Turquia,2018,42.4
SI.POV.GINI,Indice de Gini,TUR,Turquia,2017,43.5
SI.POV.GINI,Indice de Gini,TUR,Turquia,2016,41.9
SI.POV.GINI,Indice de Gini,TUR,Turquia,2015,42.9
SI.POV.GINI,Indice de Gini,TUR,Turquia,2014,41.2
SI.POV.GINI,Indice de Gini,TUR,Turquia,2013,40.2
SI.POV.GINI,Indice de Gini,TUR,Turquia,2012,40.2
SI.POV.GINI,Indice de Gini,TUR,Turquia,2011,40.0
SI.POV.GINI,Indice de Gini,TUR,Turquia,2010,38.8
SI.POV.GINI,Indice de Gini,TUR,Turquia,2009,39.0
SI.POV.GINI,Indice de Gini,TUR,Turquia,2008,39.0
SI.POV.GINI,Indice de Gini,TUR,Turquia,2007,38.4
SI.POV.GINI,Indice de Gini,TUR,Turquia,2006,39.6
SI.POV.GINI,Indice de Gini,TUR,Turquia,2005,42.6
SI.POV.GINI,Indice de Gini,TUR,Turquia,2004,41.3
SI.POV.GINI,Indice de Gini,TUR,Turquia,2003,42.2
SI.POV.GINI,Indice de Gini,TUR,Turquia,2002,41.4
SI.POV.GINI,Indice de Gini,ZAF,Africa do Sul,2022,54.1
SI.POV.GINI,Indice de Gini,ZAF,Africa do Sul,2014,59.6
SI.POV.GINI,Indice de Gini,ZAF,Africa do Sul,2010,60.9
SI.POV.GINI,Indice de Gini,ZAF,Africa do Sul,2008,62.5
SI.POV.GINI,Indice de Gini,ZAF,Africa do Sul,2005,65.0
SI.POV.GINI,Indice de Gini,ZAF,Africa do Sul,2000,57.8
SI.DST.FRST.20,Participacao de renda - 20% mais pobres,ARG,Argentina,2024,5.1
SI.DST.FRST.20,Participacao de renda - 20% mais pobres,ARG,Argentina,2023,5.1
SI.DST.FRST.20,Participacao de renda - 20% mais pobres,ARG,Argentina,2022,5.4
SI.DST.FRST.20,Participacao de renda - 20% mais pobres,ARG,Argentina,2021,5.0
SI.DST.FRST.20,Participacao de renda - 20% mais pobres,ARG,Argentina,2020,4.7
SI.DST.FRST.20,Participacao de renda - 20% mais pobres,ARG,Argentina,2019,4.6
SI.DST.FRST.20,Participacao de renda - 20% mais pobres,ARG,Argentina,2018,4.9
SI.DST.FRST.20,Participacao de renda - 20% mais pobres,ARG,Argentina,2017,5.0
SI.DST.FRST.20,Participacao de renda - 20% mais pobres,ARG,Argentina,2016,4.9
SI.DST.FRST.20,Participacao de renda - 20% mais pobres,ARG,Argentina,2014,5.0
SI.DST.FRST.20,Participacao de renda - 20% mais pobres,ARG,Argentina,2013,5.0
SI.DST.FRST.20,Participacao de renda - 20% mais pobres,ARG,Argentina,2012,5.0
SI.DST.FRST.20,Participacao de renda - 20% mais pobres,ARG,Argentina,2011,4.8
SI.DST.FRST.20,Participacao de renda - 20% mais pobres,ARG,Argentina,2010,4.5
SI.DST.FRST.20,Participacao de renda - 20% mais pobres,ARG,Argentina,2009,4.3
SI.DST.FRST.20,Participacao de renda - 20% mais pobres,ARG,Argentina,2008,4.2
SI.DST.FRST.20,Participacao de renda - 20% mais pobres,ARG,Argentina,2007,4.1
SI.DST.FRST.20,Participacao de renda - 20% mais pobres,ARG,Argentina,2006,3.9
SI.DST.FRST.20,Participacao de renda - 20% mais pobres,ARG,Argentina,2005,3.7
SI.DST.FRST.20,Participacao de renda - 20% mais pobres,ARG,Argentina,2004,3.6
SI.DST.FRST.20,Participacao de renda - 20% mais pobres,ARG,Argentina,2003,3.3
SI.DST.FRST.20,Participacao de renda - 20% mais pobres,ARG,Argentina,2002,2.8
SI.DST.FRST.20,Participacao de renda - 20% mais pobres,ARG,Argentina,2001,2.6
SI.DST.FRST.20,Participacao de renda - 20% mais pobres,ARG,Argentina,2000,3.2
SI.DST.FRST.20,Participacao de renda - 20% mais pobres,ARG,Argentina,1999,3.5
SI.DST.FRST.20,Participacao de renda - 20% mais pobres,ARG,Argentina,1998,3.4
SI.DST.FRST.20,Participacao de renda - 20% mais pobres,ARG,Argentina,1997,3.6
SI.DST.FRST.20,Participacao de renda - 20% mais pobres,ARG,Argentina,1996,3.5
SI.DST.FRST.20,Participacao de renda - 20% mais pobres,ARG,Argentina,1995,3.8
SI.DST.FRST.20,Participacao de renda - 20% mais pobres,BRA,Brasil,2024,3.9
SI.DST.FRST.20,Participacao de renda - 20% mais pobres,BRA,Brasil,2023,3.7
SI.DST.FRST.20,Participacao de renda - 20% mais pobres,BRA,Brasil,2022,3.6
SI.DST.FRST.20,Participacao de renda - 20% mais pobres,BRA,Brasil,2021,3.3
SI.DST.FRST.20,Participacao de renda - 20% mais pobres,BRA,Brasil,2020,4.5
SI.DST.FRST.20,Participacao de renda - 20% mais pobres,BRA,Brasil,2019,3.1
SI.DST.FRST.20,Participacao de renda - 20% mais pobres,BRA,Brasil,2018,3.1
SI.DST.FRST.20,Participacao de renda - 20% mais pobres,BRA,Brasil,2017,3.2
SI.DST.FRST.20,Participacao de renda - 20% mais pobres,BRA,Brasil,2016,3.3
SI.DST.FRST.20,Participacao de renda - 20% mais pobres,BRA,Brasil,2015,3.6
SI.DST.FRST.20,Participacao de renda - 20% mais pobres,BRA,Brasil,2014,3.6
SI.DST.FRST.20,Participacao de renda - 20% mais pobres,BRA,Brasil,2013,3.5
SI.DST.FRST.20,Participacao de renda - 20% mais pobres,BRA,Brasil,2012,3.4
SI.DST.FRST.20,Participacao de renda - 20% mais pobres,BRA,Brasil,2011,3.3
SI.DST.FRST.20,Participacao de renda - 20% mais pobres,BRA,Brasil,2009,3.2
SI.DST.FRST.20,Participacao de renda - 20% mais pobres,BRA,Brasil,2008,3.2
SI.DST.FRST.20,Participacao de renda - 20% mais pobres,BRA,Brasil,2007,3.0
SI.DST.FRST.20,Participacao de renda - 20% mais pobres,BRA,Brasil,2006,3.0
SI.DST.FRST.20,Participacao de renda - 20% mais pobres,BRA,Brasil,2005,2.9
SI.DST.FRST.20,Participacao de renda - 20% mais pobres,BRA,Brasil,2004,2.9
SI.DST.FRST.20,Participacao de renda - 20% mais pobres,BRA,Brasil,2003,2.6
SI.DST.FRST.20,Participacao de renda - 20% mais pobres,BRA,Brasil,2002,2.6
SI.DST.FRST.20,Participacao de renda - 20% mais pobres,BRA,Brasil,2001,2.5
SI.DST.FRST.20,Participacao de renda - 20% mais pobres,BRA,Brasil,1999,2.5
SI.DST.FRST.20,Participacao de renda - 20% mais pobres,BRA,Brasil,1998,2.4
SI.DST.FRST.20,Participacao de renda - 20% mais pobres,BRA,Brasil,1997,2.3
SI.DST.FRST.20,Participacao de renda - 20% mais pobres,BRA,Brasil,1996,2.3
SI.DST.FRST.20,Participacao de renda - 20% mais pobres,BRA,Brasil,1995,2.5
SI.DST.FRST.20,Participacao de renda - 20% mais pobres,CHL,Chile,2024,5.8
SI.DST.FRST.20,Participacao de renda - 20% mais pobres,CHL,Chile,2022,5.8
SI.DST.FRST.20,Participacao de renda - 20% mais pobres,CHL,Chile,2020,4.9
SI.DST.FRST.20,Participacao de renda - 20% mais pobres,CHL,Chile,2017,5.6
SI.DST.FRST.20,Participacao de renda - 20% mais pobres,CHL,Chile,2015,5.6
SI.DST.FRST.20,Participacao de renda - 20% mais pobres,CHL,Chile,2013,5.4
SI.DST.FRST.20,Participacao de renda - 20% mais pobres,CHL,Chile,2011,5.2
SI.DST.FRST.20,Participacao de renda - 20% mais pobres,CHL,Chile,2009,5.1
SI.DST.FRST.20,Participacao de renda - 20% mais pobres,CHL,Chile,2006,4.9
SI.DST.FRST.20,Participacao de renda - 20% mais pobres,CHL,Chile,2003,4.0
SI.DST.FRST.20,Participacao de renda - 20% mais pobres,CHL,Chile,2000,3.8
SI.DST.FRST.20,Participacao de renda - 20% mais pobres,CHL,Chile,1998,3.5
SI.DST.FRST.20,Participacao de renda - 20% mais pobres,CHL,Chile,1996,3.7
SI.DST.FRST.20,Participacao de renda - 20% mais pobres,CHN,China,2022,7.3
SI.DST.FRST.20,Participacao de renda - 20% mais pobres,CHN,China,2021,7.4
SI.DST.FRST.20,Participacao de renda - 20% mais pobres,CHN,China,2020,7.2
SI.DST.FRST.20,Participacao de renda - 20% mais pobres,CHN,China,2019,6.7
SI.DST.FRST.20,Participacao de renda - 20% mais pobres,CHN,China,2018,6.5
SI.DST.FRST.20,Participacao de renda - 20% mais pobres,CHN,China,2017,6.4
SI.DST.FRST.20,Participacao de renda - 20% mais pobres,CHN,China,2016,6.5
SI.DST.FRST.20,Participacao de renda - 20% mais pobres,CHN,China,2015,6.4
SI.DST.FRST.20,Participacao de renda - 20% mais pobres,CHN,China,2014,6.2
SI.DST.FRST.20,Participacao de renda - 20% mais pobres,CHN,China,2013,6.2
SI.DST.FRST.20,Participacao de renda - 20% mais pobres,CHN,China,2012,5.3
SI.DST.FRST.20,Participacao de renda - 20% mais pobres,CHN,China,2011,5.4
SI.DST.FRST.20,Participacao de renda - 20% mais pobres,CHN,China,2010,5.1
SI.DST.FRST.20,Participacao de renda - 20% mais pobres,CHN,China,2008,5.2
SI.DST.FRST.20,Participacao de renda - 20% mais pobres,CHN,China,2005,5.9
SI.DST.FRST.20,Participacao de renda - 20% mais pobres,CHN,China,2002,5.7
SI.DST.FRST.20,Participacao de renda - 20% mais pobres,CHN,China,1999,6.5
SI.DST.FRST.20,Participacao de renda - 20% mais pobres,CHN,China,1996,7.4
SI.DST.FRST.20,Participacao de renda - 20% mais pobres,COL,Colombia,2024,3.2
SI.DST.FRST.20,Participacao de renda - 20% mais pobres,COL,Colombia,2023,3.2
SI.DST.FRST.20,Participacao de renda - 20% mais pobres,COL,Colombia,2022,3.2
SI.DST.FRST.20,Participacao de renda - 20% mais pobres,COL,Colombia,2021,3.1
SI.DST.FRST.20,Participacao de renda - 20% mais pobres,COL,Colombia,2020,2.7
SI.DST.FRST.20,Participacao de renda - 20% mais pobres,COL,Colombia,2019,3.2
SI.DST.FRST.20,Participacao de renda - 20% mais pobres,COL,Colombia,2018,3.5
SI.DST.FRST.20,Participacao de renda - 20% mais pobres,COL,Colombia,2017,3.6
SI.DST.FRST.20,Participacao de renda - 20% mais pobres,COL,Colombia,2016,3.5
SI.DST.FRST.20,Participacao de renda - 20% mais pobres,COL,Colombia,2015,3.4
SI.DST.FRST.20,Participacao de renda - 20% mais pobres,COL,Colombia,2014,3.2
SI.DST.FRST.20,Participacao de renda - 20% mais pobres,COL,Colombia,2013,3.2
SI.DST.FRST.20,Participacao de renda - 20% mais pobres,COL,Colombia,2012,3.2
SI.DST.FRST.20,Participacao de renda - 20% mais pobres,COL,Colombia,2011,3.5
SI.DST.FRST.20,Participacao de renda - 20% mais pobres,COL,Colombia,2010,3.3
SI.DST.FRST.20,Participacao de renda - 20% mais pobres,COL,Colombia,2009,3.3
SI.DST.FRST.20,Participacao de renda - 20% mais pobres,COL,Colombia,2008,3.1
SI.DST.FRST.20,Participacao de renda - 20% mais pobres,COL,Colombia,2005,3.6
SI.DST.FRST.20,Participacao de renda - 20% mais pobres,COL,Colombia,2004,3.5
SI.DST.FRST.20,Participacao de renda - 20% mais pobres,COL,Colombia,2003,3.5
SI.DST.FRST.20,Participacao de renda - 20% mais pobres,COL,Colombia,2002,3.2
SI.DST.FRST.20,Participacao de renda - 20% mais pobres,COL,Colombia,2001,2.5
SI.DST.FRST.20,Participacao de renda - 20% mais pobres,COL,Colombia,2000,2.1
SI.DST.FRST.20,Participacao de renda - 20% mais pobres,COL,Colombia,1999,2.2
SI.DST.FRST.20,Participacao de renda - 20% mais pobres,COL,Colombia,1996,2.5
SI.DST.FRST.20,Participacao de renda - 20% mais pobres,ECU,Equador,2025,4.8
SI.DST.FRST.20,Participacao de renda - 20% mais pobres,ECU,Equador,2024,4.3
SI.DST.FRST.20,Participacao de renda - 20% mais pobres,ECU,Equador,2023,4.7
SI.DST.FRST.20,Participacao de renda - 20% mais pobres,ECU,Equador,2022,4.7
SI.DST.FRST.20,Participacao de renda - 20% mais pobres,ECU,Equador,2021,4.6
SI.DST.FRST.20,Participacao de renda - 20% mais pobres,ECU,Equador,2020,4.1
SI.DST.FRST.20,Participacao de renda - 20% mais pobres,ECU,Equador,2019,4.5
SI.DST.FRST.20,Participacao de renda - 20% mais pobres,ECU,Equador,2018,4.6
SI.DST.FRST.20,Participacao de renda - 20% mais pobres,ECU,Equador,2017,4.7
SI.DST.FRST.20,Participacao de renda - 20% mais pobres,ECU,Equador,2016,4.7
SI.DST.FRST.20,Participacao de renda - 20% mais pobres,ECU,Equador,2015,4.6
SI.DST.FRST.20,Participacao de renda - 20% mais pobres,ECU,Equador,2014,4.8
SI.DST.FRST.20,Participacao de renda - 20% mais pobres,ECU,Equador,2013,4.5
SI.DST.FRST.20,Participacao de renda - 20% mais pobres,ECU,Equador,2012,4.3
SI.DST.FRST.20,Participacao de renda - 20% mais pobres,ECU,Equador,2011,4.4
SI.DST.FRST.20,Participacao de renda - 20% mais pobres,ECU,Equador,2010,4.1
SI.DST.FRST.20,Participacao de renda - 20% mais pobres,ECU,Equador,2009,4.1
SI.DST.FRST.20,Participacao de renda - 20% mais pobres,ECU,Equador,2008,3.8
SI.DST.FRST.20,Participacao de renda - 20% mais pobres,ECU,Equador,2007,3.5
SI.DST.FRST.20,Participacao de renda - 20% mais pobres,ECU,Equador,2006,3.7
SI.DST.FRST.20,Participacao de renda - 20% mais pobres,ECU,Equador,2005,3.3
SI.DST.FRST.20,Participacao de renda - 20% mais pobres,ECU,Equador,2004,3.2
SI.DST.FRST.20,Participacao de renda - 20% mais pobres,ECU,Equador,2003,3.3
SI.DST.FRST.20,Participacao de renda - 20% mais pobres,ECU,Equador,2000,3.1
SI.DST.FRST.20,Participacao de renda - 20% mais pobres,ECU,Equador,1999,2.6
SI.DST.FRST.20,Participacao de renda - 20% mais pobres,ECU,Equador,1998,4.0
SI.DST.FRST.20,Participacao de renda - 20% mais pobres,ECU,Equador,1995,3.8
SI.DST.FRST.20,Participacao de renda - 20% mais pobres,IDN,Indonesia,2025,8.3
SI.DST.FRST.20,Participacao de renda - 20% mais pobres,IDN,Indonesia,2024,8.1
SI.DST.FRST.20,Participacao de renda - 20% mais pobres,IDN,Indonesia,2023,7.9
SI.DST.FRST.20,Participacao de renda - 20% mais pobres,IDN,Indonesia,2022,7.8
SI.DST.FRST.20,Participacao de renda - 20% mais pobres,IDN,Indonesia,2021,7.6
SI.DST.FRST.20,Participacao de renda - 20% mais pobres,IDN,Indonesia,2020,7.6
SI.DST.FRST.20,Participacao de renda - 20% mais pobres,IDN,Indonesia,2019,7.6
SI.DST.FRST.20,Participacao de renda - 20% mais pobres,IDN,Indonesia,2018,7.4
SI.DST.FRST.20,Participacao de renda - 20% mais pobres,IDN,Indonesia,2017,7.4
SI.DST.FRST.20,Participacao de renda - 20% mais pobres,IDN,Indonesia,2016,7.4
SI.DST.FRST.20,Participacao de renda - 20% mais pobres,IDN,Indonesia,2015,7.4
SI.DST.FRST.20,Participacao de renda - 20% mais pobres,IDN,Indonesia,2014,7.4
SI.DST.FRST.20,Participacao de renda - 20% mais pobres,IDN,Indonesia,2013,7.4
SI.DST.FRST.20,Participacao de renda - 20% mais pobres,IDN,Indonesia,2012,7.7
SI.DST.FRST.20,Participacao de renda - 20% mais pobres,IDN,Indonesia,2011,7.5
SI.DST.FRST.20,Participacao de renda - 20% mais pobres,IDN,Indonesia,2010,8.1
SI.DST.FRST.20,Participacao de renda - 20% mais pobres,IDN,Indonesia,2009,8.4
SI.DST.FRST.20,Participacao de renda - 20% mais pobres,IDN,Indonesia,2008,8.5
SI.DST.FRST.20,Participacao de renda - 20% mais pobres,IDN,Indonesia,2007,8.4
SI.DST.FRST.20,Participacao de renda - 20% mais pobres,IDN,Indonesia,2006,8.7
SI.DST.FRST.20,Participacao de renda - 20% mais pobres,IDN,Indonesia,2005,9.2
SI.DST.FRST.20,Participacao de renda - 20% mais pobres,IDN,Indonesia,2004,9.0
SI.DST.FRST.20,Participacao de renda - 20% mais pobres,IDN,Indonesia,2003,9.4
SI.DST.FRST.20,Participacao de renda - 20% mais pobres,IDN,Indonesia,2002,9.5
SI.DST.FRST.20,Participacao de renda - 20% mais pobres,IDN,Indonesia,2001,9.1
SI.DST.FRST.20,Participacao de renda - 20% mais pobres,IDN,Indonesia,2000,9.2
SI.DST.FRST.20,Participacao de renda - 20% mais pobres,IDN,Indonesia,1999,9.2
SI.DST.FRST.20,Participacao de renda - 20% mais pobres,IDN,Indonesia,1998,9.0
SI.DST.FRST.20,Participacao de renda - 20% mais pobres,IDN,Indonesia,1996,8.4
SI.DST.FRST.20,Participacao de renda - 20% mais pobres,IND,India,2022,10.4
SI.DST.FRST.20,Participacao de renda - 20% mais pobres,IND,India,2011,9.7
SI.DST.FRST.20,Participacao de renda - 20% mais pobres,IND,India,2009,10.0
SI.DST.FRST.20,Participacao de renda - 20% mais pobres,IND,India,2004,10.0
SI.DST.FRST.20,Participacao de renda - 20% mais pobres,MEX,Mexico,2024,5.6
SI.DST.FRST.20,Participacao de renda - 20% mais pobres,MEX,Mexico,2022,5.6
SI.DST.FRST.20,Participacao de renda - 20% mais pobres,MEX,Mexico,2020,5.3
SI.DST.FRST.20,Participacao de renda - 20% mais pobres,MEX,Mexico,2018,5.2
SI.DST.FRST.20,Participacao de renda - 20% mais pobres,MEX,Mexico,2016,5.0
SI.DST.FRST.20,Participacao de renda - 20% mais pobres,MEX,Mexico,2014,4.7
SI.DST.FRST.20,Participacao de renda - 20% mais pobres,MEX,Mexico,2012,4.4
SI.DST.FRST.20,Participacao de renda - 20% mais pobres,MEX,Mexico,2010,4.6
SI.DST.FRST.20,Participacao de renda - 20% mais pobres,MEX,Mexico,2008,3.9
SI.DST.FRST.20,Participacao de renda - 20% mais pobres,MEX,Mexico,2006,4.2
SI.DST.FRST.20,Participacao de renda - 20% mais pobres,MEX,Mexico,2005,3.8
SI.DST.FRST.20,Participacao de renda - 20% mais pobres,MEX,Mexico,2004,4.0
SI.DST.FRST.20,Participacao de renda - 20% mais pobres,MEX,Mexico,2002,4.0
SI.DST.FRST.20,Participacao de renda - 20% mais pobres,MEX,Mexico,2000,3.4
SI.DST.FRST.20,Participacao de renda - 20% mais pobres,MEX,Mexico,1998,3.3
SI.DST.FRST.20,Participacao de renda - 20% mais pobres,MEX,Mexico,1996,3.8
SI.DST.FRST.20,Participacao de renda - 20% mais pobres,PER,Peru,2024,5.6
SI.DST.FRST.20,Participacao de renda - 20% mais pobres,PER,Peru,2023,5.5
SI.DST.FRST.20,Participacao de renda - 20% mais pobres,PER,Peru,2022,5.7
SI.DST.FRST.20,Participacao de renda - 20% mais pobres,PER,Peru,2021,5.8
SI.DST.FRST.20,Participacao de renda - 20% mais pobres,PER,Peru,2020,4.8
SI.DST.FRST.20,Participacao de renda - 20% mais pobres,PER,Peru,2019,5.2
SI.DST.FRST.20,Participacao de renda - 20% mais pobres,PER,Peru,2018,5.0
SI.DST.FRST.20,Participacao de renda - 20% mais pobres,PER,Peru,2017,4.7
SI.DST.FRST.20,Participacao de renda - 20% mais pobres,PER,Peru,2016,4.6
SI.DST.FRST.20,Participacao de renda - 20% mais pobres,PER,Peru,2015,4.7
SI.DST.FRST.20,Participacao de renda - 20% mais pobres,PER,Peru,2014,4.7
SI.DST.FRST.20,Participacao de renda - 20% mais pobres,PER,Peru,2013,4.5
SI.DST.FRST.20,Participacao de renda - 20% mais pobres,PER,Peru,2012,4.4
SI.DST.FRST.20,Participacao de renda - 20% mais pobres,PER,Peru,2011,4.4
SI.DST.FRST.20,Participacao de renda - 20% mais pobres,PER,Peru,2010,4.3
SI.DST.FRST.20,Participacao de renda - 20% mais pobres,PER,Peru,2009,4.0
SI.DST.FRST.20,Participacao de renda - 20% mais pobres,PER,Peru,2008,3.8
SI.DST.FRST.20,Participacao de renda - 20% mais pobres,PER,Peru,2007,3.5
SI.DST.FRST.20,Participacao de renda - 20% mais pobres,PER,Peru,2006,3.5
SI.DST.FRST.20,Participacao de renda - 20% mais pobres,PER,Peru,2005,3.6
SI.DST.FRST.20,Participacao de renda - 20% mais pobres,PER,Peru,2004,3.7
SI.DST.FRST.20,Participacao de renda - 20% mais pobres,PER,Peru,2003,3.6
SI.DST.FRST.20,Participacao de renda - 20% mais pobres,PER,Peru,2002,3.2
SI.DST.FRST.20,Participacao de renda - 20% mais pobres,PER,Peru,2001,3.4
SI.DST.FRST.20,Participacao de renda - 20% mais pobres,PER,Peru,2000,3.5
SI.DST.FRST.20,Participacao de renda - 20% mais pobres,PER,Peru,1999,2.9
SI.DST.FRST.20,Participacao de renda - 20% mais pobres,PER,Peru,1998,2.9
SI.DST.FRST.20,Participacao de renda - 20% mais pobres,PER,Peru,1997,3.0
SI.DST.FRST.20,Participacao de renda - 20% mais pobres,TUR,Turquia,2023,5.5
SI.DST.FRST.20,Participacao de renda - 20% mais pobres,TUR,Turquia,2022,5.4
SI.DST.FRST.20,Participacao de renda - 20% mais pobres,TUR,Turquia,2021,5.2
SI.DST.FRST.20,Participacao de renda - 20% mais pobres,TUR,Turquia,2020,5.3
SI.DST.FRST.20,Participacao de renda - 20% mais pobres,TUR,Turquia,2019,5.2
SI.DST.FRST.20,Participacao de renda - 20% mais pobres,TUR,Turquia,2018,5.4
SI.DST.FRST.20,Participacao de renda - 20% mais pobres,TUR,Turquia,2017,5.4
SI.DST.FRST.20,Participacao de renda - 20% mais pobres,TUR,Turquia,2016,5.7
SI.DST.FRST.20,Participacao de renda - 20% mais pobres,TUR,Turquia,2015,5.6
SI.DST.FRST.20,Participacao de renda - 20% mais pobres,TUR,Turquia,2014,5.8
SI.DST.FRST.20,Participacao de renda - 20% mais pobres,TUR,Turquia,2013,5.8
SI.DST.FRST.20,Participacao de renda - 20% mais pobres,TUR,Turquia,2012,5.8
SI.DST.FRST.20,Participacao de renda - 20% mais pobres,TUR,Turquia,2011,5.8
SI.DST.FRST.20,Participacao de renda - 20% mais pobres,TUR,Turquia,2010,5.9
SI.DST.FRST.20,Participacao de renda - 20% mais pobres,TUR,Turquia,2009,5.9
SI.DST.FRST.20,Participacao de renda - 20% mais pobres,TUR,Turquia,2008,5.7
SI.DST.FRST.20,Participacao de renda - 20% mais pobres,TUR,Turquia,2007,5.8
SI.DST.FRST.20,Participacao de renda - 20% mais pobres,TUR,Turquia,2006,5.6
SI.DST.FRST.20,Participacao de renda - 20% mais pobres,TUR,Turquia,2005,5.2
SI.DST.FRST.20,Participacao de renda - 20% mais pobres,TUR,Turquia,2004,5.4
SI.DST.FRST.20,Participacao de renda - 20% mais pobres,TUR,Turquia,2003,5.5
SI.DST.FRST.20,Participacao de renda - 20% mais pobres,TUR,Turquia,2002,5.8
SI.DST.FRST.20,Participacao de renda - 20% mais pobres,ZAF,Africa do Sul,2022,3.7
SI.DST.FRST.20,Participacao de renda - 20% mais pobres,ZAF,Africa do Sul,2014,2.8
SI.DST.FRST.20,Participacao de renda - 20% mais pobres,ZAF,Africa do Sul,2010,2.7
SI.DST.FRST.20,Participacao de renda - 20% mais pobres,ZAF,Africa do Sul,2008,2.6
SI.DST.FRST.20,Participacao de renda - 20% mais pobres,ZAF,Africa do Sul,2005,2.6
SI.DST.FRST.20,Participacao de renda - 20% mais pobres,ZAF,Africa do Sul,2000,3.1
SI.DST.02ND.20,Participacao de renda - 2o quintil,ARG,Argentina,2024,9.7
SI.DST.02ND.20,Participacao de renda - 2o quintil,ARG,Argentina,2023,9.6
SI.DST.02ND.20,Participacao de renda - 2o quintil,ARG,Argentina,2022,10.1
SI.DST.02ND.20,Participacao de renda - 2o quintil,ARG,Argentina,2021,9.8
SI.DST.02ND.20,Participacao de renda - 2o quintil,ARG,Argentina,2020,9.4
SI.DST.02ND.20,Participacao de renda - 2o quintil,ARG,Argentina,2019,9.5
SI.DST.02ND.20,Participacao de renda - 2o quintil,ARG,Argentina,2018,9.9
SI.DST.02ND.20,Participacao de renda - 2o quintil,ARG,Argentina,2017,10.0
SI.DST.02ND.20,Participacao de renda - 2o quintil,ARG,Argentina,2016,9.7
SI.DST.02ND.20,Participacao de renda - 2o quintil,ARG,Argentina,2014,9.7
SI.DST.02ND.20,Participacao de renda - 2o quintil,ARG,Argentina,2013,10.0
SI.DST.02ND.20,Participacao de renda - 2o quintil,ARG,Argentina,2012,9.9
SI.DST.02ND.20,Participacao de renda - 2o quintil,ARG,Argentina,2011,9.6
SI.DST.02ND.20,Participacao de renda - 2o quintil,ARG,Argentina,2010,9.4
SI.DST.02ND.20,Participacao de renda - 2o quintil,ARG,Argentina,2009,9.4
SI.DST.02ND.20,Participacao de renda - 2o quintil,ARG,Argentina,2008,9.1
SI.DST.02ND.20,Participacao de renda - 2o quintil,ARG,Argentina,2007,8.6
SI.DST.02ND.20,Participacao de renda - 2o quintil,ARG,Argentina,2006,8.7
SI.DST.02ND.20,Participacao de renda - 2o quintil,ARG,Argentina,2005,8.3
SI.DST.02ND.20,Participacao de renda - 2o quintil,ARG,Argentina,2004,8.1
SI.DST.02ND.20,Participacao de renda - 2o quintil,ARG,Argentina,2003,7.6
SI.DST.02ND.20,Participacao de renda - 2o quintil,ARG,Argentina,2002,6.9
SI.DST.02ND.20,Participacao de renda - 2o quintil,ARG,Argentina,2001,7.1
SI.DST.02ND.20,Participacao de renda - 2o quintil,ARG,Argentina,2000,7.6
SI.DST.02ND.20,Participacao de renda - 2o quintil,ARG,Argentina,1999,8.0
SI.DST.02ND.20,Participacao de renda - 2o quintil,ARG,Argentina,1998,7.8
SI.DST.02ND.20,Participacao de renda - 2o quintil,ARG,Argentina,1997,8.2
SI.DST.02ND.20,Participacao de renda - 2o quintil,ARG,Argentina,1996,8.2
SI.DST.02ND.20,Participacao de renda - 2o quintil,ARG,Argentina,1995,8.4
SI.DST.02ND.20,Participacao de renda - 2o quintil,BRA,Brasil,2024,8.1
SI.DST.02ND.20,Participacao de renda - 2o quintil,BRA,Brasil,2023,7.8
SI.DST.02ND.20,Participacao de renda - 2o quintil,BRA,Brasil,2022,7.7
SI.DST.02ND.20,Participacao de renda - 2o quintil,BRA,Brasil,2021,7.6
SI.DST.02ND.20,Participacao de renda - 2o quintil,BRA,Brasil,2020,8.7
SI.DST.02ND.20,Participacao de renda - 2o quintil,BRA,Brasil,2019,7.4
SI.DST.02ND.20,Participacao de renda - 2o quintil,BRA,Brasil,2018,7.3
SI.DST.02ND.20,Participacao de renda - 2o quintil,BRA,Brasil,2017,7.4
SI.DST.02ND.20,Participacao de renda - 2o quintil,BRA,Brasil,2016,7.4
SI.DST.02ND.20,Participacao de renda - 2o quintil,BRA,Brasil,2015,7.7
SI.DST.02ND.20,Participacao de renda - 2o quintil,BRA,Brasil,2014,7.7
SI.DST.02ND.20,Participacao de renda - 2o quintil,BRA,Brasil,2013,7.5
SI.DST.02ND.20,Participacao de renda - 2o quintil,BRA,Brasil,2012,7.4
SI.DST.02ND.20,Participacao de renda - 2o quintil,BRA,Brasil,2011,7.5
SI.DST.02ND.20,Participacao de renda - 2o quintil,BRA,Brasil,2009,7.2
SI.DST.02ND.20,Participacao de renda - 2o quintil,BRA,Brasil,2008,7.1
SI.DST.02ND.20,Participacao de renda - 2o quintil,BRA,Brasil,2007,6.9
SI.DST.02ND.20,Participacao de renda - 2o quintil,BRA,Brasil,2006,6.7
SI.DST.02ND.20,Participacao de renda - 2o quintil,BRA,Brasil,2005,6.5
SI.DST.02ND.20,Participacao de renda - 2o quintil,BRA,Brasil,2004,6.5
SI.DST.02ND.20,Participacao de renda - 2o quintil,BRA,Brasil,2003,6.2
SI.DST.02ND.20,Participacao de renda - 2o quintil,BRA,Brasil,2002,6.1
SI.DST.02ND.20,Participacao de renda - 2o quintil,BRA,Brasil,2001,6.0
SI.DST.02ND.20,Participacao de renda - 2o quintil,BRA,Brasil,1999,5.9
SI.DST.02ND.20,Participacao de renda - 2o quintil,BRA,Brasil,1998,5.8
SI.DST.02ND.20,Participacao de renda - 2o quintil,BRA,Brasil,1997,5.7
SI.DST.02ND.20,Participacao de renda - 2o quintil,BRA,Brasil,1996,5.7
SI.DST.02ND.20,Participacao de renda - 2o quintil,BRA,Brasil,1995,5.8
SI.DST.02ND.20,Participacao de renda - 2o quintil,CHL,Chile,2024,9.9
SI.DST.02ND.20,Participacao de renda - 2o quintil,CHL,Chile,2022,9.9
SI.DST.02ND.20,Participacao de renda - 2o quintil,CHL,Chile,2020,9.1
SI.DST.02ND.20,Participacao de renda - 2o quintil,CHL,Chile,2017,9.4
SI.DST.02ND.20,Participacao de renda - 2o quintil,CHL,Chile,2015,9.4
SI.DST.02ND.20,Participacao de renda - 2o quintil,CHL,Chile,2013,9.0
SI.DST.02ND.20,Participacao de renda - 2o quintil,CHL,Chile,2011,9.1
SI.DST.02ND.20,Participacao de renda - 2o quintil,CHL,Chile,2009,8.9
SI.DST.02ND.20,Participacao de renda - 2o quintil,CHL,Chile,2006,8.8
SI.DST.02ND.20,Participacao de renda - 2o quintil,CHL,Chile,2003,7.9
SI.DST.02ND.20,Participacao de renda - 2o quintil,CHL,Chile,2000,7.7
SI.DST.02ND.20,Participacao de renda - 2o quintil,CHL,Chile,1998,6.9
SI.DST.02ND.20,Participacao de renda - 2o quintil,CHL,Chile,1996,7.1
SI.DST.02ND.20,Participacao de renda - 2o quintil,CHN,China,2022,11.4
SI.DST.02ND.20,Participacao de renda - 2o quintil,CHN,China,2021,11.4
SI.DST.02ND.20,Participacao de renda - 2o quintil,CHN,China,2020,11.0
SI.DST.02ND.20,Participacao de renda - 2o quintil,CHN,China,2019,10.7
SI.DST.02ND.20,Participacao de renda - 2o quintil,CHN,China,2018,10.7
SI.DST.02ND.20,Participacao de renda - 2o quintil,CHN,China,2017,10.5
SI.DST.02ND.20,Participacao de renda - 2o quintil,CHN,China,2016,10.7
SI.DST.02ND.20,Participacao de renda - 2o quintil,CHN,China,2015,10.6
SI.DST.02ND.20,Participacao de renda - 2o quintil,CHN,China,2014,10.5
SI.DST.02ND.20,Participacao de renda - 2o quintil,CHN,China,2013,10.3
SI.DST.02ND.20,Participacao de renda - 2o quintil,CHN,China,2012,9.7
SI.DST.02ND.20,Participacao de renda - 2o quintil,CHN,China,2011,9.6
SI.DST.02ND.20,Participacao de renda - 2o quintil,CHN,China,2010,9.2
SI.DST.02ND.20,Participacao de renda - 2o quintil,CHN,China,2008,9.4
SI.DST.02ND.20,Participacao de renda - 2o quintil,CHN,China,2005,10.0
SI.DST.02ND.20,Participacao de renda - 2o quintil,CHN,China,2002,9.6
SI.DST.02ND.20,Participacao de renda - 2o quintil,CHN,China,1999,10.5
SI.DST.02ND.20,Participacao de renda - 2o quintil,CHN,China,1996,11.5
SI.DST.02ND.20,Participacao de renda - 2o quintil,COL,Colombia,2024,7.1
SI.DST.02ND.20,Participacao de renda - 2o quintil,COL,Colombia,2023,7.0
SI.DST.02ND.20,Participacao de renda - 2o quintil,COL,Colombia,2022,7.1
SI.DST.02ND.20,Participacao de renda - 2o quintil,COL,Colombia,2021,7.0
SI.DST.02ND.20,Participacao de renda - 2o quintil,COL,Colombia,2020,7.1
SI.DST.02ND.20,Participacao de renda - 2o quintil,COL,Colombia,2019,7.5
SI.DST.02ND.20,Participacao de renda - 2o quintil,COL,Colombia,2018,7.7
SI.DST.02ND.20,Participacao de renda - 2o quintil,COL,Colombia,2017,7.9
SI.DST.02ND.20,Participacao de renda - 2o quintil,COL,Colombia,2016,7.7
SI.DST.02ND.20,Participacao de renda - 2o quintil,COL,Colombia,2015,7.6
SI.DST.02ND.20,Participacao de renda - 2o quintil,COL,Colombia,2014,7.2
SI.DST.02ND.20,Participacao de renda - 2o quintil,COL,Colombia,2013,7.2
SI.DST.02ND.20,Participacao de renda - 2o quintil,COL,Colombia,2012,7.2
SI.DST.02ND.20,Participacao de renda - 2o quintil,COL,Colombia,2011,7.4
SI.DST.02ND.20,Participacao de renda - 2o quintil,COL,Colombia,2010,7.1
SI.DST.02ND.20,Participacao de renda - 2o quintil,COL,Colombia,2009,7.2
SI.DST.02ND.20,Participacao de renda - 2o quintil,COL,Colombia,2008,7.0
SI.DST.02ND.20,Participacao de renda - 2o quintil,COL,Colombia,2005,7.3
SI.DST.02ND.20,Participacao de renda - 2o quintil,COL,Colombia,2004,7.1
SI.DST.02ND.20,Participacao de renda - 2o quintil,COL,Colombia,2003,7.5
SI.DST.02ND.20,Participacao de renda - 2o quintil,COL,Colombia,2002,6.8
SI.DST.02ND.20,Participacao de renda - 2o quintil,COL,Colombia,2001,6.9
SI.DST.02ND.20,Participacao de renda - 2o quintil,COL,Colombia,2000,6.7
SI.DST.02ND.20,Participacao de renda - 2o quintil,COL,Colombia,1999,6.5
SI.DST.02ND.20,Participacao de renda - 2o quintil,COL,Colombia,1996,7.0
SI.DST.02ND.20,Participacao de renda - 2o quintil,ECU,Equador,2025,8.9
SI.DST.02ND.20,Participacao de renda - 2o quintil,ECU,Equador,2024,9.1
SI.DST.02ND.20,Participacao de renda - 2o quintil,ECU,Equador,2023,9.3
SI.DST.02ND.20,Participacao de renda - 2o quintil,ECU,Equador,2022,9.1
SI.DST.02ND.20,Participacao de renda - 2o quintil,ECU,Equador,2021,9.0
SI.DST.02ND.20,Participacao de renda - 2o quintil,ECU,Equador,2020,8.9
SI.DST.02ND.20,Participacao de renda - 2o quintil,ECU,Equador,2019,9.1
SI.DST.02ND.20,Participacao de renda - 2o quintil,ECU,Equador,2018,9.2
SI.DST.02ND.20,Participacao de renda - 2o quintil,ECU,Equador,2017,9.4
SI.DST.02ND.20,Participacao de renda - 2o quintil,ECU,Equador,2016,9.4
SI.DST.02ND.20,Participacao de renda - 2o quintil,ECU,Equador,2015,9.1
SI.DST.02ND.20,Participacao de renda - 2o quintil,ECU,Equador,2014,9.3
SI.DST.02ND.20,Participacao de renda - 2o quintil,ECU,Equador,2013,8.7
SI.DST.02ND.20,Participacao de renda - 2o quintil,ECU,Equador,2012,9.0
SI.DST.02ND.20,Participacao de renda - 2o quintil,ECU,Equador,2011,9.0
SI.DST.02ND.20,Participacao de renda - 2o quintil,ECU,Equador,2010,8.4
SI.DST.02ND.20,Participacao de renda - 2o quintil,ECU,Equador,2009,8.5
SI.DST.02ND.20,Participacao de renda - 2o quintil,ECU,Equador,2008,8.1
SI.DST.02ND.20,Participacao de renda - 2o quintil,ECU,Equador,2007,7.4
SI.DST.02ND.20,Participacao de renda - 2o quintil,ECU,Equador,2006,7.7
SI.DST.02ND.20,Participacao de renda - 2o quintil,ECU,Equador,2005,7.4
SI.DST.02ND.20,Participacao de renda - 2o quintil,ECU,Equador,2004,7.3
SI.DST.02ND.20,Participacao de renda - 2o quintil,ECU,Equador,2003,7.3
SI.DST.02ND.20,Participacao de renda - 2o quintil,ECU,Equador,2000,6.9
SI.DST.02ND.20,Participacao de renda - 2o quintil,ECU,Equador,1999,6.5
SI.DST.02ND.20,Participacao de renda - 2o quintil,ECU,Equador,1998,8.1
SI.DST.02ND.20,Participacao de renda - 2o quintil,ECU,Equador,1995,8.2
SI.DST.02ND.20,Participacao de renda - 2o quintil,IDN,Indonesia,2025,11.9
SI.DST.02ND.20,Participacao de renda - 2o quintil,IDN,Indonesia,2024,11.8
SI.DST.02ND.20,Participacao de renda - 2o quintil,IDN,Indonesia,2023,11.6
SI.DST.02ND.20,Participacao de renda - 2o quintil,IDN,Indonesia,2022,11.7
SI.DST.02ND.20,Participacao de renda - 2o quintil,IDN,Indonesia,2021,11.6
SI.DST.02ND.20,Participacao de renda - 2o quintil,IDN,Indonesia,2020,11.5
SI.DST.02ND.20,Participacao de renda - 2o quintil,IDN,Indonesia,2019,11.5
SI.DST.02ND.20,Participacao de renda - 2o quintil,IDN,Indonesia,2018,11.3
SI.DST.02ND.20,Participacao de renda - 2o quintil,IDN,Indonesia,2017,11.2
SI.DST.02ND.20,Participacao de renda - 2o quintil,IDN,Indonesia,2016,11.1
SI.DST.02ND.20,Participacao de renda - 2o quintil,IDN,Indonesia,2015,11.0
SI.DST.02ND.20,Participacao de renda - 2o quintil,IDN,Indonesia,2014,10.6
SI.DST.02ND.20,Participacao de renda - 2o quintil,IDN,Indonesia,2013,10.6
SI.DST.02ND.20,Participacao de renda - 2o quintil,IDN,Indonesia,2012,11.1
SI.DST.02ND.20,Participacao de renda - 2o quintil,IDN,Indonesia,2011,10.9
SI.DST.02ND.20,Participacao de renda - 2o quintil,IDN,Indonesia,2010,11.6
SI.DST.02ND.20,Participacao de renda - 2o quintil,IDN,Indonesia,2009,12.2
SI.DST.02ND.20,Participacao de renda - 2o quintil,IDN,Indonesia,2008,12.3
SI.DST.02ND.20,Participacao de renda - 2o quintil,IDN,Indonesia,2007,12.2
SI.DST.02ND.20,Participacao de renda - 2o quintil,IDN,Indonesia,2006,12.7
SI.DST.02ND.20,Participacao de renda - 2o quintil,IDN,Indonesia,2005,13.1
SI.DST.02ND.20,Participacao de renda - 2o quintil,IDN,Indonesia,2004,12.9
SI.DST.02ND.20,Participacao de renda - 2o quintil,IDN,Indonesia,2003,13.2
SI.DST.02ND.20,Participacao de renda - 2o quintil,IDN,Indonesia,2002,13.0
SI.DST.02ND.20,Participacao de renda - 2o quintil,IDN,Indonesia,2001,12.8
SI.DST.02ND.20,Participacao de renda - 2o quintil,IDN,Indonesia,2000,13.0
SI.DST.02ND.20,Participacao de renda - 2o quintil,IDN,Indonesia,1999,13.0
SI.DST.02ND.20,Participacao de renda - 2o quintil,IDN,Indonesia,1998,12.9
SI.DST.02ND.20,Participacao de renda - 2o quintil,IDN,Indonesia,1996,12.0
SI.DST.02ND.20,Participacao de renda - 2o quintil,IND,India,2022,14.2
SI.DST.02ND.20,Participacao de renda - 2o quintil,IND,India,2011,13.4
SI.DST.02ND.20,Participacao de renda - 2o quintil,IND,India,2009,13.7
SI.DST.02ND.20,Participacao de renda - 2o quintil,IND,India,2004,13.6
SI.DST.02ND.20,Participacao de renda - 2o quintil,MEX,Mexico,2024,10.0
SI.DST.02ND.20,Participacao de renda - 2o quintil,MEX,Mexico,2022,9.8
SI.DST.02ND.20,Participacao de renda - 2o quintil,MEX,Mexico,2020,9.5
SI.DST.02ND.20,Participacao de renda - 2o quintil,MEX,Mexico,2018,9.3
SI.DST.02ND.20,Participacao de renda - 2o quintil,MEX,Mexico,2016,9.0
SI.DST.02ND.20,Participacao de renda - 2o quintil,MEX,Mexico,2014,8.6
SI.DST.02ND.20,Participacao de renda - 2o quintil,MEX,Mexico,2012,8.4
SI.DST.02ND.20,Participacao de renda - 2o quintil,MEX,Mexico,2010,8.8
SI.DST.02ND.20,Participacao de renda - 2o quintil,MEX,Mexico,2008,7.9
SI.DST.02ND.20,Participacao de renda - 2o quintil,MEX,Mexico,2006,8.3
SI.DST.02ND.20,Participacao de renda - 2o quintil,MEX,Mexico,2005,8.1
SI.DST.02ND.20,Participacao de renda - 2o quintil,MEX,Mexico,2004,8.3
SI.DST.02ND.20,Participacao de renda - 2o quintil,MEX,Mexico,2002,8.0
SI.DST.02ND.20,Participacao de renda - 2o quintil,MEX,Mexico,2000,7.4
SI.DST.02ND.20,Participacao de renda - 2o quintil,MEX,Mexico,1998,7.4
SI.DST.02ND.20,Participacao de renda - 2o quintil,MEX,Mexico,1996,7.7
SI.DST.02ND.20,Participacao de renda - 2o quintil,PER,Peru,2024,10.6
SI.DST.02ND.20,Participacao de renda - 2o quintil,PER,Peru,2023,10.4
SI.DST.02ND.20,Participacao de renda - 2o quintil,PER,Peru,2022,10.5
SI.DST.02ND.20,Participacao de renda - 2o quintil,PER,Peru,2021,10.6
SI.DST.02ND.20,Participacao de renda - 2o quintil,PER,Peru,2020,9.6
SI.DST.02ND.20,Participacao de renda - 2o quintil,PER,Peru,2019,10.2
SI.DST.02ND.20,Participacao de renda - 2o quintil,PER,Peru,2018,10.0
SI.DST.02ND.20,Participacao de renda - 2o quintil,PER,Peru,2017,9.7
SI.DST.02ND.20,Participacao de renda - 2o quintil,PER,Peru,2016,9.7
SI.DST.02ND.20,Participacao de renda - 2o quintil,PER,Peru,2015,9.9
SI.DST.02ND.20,Participacao de renda - 2o quintil,PER,Peru,2014,9.8
SI.DST.02ND.20,Participacao de renda - 2o quintil,PER,Peru,2013,9.6
SI.DST.02ND.20,Participacao de renda - 2o quintil,PER,Peru,2012,9.5
SI.DST.02ND.20,Participacao de renda - 2o quintil,PER,Peru,2011,9.4
SI.DST.02ND.20,Participacao de renda - 2o quintil,PER,Peru,2010,9.2
SI.DST.02ND.20,Participacao de renda - 2o quintil,PER,Peru,2009,8.7
SI.DST.02ND.20,Participacao de renda - 2o quintil,PER,Peru,2008,8.6
SI.DST.02ND.20,Participacao de renda - 2o quintil,PER,Peru,2007,8.0
SI.DST.02ND.20,Participacao de renda - 2o quintil,PER,Peru,2006,7.9
SI.DST.02ND.20,Participacao de renda - 2o quintil,PER,Peru,2005,7.8
SI.DST.02ND.20,Participacao de renda - 2o quintil,PER,Peru,2004,8.0
SI.DST.02ND.20,Participacao de renda - 2o quintil,PER,Peru,2003,7.4
SI.DST.02ND.20,Participacao de renda - 2o quintil,PER,Peru,2002,7.3
SI.DST.02ND.20,Participacao de renda - 2o quintil,PER,Peru,2001,7.7
SI.DST.02ND.20,Participacao de renda - 2o quintil,PER,Peru,2000,8.2
SI.DST.02ND.20,Participacao de renda - 2o quintil,PER,Peru,1999,7.1
SI.DST.02ND.20,Participacao de renda - 2o quintil,PER,Peru,1998,7.0
SI.DST.02ND.20,Participacao de renda - 2o quintil,PER,Peru,1997,7.2
SI.DST.02ND.20,Participacao de renda - 2o quintil,TUR,Turquia,2023,9.7
SI.DST.02ND.20,Participacao de renda - 2o quintil,TUR,Turquia,2022,9.5
SI.DST.02ND.20,Participacao de renda - 2o quintil,TUR,Turquia,2021,9.5
SI.DST.02ND.20,Participacao de renda - 2o quintil,TUR,Turquia,2020,9.8
SI.DST.02ND.20,Participacao de renda - 2o quintil,TUR,Turquia,2019,9.6
SI.DST.02ND.20,Participacao de renda - 2o quintil,TUR,Turquia,2018,10.0
SI.DST.02ND.20,Participacao de renda - 2o quintil,TUR,Turquia,2017,9.7
SI.DST.02ND.20,Participacao de renda - 2o quintil,TUR,Turquia,2016,9.9
SI.DST.02ND.20,Participacao de renda - 2o quintil,TUR,Turquia,2015,9.9
SI.DST.02ND.20,Participacao de renda - 2o quintil,TUR,Turquia,2014,10.2
SI.DST.02ND.20,Participacao de renda - 2o quintil,TUR,Turquia,2013,10.5
SI.DST.02ND.20,Participacao de renda - 2o quintil,TUR,Turquia,2012,10.5
SI.DST.02ND.20,Participacao de renda - 2o quintil,TUR,Turquia,2011,10.6
SI.DST.02ND.20,Participacao de renda - 2o quintil,TUR,Turquia,2010,11.0
SI.DST.02ND.20,Participacao de renda - 2o quintil,TUR,Turquia,2009,10.8
SI.DST.02ND.20,Participacao de renda - 2o quintil,TUR,Turquia,2008,10.9
SI.DST.02ND.20,Participacao de renda - 2o quintil,TUR,Turquia,2007,11.0
SI.DST.02ND.20,Participacao de renda - 2o quintil,TUR,Turquia,2006,10.6
SI.DST.02ND.20,Participacao de renda - 2o quintil,TUR,Turquia,2005,10.0
SI.DST.02ND.20,Participacao de renda - 2o quintil,TUR,Turquia,2004,10.1
SI.DST.02ND.20,Participacao de renda - 2o quintil,TUR,Turquia,2003,10.0
SI.DST.02ND.20,Participacao de renda - 2o quintil,TUR,Turquia,2002,10.1
SI.DST.02ND.20,Participacao de renda - 2o quintil,ZAF,Africa do Sul,2022,6.9
SI.DST.02ND.20,Participacao de renda - 2o quintil,ZAF,Africa do Sul,2014,5.5
SI.DST.02ND.20,Participacao de renda - 2o quintil,ZAF,Africa do Sul,2010,5.2
SI.DST.02ND.20,Participacao de renda - 2o quintil,ZAF,Africa do Sul,2008,4.8
SI.DST.02ND.20,Participacao de renda - 2o quintil,ZAF,Africa do Sul,2005,4.7
SI.DST.02ND.20,Participacao de renda - 2o quintil,ZAF,Africa do Sul,2000,5.6
SI.DST.10TH.10,Participacao de renda - 10% mais ricos,ARG,Argentina,2024,31.2
SI.DST.10TH.10,Participacao de renda - 10% mais ricos,ARG,Argentina,2023,31.0
SI.DST.10TH.10,Participacao de renda - 10% mais ricos,ARG,Argentina,2022,29.8
SI.DST.10TH.10,Participacao de renda - 10% mais ricos,ARG,Argentina,2021,31.2
SI.DST.10TH.10,Participacao de renda - 10% mais ricos,ARG,Argentina,2020,30.6
SI.DST.10TH.10,Participacao de renda - 10% mais ricos,ARG,Argentina,2019,31.3
SI.DST.10TH.10,Participacao de renda - 10% mais ricos,ARG,Argentina,2018,30.1
SI.DST.10TH.10,Participacao de renda - 10% mais ricos,ARG,Argentina,2017,30.0
SI.DST.10TH.10,Participacao de renda - 10% mais ricos,ARG,Argentina,2016,30.7
SI.DST.10TH.10,Participacao de renda - 10% mais ricos,ARG,Argentina,2014,30.1
SI.DST.10TH.10,Participacao de renda - 10% mais ricos,ARG,Argentina,2013,29.5
SI.DST.10TH.10,Participacao de renda - 10% mais ricos,ARG,Argentina,2012,29.8
SI.DST.10TH.10,Participacao de renda - 10% mais ricos,ARG,Argentina,2011,31.0
SI.DST.10TH.10,Participacao de renda - 10% mais ricos,ARG,Argentina,2010,31.8
SI.DST.10TH.10,Participacao de renda - 10% mais ricos,ARG,Argentina,2009,31.3
SI.DST.10TH.10,Participacao de renda - 10% mais ricos,ARG,Argentina,2008,32.5
SI.DST.10TH.10,Participacao de renda - 10% mais ricos,ARG,Argentina,2007,33.7
SI.DST.10TH.10,Participacao de renda - 10% mais ricos,ARG,Argentina,2006,33.8
SI.DST.10TH.10,Participacao de renda - 10% mais ricos,ARG,Argentina,2005,35.0
SI.DST.10TH.10,Participacao de renda - 10% mais ricos,ARG,Argentina,2004,35.3
SI.DST.10TH.10,Participacao de renda - 10% mais ricos,ARG,Argentina,2003,37.7
SI.DST.10TH.10,Participacao de renda - 10% mais ricos,ARG,Argentina,2002,40.5
SI.DST.10TH.10,Participacao de renda - 10% mais ricos,ARG,Argentina,2001,39.5
SI.DST.10TH.10,Participacao de renda - 10% mais ricos,ARG,Argentina,2000,37.7
SI.DST.10TH.10,Participacao de renda - 10% mais ricos,ARG,Argentina,1999,37.0
SI.DST.10TH.10,Participacao de renda - 10% mais ricos,ARG,Argentina,1998,38.0
SI.DST.10TH.10,Participacao de renda - 10% mais ricos,ARG,Argentina,1997,36.4
SI.DST.10TH.10,Participacao de renda - 10% mais ricos,ARG,Argentina,1996,36.9
SI.DST.10TH.10,Participacao de renda - 10% mais ricos,ARG,Argentina,1995,37.0
SI.DST.10TH.10,Participacao de renda - 10% mais ricos,BRA,Brasil,2024,39.3
SI.DST.10TH.10,Participacao de renda - 10% mais ricos,BRA,Brasil,2023,40.7
SI.DST.10TH.10,Participacao de renda - 10% mais ricos,BRA,Brasil,2022,40.8
SI.DST.10TH.10,Participacao de renda - 10% mais ricos,BRA,Brasil,2021,41.5
SI.DST.10TH.10,Participacao de renda - 10% mais ricos,BRA,Brasil,2020,39.4
SI.DST.10TH.10,Participacao de renda - 10% mais ricos,BRA,Brasil,2019,41.9
SI.DST.10TH.10,Participacao de renda - 10% mais ricos,BRA,Brasil,2018,42.5
SI.DST.10TH.10,Participacao de renda - 10% mais ricos,BRA,Brasil,2017,41.9
SI.DST.10TH.10,Participacao de renda - 10% mais ricos,BRA,Brasil,2016,42.0
SI.DST.10TH.10,Participacao de renda - 10% mais ricos,BRA,Brasil,2015,40.9
SI.DST.10TH.10,Participacao de renda - 10% mais ricos,BRA,Brasil,2014,41.1
SI.DST.10TH.10,Participacao de renda - 10% mais ricos,BRA,Brasil,2013,41.8
SI.DST.10TH.10,Participacao de renda - 10% mais ricos,BRA,Brasil,2012,42.4
SI.DST.10TH.10,Participacao de renda - 10% mais ricos,BRA,Brasil,2011,41.7
SI.DST.10TH.10,Participacao de renda - 10% mais ricos,BRA,Brasil,2009,42.2
SI.DST.10TH.10,Participacao de renda - 10% mais ricos,BRA,Brasil,2008,42.5
SI.DST.10TH.10,Participacao de renda - 10% mais ricos,BRA,Brasil,2007,43.2
SI.DST.10TH.10,Participacao de renda - 10% mais ricos,BRA,Brasil,2006,44.1
SI.DST.10TH.10,Participacao de renda - 10% mais ricos,BRA,Brasil,2005,44.6
SI.DST.10TH.10,Participacao de renda - 10% mais ricos,BRA,Brasil,2004,44.5
SI.DST.10TH.10,Participacao de renda - 10% mais ricos,BRA,Brasil,2003,45.4
SI.DST.10TH.10,Participacao de renda - 10% mais ricos,BRA,Brasil,2002,46.1
SI.DST.10TH.10,Participacao de renda - 10% mais ricos,BRA,Brasil,2001,46.1
SI.DST.10TH.10,Participacao de renda - 10% mais ricos,BRA,Brasil,1999,47.0
SI.DST.10TH.10,Participacao de renda - 10% mais ricos,BRA,Brasil,1998,47.6
SI.DST.10TH.10,Participacao de renda - 10% mais ricos,BRA,Brasil,1997,47.4
SI.DST.10TH.10,Participacao de renda - 10% mais ricos,BRA,Brasil,1996,47.3
SI.DST.10TH.10,Participacao de renda - 10% mais ricos,BRA,Brasil,1995,47.5
SI.DST.10TH.10,Participacao de renda - 10% mais ricos,CHL,Chile,2024,34.3
SI.DST.10TH.10,Participacao de renda - 10% mais ricos,CHL,Chile,2022,34.6
SI.DST.10TH.10,Participacao de renda - 10% mais ricos,CHL,Chile,2020,37.3
SI.DST.10TH.10,Participacao de renda - 10% mais ricos,CHL,Chile,2017,36.9
SI.DST.10TH.10,Participacao de renda - 10% mais ricos,CHL,Chile,2015,36.8
SI.DST.10TH.10,Participacao de renda - 10% mais ricos,CHL,Chile,2013,38.2
SI.DST.10TH.10,Participacao de renda - 10% mais ricos,CHL,Chile,2011,38.0
SI.DST.10TH.10,Participacao de renda - 10% mais ricos,CHL,Chile,2009,38.4
SI.DST.10TH.10,Participacao de renda - 10% mais ricos,CHL,Chile,2006,38.2
SI.DST.10TH.10,Participacao de renda - 10% mais ricos,CHL,Chile,2003,41.4
SI.DST.10TH.10,Participacao de renda - 10% mais ricos,CHL,Chile,2000,42.6
SI.DST.10TH.10,Participacao de renda - 10% mais ricos,CHL,Chile,1998,45.0
SI.DST.10TH.10,Participacao de renda - 10% mais ricos,CHL,Chile,1996,44.4
SI.DST.10TH.10,Participacao de renda - 10% mais ricos,CHN,China,2022,28.4
SI.DST.10TH.10,Participacao de renda - 10% mais ricos,CHN,China,2021,28.2
SI.DST.10TH.10,Participacao de renda - 10% mais ricos,CHN,China,2020,29.4
SI.DST.10TH.10,Participacao de renda - 10% mais ricos,CHN,China,2019,29.5
SI.DST.10TH.10,Participacao de renda - 10% mais ricos,CHN,China,2018,29.4
SI.DST.10TH.10,Participacao de renda - 10% mais ricos,CHN,China,2017,29.9
SI.DST.10TH.10,Participacao de renda - 10% mais ricos,CHN,China,2016,29.3
SI.DST.10TH.10,Participacao de renda - 10% mais ricos,CHN,China,2015,29.4
SI.DST.10TH.10,Participacao de renda - 10% mais ricos,CHN,China,2014,29.7
SI.DST.10TH.10,Participacao de renda - 10% mais ricos,CHN,China,2013,30.3
SI.DST.10TH.10,Participacao de renda - 10% mais ricos,CHN,China,2012,31.5
SI.DST.10TH.10,Participacao de renda - 10% mais ricos,CHN,China,2011,31.8
SI.DST.10TH.10,Participacao de renda - 10% mais ricos,CHN,China,2010,32.6
SI.DST.10TH.10,Participacao de renda - 10% mais ricos,CHN,China,2008,32.0
SI.DST.10TH.10,Participacao de renda - 10% mais ricos,CHN,China,2005,30.9
SI.DST.10TH.10,Participacao de renda - 10% mais ricos,CHN,China,2002,31.4
SI.DST.10TH.10,Participacao de renda - 10% mais ricos,CHN,China,1999,29.4
SI.DST.10TH.10,Participacao de renda - 10% mais ricos,CHN,China,1996,27.3
SI.DST.10TH.10,Participacao de renda - 10% mais ricos,COL,Colombia,2024,42.7
SI.DST.10TH.10,Participacao de renda - 10% mais ricos,COL,Colombia,2023,43.1
SI.DST.10TH.10,Participacao de renda - 10% mais ricos,COL,Colombia,2022,43.5
SI.DST.10TH.10,Participacao de renda - 10% mais ricos,COL,Colombia,2021,43.7
SI.DST.10TH.10,Participacao de renda - 10% mais ricos,COL,Colombia,2020,42.0
SI.DST.10TH.10,Participacao de renda - 10% mais ricos,COL,Colombia,2019,40.6
SI.DST.10TH.10,Participacao de renda - 10% mais ricos,COL,Colombia,2018,40.0
SI.DST.10TH.10,Participacao de renda - 10% mais ricos,COL,Colombia,2017,39.4
SI.DST.10TH.10,Participacao de renda - 10% mais ricos,COL,Colombia,2016,40.2
SI.DST.10TH.10,Participacao de renda - 10% mais ricos,COL,Colombia,2015,40.3
SI.DST.10TH.10,Participacao de renda - 10% mais ricos,COL,Colombia,2014,41.7
SI.DST.10TH.10,Participacao de renda - 10% mais ricos,COL,Colombia,2013,41.6
SI.DST.10TH.10,Participacao de renda - 10% mais ricos,COL,Colombia,2012,41.6
SI.DST.10TH.10,Participacao de renda - 10% mais ricos,COL,Colombia,2011,42.1
SI.DST.10TH.10,Participacao de renda - 10% mais ricos,COL,Colombia,2010,43.2
SI.DST.10TH.10,Participacao de renda - 10% mais ricos,COL,Colombia,2009,42.7
SI.DST.10TH.10,Participacao de renda - 10% mais ricos,COL,Colombia,2008,43.4
SI.DST.10TH.10,Participacao de renda - 10% mais ricos,COL,Colombia,2005,43.2
SI.DST.10TH.10,Participacao de renda - 10% mais ricos,COL,Colombia,2004,44.5
SI.DST.10TH.10,Participacao de renda - 10% mais ricos,COL,Colombia,2003,42.8
SI.DST.10TH.10,Participacao de renda - 10% mais ricos,COL,Colombia,2002,45.2
SI.DST.10TH.10,Participacao de renda - 10% mais ricos,COL,Colombia,2001,46.3
SI.DST.10TH.10,Participacao de renda - 10% mais ricos,COL,Colombia,2000,46.9
SI.DST.10TH.10,Participacao de renda - 10% mais ricos,COL,Colombia,1999,46.8
SI.DST.10TH.10,Participacao de renda - 10% mais ricos,COL,Colombia,1996,45.6
SI.DST.10TH.10,Participacao de renda - 10% mais ricos,ECU,Equador,2025,35.1
SI.DST.10TH.10,Participacao de renda - 10% mais ricos,ECU,Equador,2024,33.4
SI.DST.10TH.10,Participacao de renda - 10% mais ricos,ECU,Equador,2023,33.2
SI.DST.10TH.10,Participacao de renda - 10% mais ricos,ECU,Equador,2022,34.3
SI.DST.10TH.10,Participacao de renda - 10% mais ricos,ECU,Equador,2021,34.7
SI.DST.10TH.10,Participacao de renda - 10% mais ricos,ECU,Equador,2020,36.0
SI.DST.10TH.10,Participacao de renda - 10% mais ricos,ECU,Equador,2019,34.5
SI.DST.10TH.10,Participacao de renda - 10% mais ricos,ECU,Equador,2018,34.4
SI.DST.10TH.10,Participacao de renda - 10% mais ricos,ECU,Equador,2017,33.8
SI.DST.10TH.10,Participacao de renda - 10% mais ricos,ECU,Equador,2016,34.3
SI.DST.10TH.10,Participacao de renda - 10% mais ricos,ECU,Equador,2015,34.9
SI.DST.10TH.10,Participacao de renda - 10% mais ricos,ECU,Equador,2014,34.4
SI.DST.10TH.10,Participacao de renda - 10% mais ricos,ECU,Equador,2013,35.7
SI.DST.10TH.10,Participacao de renda - 10% mais ricos,ECU,Equador,2012,34.6
SI.DST.10TH.10,Participacao de renda - 10% mais ricos,ECU,Equador,2011,34.1
SI.DST.10TH.10,Participacao de renda - 10% mais ricos,ECU,Equador,2010,37.5
SI.DST.10TH.10,Participacao de renda - 10% mais ricos,ECU,Equador,2009,37.1
SI.DST.10TH.10,Participacao de renda - 10% mais ricos,ECU,Equador,2008,38.1
SI.DST.10TH.10,Participacao de renda - 10% mais ricos,ECU,Equador,2007,42.0
SI.DST.10TH.10,Participacao de renda - 10% mais ricos,ECU,Equador,2006,41.1
SI.DST.10TH.10,Participacao de renda - 10% mais ricos,ECU,Equador,2005,41.1
SI.DST.10TH.10,Participacao de renda - 10% mais ricos,ECU,Equador,2004,42.4
SI.DST.10TH.10,Participacao de renda - 10% mais ricos,ECU,Equador,2003,42.0
SI.DST.10TH.10,Participacao de renda - 10% mais ricos,ECU,Equador,2000,45.9
SI.DST.10TH.10,Participacao de renda - 10% mais ricos,ECU,Equador,1999,47.8
SI.DST.10TH.10,Participacao de renda - 10% mais ricos,ECU,Equador,1998,37.8
SI.DST.10TH.10,Participacao de renda - 10% mais ricos,ECU,Equador,1995,40.0
SI.DST.10TH.10,Participacao de renda - 10% mais ricos,IDN,Indonesia,2025,28.7
SI.DST.10TH.10,Participacao de renda - 10% mais ricos,IDN,Indonesia,2024,28.8
SI.DST.10TH.10,Participacao de renda - 10% mais ricos,IDN,Indonesia,2023,29.9
SI.DST.10TH.10,Participacao de renda - 10% mais ricos,IDN,Indonesia,2022,29.0
SI.DST.10TH.10,Participacao de renda - 10% mais ricos,IDN,Indonesia,2021,28.3
SI.DST.10TH.10,Participacao de renda - 10% mais ricos,IDN,Indonesia,2020,27.9
SI.DST.10TH.10,Participacao de renda - 10% mais ricos,IDN,Indonesia,2019,27.8
SI.DST.10TH.10,Participacao de renda - 10% mais ricos,IDN,Indonesia,2018,28.5
SI.DST.10TH.10,Participacao de renda - 10% mais ricos,IDN,Indonesia,2017,28.6
SI.DST.10TH.10,Participacao de renda - 10% mais ricos,IDN,Indonesia,2016,29.4
SI.DST.10TH.10,Participacao de renda - 10% mais ricos,IDN,Indonesia,2015,31.5
SI.DST.10TH.10,Participacao de renda - 10% mais ricos,IDN,Indonesia,2014,31.5
SI.DST.10TH.10,Participacao de renda - 10% mais ricos,IDN,Indonesia,2013,31.5
SI.DST.10TH.10,Participacao de renda - 10% mais ricos,IDN,Indonesia,2012,30.5
SI.DST.10TH.10,Participacao de renda - 10% mais ricos,IDN,Indonesia,2011,30.9
SI.DST.10TH.10,Participacao de renda - 10% mais ricos,IDN,Indonesia,2010,27.8
SI.DST.10TH.10,Participacao de renda - 10% mais ricos,IDN,Indonesia,2009,27.8
SI.DST.10TH.10,Participacao de renda - 10% mais ricos,IDN,Indonesia,2008,26.9
SI.DST.10TH.10,Participacao de renda - 10% mais ricos,IDN,Indonesia,2007,27.3
SI.DST.10TH.10,Participacao de renda - 10% mais ricos,IDN,Indonesia,2006,26.1
SI.DST.10TH.10,Participacao de renda - 10% mais ricos,IDN,Indonesia,2005,25.1
SI.DST.10TH.10,Participacao de renda - 10% mais ricos,IDN,Indonesia,2004,25.3
SI.DST.10TH.10,Participacao de renda - 10% mais ricos,IDN,Indonesia,2003,24.6
SI.DST.10TH.10,Participacao de renda - 10% mais ricos,IDN,Indonesia,2002,25.9
SI.DST.10TH.10,Participacao de renda - 10% mais ricos,IDN,Indonesia,2001,26.3
SI.DST.10TH.10,Participacao de renda - 10% mais ricos,IDN,Indonesia,2000,25.6
SI.DST.10TH.10,Participacao de renda - 10% mais ricos,IDN,Indonesia,1999,26.4
SI.DST.10TH.10,Participacao de renda - 10% mais ricos,IDN,Indonesia,1998,25.9
SI.DST.10TH.10,Participacao de renda - 10% mais ricos,IDN,Indonesia,1996,28.6
SI.DST.10TH.10,Participacao de renda - 10% mais ricos,IND,India,2022,22.1
SI.DST.10TH.10,Participacao de renda - 10% mais ricos,IND,India,2011,24.8
SI.DST.10TH.10,Participacao de renda - 10% mais ricos,IND,India,2009,24.2
SI.DST.10TH.10,Participacao de renda - 10% mais ricos,IND,India,2004,24.1
SI.DST.10TH.10,Participacao de renda - 10% mais ricos,MEX,Mexico,2024,33.4
SI.DST.10TH.10,Participacao de renda - 10% mais ricos,MEX,Mexico,2022,34.4
SI.DST.10TH.10,Participacao de renda - 10% mais ricos,MEX,Mexico,2020,35.1
SI.DST.10TH.10,Participacao de renda - 10% mais ricos,MEX,Mexico,2018,36.6
SI.DST.10TH.10,Participacao de renda - 10% mais ricos,MEX,Mexico,2016,37.4
SI.DST.10TH.10,Participacao de renda - 10% mais ricos,MEX,Mexico,2014,39.5
SI.DST.10TH.10,Participacao de renda - 10% mais ricos,MEX,Mexico,2012,39.6
SI.DST.10TH.10,Participacao de renda - 10% mais ricos,MEX,Mexico,2010,37.2
SI.DST.10TH.10,Participacao de renda - 10% mais ricos,MEX,Mexico,2008,39.7
SI.DST.10TH.10,Participacao de renda - 10% mais ricos,MEX,Mexico,2006,39.5
SI.DST.10TH.10,Participacao de renda - 10% mais ricos,MEX,Mexico,2005,40.3
SI.DST.10TH.10,Participacao de renda - 10% mais ricos,MEX,Mexico,2004,39.7
SI.DST.10TH.10,Participacao de renda - 10% mais ricos,MEX,Mexico,2002,39.9
SI.DST.10TH.10,Participacao de renda - 10% mais ricos,MEX,Mexico,2000,42.4
SI.DST.10TH.10,Participacao de renda - 10% mais ricos,MEX,Mexico,1998,41.8
SI.DST.10TH.10,Participacao de renda - 10% mais ricos,MEX,Mexico,1996,41.2
SI.DST.10TH.10,Participacao de renda - 10% mais ricos,PER,Peru,2024,30.3
SI.DST.10TH.10,Participacao de renda - 10% mais ricos,PER,Peru,2023,30.6
SI.DST.10TH.10,Participacao de renda - 10% mais ricos,PER,Peru,2022,30.7
SI.DST.10TH.10,Participacao de renda - 10% mais ricos,PER,Peru,2021,30.5
SI.DST.10TH.10,Participacao de renda - 10% mais ricos,PER,Peru,2020,32.9
SI.DST.10TH.10,Participacao de renda - 10% mais ricos,PER,Peru,2019,31.1
SI.DST.10TH.10,Participacao de renda - 10% mais ricos,PER,Peru,2018,31.6
SI.DST.10TH.10,Participacao de renda - 10% mais ricos,PER,Peru,2017,32.3
SI.DST.10TH.10,Participacao de renda - 10% mais ricos,PER,Peru,2016,32.6
SI.DST.10TH.10,Participacao de renda - 10% mais ricos,PER,Peru,2015,32.6
SI.DST.10TH.10,Participacao de renda - 10% mais ricos,PER,Peru,2014,32.1
SI.DST.10TH.10,Participacao de renda - 10% mais ricos,PER,Peru,2013,32.7
SI.DST.10TH.10,Participacao de renda - 10% mais ricos,PER,Peru,2012,33.3
SI.DST.10TH.10,Participacao de renda - 10% mais ricos,PER,Peru,2011,33.5
SI.DST.10TH.10,Participacao de renda - 10% mais ricos,PER,Peru,2010,34.2
SI.DST.10TH.10,Participacao de renda - 10% mais ricos,PER,Peru,2009,35.2
SI.DST.10TH.10,Participacao de renda - 10% mais ricos,PER,Peru,2008,35.4
SI.DST.10TH.10,Participacao de renda - 10% mais ricos,PER,Peru,2007,37.8
SI.DST.10TH.10,Participacao de renda - 10% mais ricos,PER,Peru,2006,38.2
SI.DST.10TH.10,Participacao de renda - 10% mais ricos,PER,Peru,2005,38.5
SI.DST.10TH.10,Participacao de renda - 10% mais ricos,PER,Peru,2004,37.9
SI.DST.10TH.10,Participacao de renda - 10% mais ricos,PER,Peru,2003,42.2
SI.DST.10TH.10,Participacao de renda - 10% mais ricos,PER,Peru,2002,42.1
SI.DST.10TH.10,Participacao de renda - 10% mais ricos,PER,Peru,2001,39.1
SI.DST.10TH.10,Participacao de renda - 10% mais ricos,PER,Peru,2000,36.8
SI.DST.10TH.10,Participacao de renda - 10% mais ricos,PER,Peru,1999,43.6
SI.DST.10TH.10,Participacao de renda - 10% mais ricos,PER,Peru,1998,43.6
SI.DST.10TH.10,Participacao de renda - 10% mais ricos,PER,Peru,1997,40.8
SI.DST.10TH.10,Participacao de renda - 10% mais ricos,TUR,Turquia,2023,34.4
SI.DST.10TH.10,Participacao de renda - 10% mais ricos,TUR,Turquia,2022,35.2
SI.DST.10TH.10,Participacao de renda - 10% mais ricos,TUR,Turquia,2021,34.7
SI.DST.10TH.10,Participacao de renda - 10% mais ricos,TUR,Turquia,2020,33.0
SI.DST.10TH.10,Participacao de renda - 10% mais ricos,TUR,Turquia,2019,33.9
SI.DST.10TH.10,Participacao de renda - 10% mais ricos,TUR,Turquia,2018,32.6
SI.DST.10TH.10,Participacao de renda - 10% mais ricos,TUR,Turquia,2017,34.0
SI.DST.10TH.10,Participacao de renda - 10% mais ricos,TUR,Turquia,2016,32.1
SI.DST.10TH.10,Participacao de renda - 10% mais ricos,TUR,Turquia,2015,33.5
SI.DST.10TH.10,Participacao de renda - 10% mais ricos,TUR,Turquia,2014,31.6
SI.DST.10TH.10,Participacao de renda - 10% mais ricos,TUR,Turquia,2013,30.6
SI.DST.10TH.10,Participacao de renda - 10% mais ricos,TUR,Turquia,2012,30.5
SI.DST.10TH.10,Participacao de renda - 10% mais ricos,TUR,Turquia,2011,30.5
SI.DST.10TH.10,Participacao de renda - 10% mais ricos,TUR,Turquia,2010,29.3
SI.DST.10TH.10,Participacao de renda - 10% mais ricos,TUR,Turquia,2009,29.2
SI.DST.10TH.10,Participacao de renda - 10% mais ricos,TUR,Turquia,2008,29.4
SI.DST.10TH.10,Participacao de renda - 10% mais ricos,TUR,Turquia,2007,28.2
SI.DST.10TH.10,Participacao de renda - 10% mais ricos,TUR,Turquia,2006,29.6
SI.DST.10TH.10,Participacao de renda - 10% mais ricos,TUR,Turquia,2005,32.8
SI.DST.10TH.10,Participacao de renda - 10% mais ricos,TUR,Turquia,2004,30.8
SI.DST.10TH.10,Participacao de renda - 10% mais ricos,TUR,Turquia,2003,32.4
SI.DST.10TH.10,Participacao de renda - 10% mais ricos,TUR,Turquia,2002,31.9
SI.DST.10TH.10,Participacao de renda - 10% mais ricos,ZAF,Africa do Sul,2022,42.1
SI.DST.10TH.10,Participacao de renda - 10% mais ricos,ZAF,Africa do Sul,2014,47.0
SI.DST.10TH.10,Participacao de renda - 10% mais ricos,ZAF,Africa do Sul,2010,48.2
SI.DST.10TH.10,Participacao de renda - 10% mais ricos,ZAF,Africa do Sul,2008,50.1
SI.DST.10TH.10,Participacao de renda - 10% mais ricos,ZAF,Africa do Sul,2005,54.5
SI.DST.10TH.10,Participacao de renda - 10% mais ricos,ZAF,Africa do Sul,2000,44.9
SI.SPR.PC40.ZG,Crescimento anualizado renda bottom 40 (%),ARG,Argentina,2024,-0.46
SI.SPR.PC40.ZG,Crescimento anualizado renda bottom 40 (%),BRA,Brasil,2024,4.85
SI.SPR.PC40.ZG,Crescimento anualizado renda bottom 40 (%),CHL,Chile,2024,7.75
SI.SPR.PC40.ZG,Crescimento anualizado renda bottom 40 (%),CHN,China,2021,7.21
SI.SPR.PC40.ZG,Crescimento anualizado renda bottom 40 (%),COL,Colombia,2024,2.82
SI.SPR.PC40.ZG,Crescimento anualizado renda bottom 40 (%),ECU,Equador,2025,4.2
SI.SPR.PC40.ZG,Crescimento anualizado renda bottom 40 (%),IDN,Indonesia,2025,3.33
SI.SPR.PC40.ZG,Crescimento anualizado renda bottom 40 (%),MEX,Mexico,2024,8.26
SI.SPR.PC40.ZG,Crescimento anualizado renda bottom 40 (%),PER,Peru,2024,-0.61
SI.SPR.PC40.ZG,Crescimento anualizado renda bottom 40 (%),TUR,Turquia,2023,10.03
SI.SPR.PC40.ZG,Crescimento anualizado renda bottom 40 (%),ZAF,Africa do Sul,2014,-0.18
SI.SPR.PCAP.ZG,Crescimento anualizado renda media (%),ARG,Argentina,2024,-1.44
SI.SPR.PCAP.ZG,Crescimento anualizado renda media (%),BRA,Brasil,2024,2.0
SI.SPR.PCAP.ZG,Crescimento anualizado renda media (%),CHL,Chile,2024,4.6
SI.SPR.PCAP.ZG,Crescimento anualizado renda media (%),CHN,China,2021,5.19
SI.SPR.PCAP.ZG,Crescimento anualizado renda media (%),COL,Colombia,2024,3.76
SI.SPR.PCAP.ZG,Crescimento anualizado renda media (%),ECU,Equador,2025,3.25
SI.SPR.PCAP.ZG,Crescimento anualizado renda media (%),IDN,Indonesia,2025,2.26
SI.SPR.PCAP.ZG,Crescimento anualizado renda media (%),MEX,Mexico,2024,6.75
SI.SPR.PCAP.ZG,Crescimento anualizado renda media (%),PER,Peru,2024,-1.64
SI.SPR.PCAP.ZG,Crescimento anualizado renda media (%),TUR,Turquia,2023,10.32
SI.SPR.PCAP.ZG,Crescimento anualizado renda media (%),ZAF,Africa do Sul,2014,-1.26
SI.POV.DDAY,"Pobreza extrema US$3,00 PPC 2021 (%)",ARG,Argentina,2024,1.0
SI.POV.DDAY,"Pobreza extrema US$3,00 PPC 2021 (%)",ARG,Argentina,2023,1.2
SI.POV.DDAY,"Pobreza extrema US$3,00 PPC 2021 (%)",ARG,Argentina,2022,1.3
SI.POV.DDAY,"Pobreza extrema US$3,00 PPC 2021 (%)",ARG,Argentina,2021,1.4
SI.POV.DDAY,"Pobreza extrema US$3,00 PPC 2021 (%)",ARG,Argentina,2020,2.2
SI.POV.DDAY,"Pobreza extrema US$3,00 PPC 2021 (%)",ARG,Argentina,2019,1.7
SI.POV.DDAY,"Pobreza extrema US$3,00 PPC 2021 (%)",ARG,Argentina,2018,1.6
SI.POV.DDAY,"Pobreza extrema US$3,00 PPC 2021 (%)",ARG,Argentina,2017,1.1
SI.POV.DDAY,"Pobreza extrema US$3,00 PPC 2021 (%)",ARG,Argentina,2016,1.3
SI.POV.DDAY,"Pobreza extrema US$3,00 PPC 2021 (%)",ARG,Argentina,2014,1.1
SI.POV.DDAY,"Pobreza extrema US$3,00 PPC 2021 (%)",ARG,Argentina,2013,1.1
SI.POV.DDAY,"Pobreza extrema US$3,00 PPC 2021 (%)",ARG,Argentina,2012,1.3
SI.POV.DDAY,"Pobreza extrema US$3,00 PPC 2021 (%)",ARG,Argentina,2011,1.2
SI.POV.DDAY,"Pobreza extrema US$3,00 PPC 2021 (%)",ARG,Argentina,2010,1.5
SI.POV.DDAY,"Pobreza extrema US$3,00 PPC 2021 (%)",ARG,Argentina,2009,2.4
SI.POV.DDAY,"Pobreza extrema US$3,00 PPC 2021 (%)",ARG,Argentina,2008,2.6
SI.POV.DDAY,"Pobreza extrema US$3,00 PPC 2021 (%)",ARG,Argentina,2007,2.8
SI.POV.DDAY,"Pobreza extrema US$3,00 PPC 2021 (%)",ARG,Argentina,2006,3.5
SI.POV.DDAY,"Pobreza extrema US$3,00 PPC 2021 (%)",ARG,Argentina,2005,4.4
SI.POV.DDAY,"Pobreza extrema US$3,00 PPC 2021 (%)",ARG,Argentina,2004,6.0
SI.POV.DDAY,"Pobreza extrema US$3,00 PPC 2021 (%)",ARG,Argentina,2003,8.2
SI.POV.DDAY,"Pobreza extrema US$3,00 PPC 2021 (%)",ARG,Argentina,2002,17.1
SI.POV.DDAY,"Pobreza extrema US$3,00 PPC 2021 (%)",ARG,Argentina,2001,10.7
SI.POV.DDAY,"Pobreza extrema US$3,00 PPC 2021 (%)",ARG,Argentina,2000,7.3
SI.POV.DDAY,"Pobreza extrema US$3,00 PPC 2021 (%)",ARG,Argentina,1999,5.9
SI.POV.DDAY,"Pobreza extrema US$3,00 PPC 2021 (%)",ARG,Argentina,1998,5.7
SI.POV.DDAY,"Pobreza extrema US$3,00 PPC 2021 (%)",ARG,Argentina,1997,5.2
SI.POV.DDAY,"Pobreza extrema US$3,00 PPC 2021 (%)",ARG,Argentina,1996,5.4
SI.POV.DDAY,"Pobreza extrema US$3,00 PPC 2021 (%)",ARG,Argentina,1995,5.1
SI.POV.DDAY,"Pobreza extrema US$3,00 PPC 2021 (%)",BRA,Brasil,2024,3.0
SI.POV.DDAY,"Pobreza extrema US$3,00 PPC 2021 (%)",BRA,Brasil,2023,3.8
SI.POV.DDAY,"Pobreza extrema US$3,00 PPC 2021 (%)",BRA,Brasil,2022,4.9
SI.POV.DDAY,"Pobreza extrema US$3,00 PPC 2021 (%)",BRA,Brasil,2021,7.5
SI.POV.DDAY,"Pobreza extrema US$3,00 PPC 2021 (%)",BRA,Brasil,2020,2.8
SI.POV.DDAY,"Pobreza extrema US$3,00 PPC 2021 (%)",BRA,Brasil,2019,7.0
SI.POV.DDAY,"Pobreza extrema US$3,00 PPC 2021 (%)",BRA,Brasil,2018,6.9
SI.POV.DDAY,"Pobreza extrema US$3,00 PPC 2021 (%)",BRA,Brasil,2017,7.0
SI.POV.DDAY,"Pobreza extrema US$3,00 PPC 2021 (%)",BRA,Brasil,2016,6.5
SI.POV.DDAY,"Pobreza extrema US$3,00 PPC 2021 (%)",BRA,Brasil,2015,5.4
SI.POV.DDAY,"Pobreza extrema US$3,00 PPC 2021 (%)",BRA,Brasil,2014,4.8
SI.POV.DDAY,"Pobreza extrema US$3,00 PPC 2021 (%)",BRA,Brasil,2013,5.4
SI.POV.DDAY,"Pobreza extrema US$3,00 PPC 2021 (%)",BRA,Brasil,2012,6.4
SI.POV.DDAY,"Pobreza extrema US$3,00 PPC 2021 (%)",BRA,Brasil,2011,7.1
SI.POV.DDAY,"Pobreza extrema US$3,00 PPC 2021 (%)",BRA,Brasil,2009,8.4
SI.POV.DDAY,"Pobreza extrema US$3,00 PPC 2021 (%)",BRA,Brasil,2008,9.1
SI.POV.DDAY,"Pobreza extrema US$3,00 PPC 2021 (%)",BRA,Brasil,2007,10.8
SI.POV.DDAY,"Pobreza extrema US$3,00 PPC 2021 (%)",BRA,Brasil,2006,11.4
SI.POV.DDAY,"Pobreza extrema US$3,00 PPC 2021 (%)",BRA,Brasil,2005,13.7
SI.POV.DDAY,"Pobreza extrema US$3,00 PPC 2021 (%)",BRA,Brasil,2004,15.3
SI.POV.DDAY,"Pobreza extrema US$3,00 PPC 2021 (%)",BRA,Brasil,2003,17.1
SI.POV.DDAY,"Pobreza extrema US$3,00 PPC 2021 (%)",BRA,Brasil,2002,16.2
SI.POV.DDAY,"Pobreza extrema US$3,00 PPC 2021 (%)",BRA,Brasil,2001,17.5
SI.POV.DDAY,"Pobreza extrema US$3,00 PPC 2021 (%)",BRA,Brasil,1999,20.0
SI.POV.DDAY,"Pobreza extrema US$3,00 PPC 2021 (%)",BRA,Brasil,1998,19.1
SI.POV.DDAY,"Pobreza extrema US$3,00 PPC 2021 (%)",BRA,Brasil,1997,20.4
SI.POV.DDAY,"Pobreza extrema US$3,00 PPC 2021 (%)",BRA,Brasil,1996,20.7
SI.POV.DDAY,"Pobreza extrema US$3,00 PPC 2021 (%)",BRA,Brasil,1995,19.5
SI.POV.DDAY,"Pobreza extrema US$3,00 PPC 2021 (%)",CHL,Chile,2024,0.4
SI.POV.DDAY,"Pobreza extrema US$3,00 PPC 2021 (%)",CHL,Chile,2022,0.6
SI.POV.DDAY,"Pobreza extrema US$3,00 PPC 2021 (%)",CHL,Chile,2020,1.7
SI.POV.DDAY,"Pobreza extrema US$3,00 PPC 2021 (%)",CHL,Chile,2017,0.5
SI.POV.DDAY,"Pobreza extrema US$3,00 PPC 2021 (%)",CHL,Chile,2015,0.7
SI.POV.DDAY,"Pobreza extrema US$3,00 PPC 2021 (%)",CHL,Chile,2013,0.8
SI.POV.DDAY,"Pobreza extrema US$3,00 PPC 2021 (%)",CHL,Chile,2011,1.7
SI.POV.DDAY,"Pobreza extrema US$3,00 PPC 2021 (%)",CHL,Chile,2009,2.6
SI.POV.DDAY,"Pobreza extrema US$3,00 PPC 2021 (%)",CHL,Chile,2006,3.3
SI.POV.DDAY,"Pobreza extrema US$3,00 PPC 2021 (%)",CHL,Chile,2003,7.9
SI.POV.DDAY,"Pobreza extrema US$3,00 PPC 2021 (%)",CHL,Chile,2000,8.6
SI.POV.DDAY,"Pobreza extrema US$3,00 PPC 2021 (%)",CHL,Chile,1998,7.4
SI.POV.DDAY,"Pobreza extrema US$3,00 PPC 2021 (%)",CHL,Chile,1996,8.0
SI.POV.DDAY,"Pobreza extrema US$3,00 PPC 2021 (%)",CHN,China,2022,0.0
SI.POV.DDAY,"Pobreza extrema US$3,00 PPC 2021 (%)",CHN,China,2021,0.0
SI.POV.DDAY,"Pobreza extrema US$3,00 PPC 2021 (%)",CHN,China,2020,0.0
SI.POV.DDAY,"Pobreza extrema US$3,00 PPC 2021 (%)",CHN,China,2019,0.0
SI.POV.DDAY,"Pobreza extrema US$3,00 PPC 2021 (%)",CHN,China,2018,0.7
SI.POV.DDAY,"Pobreza extrema US$3,00 PPC 2021 (%)",CHN,China,2017,1.6
SI.POV.DDAY,"Pobreza extrema US$3,00 PPC 2021 (%)",CHN,China,2016,2.1
SI.POV.DDAY,"Pobreza extrema US$3,00 PPC 2021 (%)",CHN,China,2015,2.9
SI.POV.DDAY,"Pobreza extrema US$3,00 PPC 2021 (%)",CHN,China,2014,4.6
SI.POV.DDAY,"Pobreza extrema US$3,00 PPC 2021 (%)",CHN,China,2013,6.0
SI.POV.DDAY,"Pobreza extrema US$3,00 PPC 2021 (%)",CHN,China,2012,12.9
SI.POV.DDAY,"Pobreza extrema US$3,00 PPC 2021 (%)",CHN,China,2011,15.3
SI.POV.DDAY,"Pobreza extrema US$3,00 PPC 2021 (%)",CHN,China,2010,20.6
SI.POV.DDAY,"Pobreza extrema US$3,00 PPC 2021 (%)",CHN,China,2008,26.1
SI.POV.DDAY,"Pobreza extrema US$3,00 PPC 2021 (%)",CHN,China,2005,32.9
SI.POV.DDAY,"Pobreza extrema US$3,00 PPC 2021 (%)",CHN,China,2002,47.8
SI.POV.DDAY,"Pobreza extrema US$3,00 PPC 2021 (%)",CHN,China,1999,58.5
SI.POV.DDAY,"Pobreza extrema US$3,00 PPC 2021 (%)",CHN,China,1996,62.6
SI.POV.DDAY,"Pobreza extrema US$3,00 PPC 2021 (%)",COL,Colombia,2024,8.5
SI.POV.DDAY,"Pobreza extrema US$3,00 PPC 2021 (%)",COL,Colombia,2023,8.6
SI.POV.DDAY,"Pobreza extrema US$3,00 PPC 2021 (%)",COL,Colombia,2022,9.3
SI.POV.DDAY,"Pobreza extrema US$3,00 PPC 2021 (%)",COL,Colombia,2021,11.2
SI.POV.DDAY,"Pobreza extrema US$3,00 PPC 2021 (%)",COL,Colombia,2020,15.8
SI.POV.DDAY,"Pobreza extrema US$3,00 PPC 2021 (%)",COL,Colombia,2019,11.3
SI.POV.DDAY,"Pobreza extrema US$3,00 PPC 2021 (%)",COL,Colombia,2018,9.8
SI.POV.DDAY,"Pobreza extrema US$3,00 PPC 2021 (%)",COL,Colombia,2017,9.5
SI.POV.DDAY,"Pobreza extrema US$3,00 PPC 2021 (%)",COL,Colombia,2016,10.1
SI.POV.DDAY,"Pobreza extrema US$3,00 PPC 2021 (%)",COL,Colombia,2015,10.2
SI.POV.DDAY,"Pobreza extrema US$3,00 PPC 2021 (%)",COL,Colombia,2014,10.9
SI.POV.DDAY,"Pobreza extrema US$3,00 PPC 2021 (%)",COL,Colombia,2013,11.8
SI.POV.DDAY,"Pobreza extrema US$3,00 PPC 2021 (%)",COL,Colombia,2012,12.7
SI.POV.DDAY,"Pobreza extrema US$3,00 PPC 2021 (%)",COL,Colombia,2011,11.3
SI.POV.DDAY,"Pobreza extrema US$3,00 PPC 2021 (%)",COL,Colombia,2010,13.3
SI.POV.DDAY,"Pobreza extrema US$3,00 PPC 2021 (%)",COL,Colombia,2009,15.1
SI.POV.DDAY,"Pobreza extrema US$3,00 PPC 2021 (%)",COL,Colombia,2008,16.3
SI.POV.DDAY,"Pobreza extrema US$3,00 PPC 2021 (%)",COL,Colombia,2005,16.8
SI.POV.DDAY,"Pobreza extrema US$3,00 PPC 2021 (%)",COL,Colombia,2004,19.2
SI.POV.DDAY,"Pobreza extrema US$3,00 PPC 2021 (%)",COL,Colombia,2003,19.8
SI.POV.DDAY,"Pobreza extrema US$3,00 PPC 2021 (%)",COL,Colombia,2002,21.2
SI.POV.DDAY,"Pobreza extrema US$3,00 PPC 2021 (%)",COL,Colombia,2001,29.6
SI.POV.DDAY,"Pobreza extrema US$3,00 PPC 2021 (%)",COL,Colombia,2000,23.9
SI.POV.DDAY,"Pobreza extrema US$3,00 PPC 2021 (%)",COL,Colombia,1999,28.2
SI.POV.DDAY,"Pobreza extrema US$3,00 PPC 2021 (%)",COL,Colombia,1996,24.8
SI.POV.DDAY,"Pobreza extrema US$3,00 PPC 2021 (%)",ECU,Equador,2025,3.4
SI.POV.DDAY,"Pobreza extrema US$3,00 PPC 2021 (%)",ECU,Equador,2024,7.3
SI.POV.DDAY,"Pobreza extrema US$3,00 PPC 2021 (%)",ECU,Equador,2023,4.7
SI.POV.DDAY,"Pobreza extrema US$3,00 PPC 2021 (%)",ECU,Equador,2022,4.4
SI.POV.DDAY,"Pobreza extrema US$3,00 PPC 2021 (%)",ECU,Equador,2021,5.3
SI.POV.DDAY,"Pobreza extrema US$3,00 PPC 2021 (%)",ECU,Equador,2020,8.4
SI.POV.DDAY,"Pobreza extrema US$3,00 PPC 2021 (%)",ECU,Equador,2019,4.6
SI.POV.DDAY,"Pobreza extrema US$3,00 PPC 2021 (%)",ECU,Equador,2018,4.7
SI.POV.DDAY,"Pobreza extrema US$3,00 PPC 2021 (%)",ECU,Equador,2017,4.3
SI.POV.DDAY,"Pobreza extrema US$3,00 PPC 2021 (%)",ECU,Equador,2016,5.0
SI.POV.DDAY,"Pobreza extrema US$3,00 PPC 2021 (%)",ECU,Equador,2015,4.8
SI.POV.DDAY,"Pobreza extrema US$3,00 PPC 2021 (%)",ECU,Equador,2014,4.0
SI.POV.DDAY,"Pobreza extrema US$3,00 PPC 2021 (%)",ECU,Equador,2013,4.5
SI.POV.DDAY,"Pobreza extrema US$3,00 PPC 2021 (%)",ECU,Equador,2012,6.0
SI.POV.DDAY,"Pobreza extrema US$3,00 PPC 2021 (%)",ECU,Equador,2011,6.4
SI.POV.DDAY,"Pobreza extrema US$3,00 PPC 2021 (%)",ECU,Equador,2010,7.8
SI.POV.DDAY,"Pobreza extrema US$3,00 PPC 2021 (%)",ECU,Equador,2009,9.3
SI.POV.DDAY,"Pobreza extrema US$3,00 PPC 2021 (%)",ECU,Equador,2008,9.8
SI.POV.DDAY,"Pobreza extrema US$3,00 PPC 2021 (%)",ECU,Equador,2007,10.9
SI.POV.DDAY,"Pobreza extrema US$3,00 PPC 2021 (%)",ECU,Equador,2006,10.9
SI.POV.DDAY,"Pobreza extrema US$3,00 PPC 2021 (%)",ECU,Equador,2005,15.4
SI.POV.DDAY,"Pobreza extrema US$3,00 PPC 2021 (%)",ECU,Equador,2004,19.4
SI.POV.DDAY,"Pobreza extrema US$3,00 PPC 2021 (%)",ECU,Equador,2003,18.9
SI.POV.DDAY,"Pobreza extrema US$3,00 PPC 2021 (%)",ECU,Equador,2000,34.1
SI.POV.DDAY,"Pobreza extrema US$3,00 PPC 2021 (%)",ECU,Equador,1999,26.9
SI.POV.DDAY,"Pobreza extrema US$3,00 PPC 2021 (%)",ECU,Equador,1998,21.1
SI.POV.DDAY,"Pobreza extrema US$3,00 PPC 2021 (%)",ECU,Equador,1995,18.1
SI.POV.DDAY,"Pobreza extrema US$3,00 PPC 2021 (%)",IDN,Indonesia,2025,4.0
SI.POV.DDAY,"Pobreza extrema US$3,00 PPC 2021 (%)",IDN,Indonesia,2024,5.4
SI.POV.DDAY,"Pobreza extrema US$3,00 PPC 2021 (%)",IDN,Indonesia,2023,6.7
SI.POV.DDAY,"Pobreza extrema US$3,00 PPC 2021 (%)",IDN,Indonesia,2022,7.9
SI.POV.DDAY,"Pobreza extrema US$3,00 PPC 2021 (%)",IDN,Indonesia,2021,8.6
SI.POV.DDAY,"Pobreza extrema US$3,00 PPC 2021 (%)",IDN,Indonesia,2020,9.8
SI.POV.DDAY,"Pobreza extrema US$3,00 PPC 2021 (%)",IDN,Indonesia,2019,10.9
SI.POV.DDAY,"Pobreza extrema US$3,00 PPC 2021 (%)",IDN,Indonesia,2018,12.5
SI.POV.DDAY,"Pobreza extrema US$3,00 PPC 2021 (%)",IDN,Indonesia,2017,14.8
SI.POV.DDAY,"Pobreza extrema US$3,00 PPC 2021 (%)",IDN,Indonesia,2016,18.0
SI.POV.DDAY,"Pobreza extrema US$3,00 PPC 2021 (%)",IDN,Indonesia,2015,21.6
SI.POV.DDAY,"Pobreza extrema US$3,00 PPC 2021 (%)",IDN,Indonesia,2014,25.7
SI.POV.DDAY,"Pobreza extrema US$3,00 PPC 2021 (%)",IDN,Indonesia,2013,27.2
SI.POV.DDAY,"Pobreza extrema US$3,00 PPC 2021 (%)",IDN,Indonesia,2012,26.6
SI.POV.DDAY,"Pobreza extrema US$3,00 PPC 2021 (%)",IDN,Indonesia,2011,31.2
SI.POV.DDAY,"Pobreza extrema US$3,00 PPC 2021 (%)",IDN,Indonesia,2010,34.1
SI.POV.DDAY,"Pobreza extrema US$3,00 PPC 2021 (%)",IDN,Indonesia,2009,37.9
SI.POV.DDAY,"Pobreza extrema US$3,00 PPC 2021 (%)",IDN,Indonesia,2008,38.0
SI.POV.DDAY,"Pobreza extrema US$3,00 PPC 2021 (%)",IDN,Indonesia,2007,41.1
SI.POV.DDAY,"Pobreza extrema US$3,00 PPC 2021 (%)",IDN,Indonesia,2006,46.8
SI.POV.DDAY,"Pobreza extrema US$3,00 PPC 2021 (%)",IDN,Indonesia,2005,41.1
SI.POV.DDAY,"Pobreza extrema US$3,00 PPC 2021 (%)",IDN,Indonesia,2004,45.4
SI.POV.DDAY,"Pobreza extrema US$3,00 PPC 2021 (%)",IDN,Indonesia,2003,45.5
SI.POV.DDAY,"Pobreza extrema US$3,00 PPC 2021 (%)",IDN,Indonesia,2002,46.8
SI.POV.DDAY,"Pobreza extrema US$3,00 PPC 2021 (%)",IDN,Indonesia,2001,62.3
SI.POV.DDAY,"Pobreza extrema US$3,00 PPC 2021 (%)",IDN,Indonesia,2000,65.7
SI.POV.DDAY,"Pobreza extrema US$3,00 PPC 2021 (%)",IDN,Indonesia,1999,66.2
SI.POV.DDAY,"Pobreza extrema US$3,00 PPC 2021 (%)",IDN,Indonesia,1998,82.8
SI.POV.DDAY,"Pobreza extrema US$3,00 PPC 2021 (%)",IDN,Indonesia,1996,68.1
SI.POV.DDAY,"Pobreza extrema US$3,00 PPC 2021 (%)",IND,India,2022,5.3
SI.POV.DDAY,"Pobreza extrema US$3,00 PPC 2021 (%)",IND,India,2011,27.1
SI.POV.DDAY,"Pobreza extrema US$3,00 PPC 2021 (%)",IND,India,2009,34.6
SI.POV.DDAY,"Pobreza extrema US$3,00 PPC 2021 (%)",IND,India,2004,46.4
SI.POV.DDAY,"Pobreza extrema US$3,00 PPC 2021 (%)",MEX,Mexico,2024,1.6
SI.POV.DDAY,"Pobreza extrema US$3,00 PPC 2021 (%)",MEX,Mexico,2022,2.3
SI.POV.DDAY,"Pobreza extrema US$3,00 PPC 2021 (%)",MEX,Mexico,2020,4.3
SI.POV.DDAY,"Pobreza extrema US$3,00 PPC 2021 (%)",MEX,Mexico,2018,3.9
SI.POV.DDAY,"Pobreza extrema US$3,00 PPC 2021 (%)",MEX,Mexico,2016,4.4
SI.POV.DDAY,"Pobreza extrema US$3,00 PPC 2021 (%)",MEX,Mexico,2014,7.2
SI.POV.DDAY,"Pobreza extrema US$3,00 PPC 2021 (%)",MEX,Mexico,2012,7.3
SI.POV.DDAY,"Pobreza extrema US$3,00 PPC 2021 (%)",MEX,Mexico,2010,8.4
SI.POV.DDAY,"Pobreza extrema US$3,00 PPC 2021 (%)",MEX,Mexico,2008,10.1
SI.POV.DDAY,"Pobreza extrema US$3,00 PPC 2021 (%)",MEX,Mexico,2006,9.0
SI.POV.DDAY,"Pobreza extrema US$3,00 PPC 2021 (%)",MEX,Mexico,2005,11.7
SI.POV.DDAY,"Pobreza extrema US$3,00 PPC 2021 (%)",MEX,Mexico,2004,11.0
SI.POV.DDAY,"Pobreza extrema US$3,00 PPC 2021 (%)",MEX,Mexico,2002,12.8
SI.POV.DDAY,"Pobreza extrema US$3,00 PPC 2021 (%)",MEX,Mexico,2000,16.3
SI.POV.DDAY,"Pobreza extrema US$3,00 PPC 2021 (%)",MEX,Mexico,1998,21.9
SI.POV.DDAY,"Pobreza extrema US$3,00 PPC 2021 (%)",MEX,Mexico,1996,21.7
SI.POV.DDAY,"Pobreza extrema US$3,00 PPC 2021 (%)",PER,Peru,2024,5.1
SI.POV.DDAY,"Pobreza extrema US$3,00 PPC 2021 (%)",PER,Peru,2023,5.9
SI.POV.DDAY,"Pobreza extrema US$3,00 PPC 2021 (%)",PER,Peru,2022,4.8
SI.POV.DDAY,"Pobreza extrema US$3,00 PPC 2021 (%)",PER,Peru,2021,5.2
SI.POV.DDAY,"Pobreza extrema US$3,00 PPC 2021 (%)",PER,Peru,2020,10.3
SI.POV.DDAY,"Pobreza extrema US$3,00 PPC 2021 (%)",PER,Peru,2019,5.4
SI.POV.DDAY,"Pobreza extrema US$3,00 PPC 2021 (%)",PER,Peru,2018,6.1
SI.POV.DDAY,"Pobreza extrema US$3,00 PPC 2021 (%)",PER,Peru,2017,7.3
SI.POV.DDAY,"Pobreza extrema US$3,00 PPC 2021 (%)",PER,Peru,2016,7.5
SI.POV.DDAY,"Pobreza extrema US$3,00 PPC 2021 (%)",PER,Peru,2015,8.0
SI.POV.DDAY,"Pobreza extrema US$3,00 PPC 2021 (%)",PER,Peru,2014,8.0
SI.POV.DDAY,"Pobreza extrema US$3,00 PPC 2021 (%)",PER,Peru,2013,8.6
SI.POV.DDAY,"Pobreza extrema US$3,00 PPC 2021 (%)",PER,Peru,2012,9.5
SI.POV.DDAY,"Pobreza extrema US$3,00 PPC 2021 (%)",PER,Peru,2011,10.3
SI.POV.DDAY,"Pobreza extrema US$3,00 PPC 2021 (%)",PER,Peru,2010,11.2
SI.POV.DDAY,"Pobreza extrema US$3,00 PPC 2021 (%)",PER,Peru,2009,13.7
SI.POV.DDAY,"Pobreza extrema US$3,00 PPC 2021 (%)",PER,Peru,2008,15.8
SI.POV.DDAY,"Pobreza extrema US$3,00 PPC 2021 (%)",PER,Peru,2007,18.9
SI.POV.DDAY,"Pobreza extrema US$3,00 PPC 2021 (%)",PER,Peru,2006,21.8
SI.POV.DDAY,"Pobreza extrema US$3,00 PPC 2021 (%)",PER,Peru,2005,25.4
SI.POV.DDAY,"Pobreza extrema US$3,00 PPC 2021 (%)",PER,Peru,2004,23.5
SI.POV.DDAY,"Pobreza extrema US$3,00 PPC 2021 (%)",PER,Peru,2003,22.5
SI.POV.DDAY,"Pobreza extrema US$3,00 PPC 2021 (%)",PER,Peru,2002,24.4
SI.POV.DDAY,"Pobreza extrema US$3,00 PPC 2021 (%)",PER,Peru,2001,27.4
SI.POV.DDAY,"Pobreza extrema US$3,00 PPC 2021 (%)",PER,Peru,2000,25.5
SI.POV.DDAY,"Pobreza extrema US$3,00 PPC 2021 (%)",PER,Peru,1999,26.3
SI.POV.DDAY,"Pobreza extrema US$3,00 PPC 2021 (%)",PER,Peru,1998,25.7
SI.POV.DDAY,"Pobreza extrema US$3,00 PPC 2021 (%)",PER,Peru,1997,26.9
SI.POV.DDAY,"Pobreza extrema US$3,00 PPC 2021 (%)",TUR,Turquia,2023,0.2
SI.POV.DDAY,"Pobreza extrema US$3,00 PPC 2021 (%)",TUR,Turquia,2022,0.5
SI.POV.DDAY,"Pobreza extrema US$3,00 PPC 2021 (%)",TUR,Turquia,2021,0.9
SI.POV.DDAY,"Pobreza extrema US$3,00 PPC 2021 (%)",TUR,Turquia,2020,1.1
SI.POV.DDAY,"Pobreza extrema US$3,00 PPC 2021 (%)",TUR,Turquia,2019,1.3
SI.POV.DDAY,"Pobreza extrema US$3,00 PPC 2021 (%)",TUR,Turquia,2018,1.0
SI.POV.DDAY,"Pobreza extrema US$3,00 PPC 2021 (%)",TUR,Turquia,2017,1.1
SI.POV.DDAY,"Pobreza extrema US$3,00 PPC 2021 (%)",TUR,Turquia,2016,0.9
SI.POV.DDAY,"Pobreza extrema US$3,00 PPC 2021 (%)",TUR,Turquia,2015,1.3
SI.POV.DDAY,"Pobreza extrema US$3,00 PPC 2021 (%)",TUR,Turquia,2014,1.0
SI.POV.DDAY,"Pobreza extrema US$3,00 PPC 2021 (%)",TUR,Turquia,2013,1.5
SI.POV.DDAY,"Pobreza extrema US$3,00 PPC 2021 (%)",TUR,Turquia,2012,1.7
SI.POV.DDAY,"Pobreza extrema US$3,00 PPC 2021 (%)",TUR,Turquia,2011,2.0
SI.POV.DDAY,"Pobreza extrema US$3,00 PPC 2021 (%)",TUR,Turquia,2010,2.8
SI.POV.DDAY,"Pobreza extrema US$3,00 PPC 2021 (%)",TUR,Turquia,2009,3.0
SI.POV.DDAY,"Pobreza extrema US$3,00 PPC 2021 (%)",TUR,Turquia,2008,3.3
SI.POV.DDAY,"Pobreza extrema US$3,00 PPC 2021 (%)",TUR,Turquia,2007,4.0
SI.POV.DDAY,"Pobreza extrema US$3,00 PPC 2021 (%)",TUR,Turquia,2006,4.8
SI.POV.DDAY,"Pobreza extrema US$3,00 PPC 2021 (%)",TUR,Turquia,2005,6.5
SI.POV.DDAY,"Pobreza extrema US$3,00 PPC 2021 (%)",TUR,Turquia,2004,6.6
SI.POV.DDAY,"Pobreza extrema US$3,00 PPC 2021 (%)",TUR,Turquia,2003,10.0
SI.POV.DDAY,"Pobreza extrema US$3,00 PPC 2021 (%)",TUR,Turquia,2002,7.6
SI.POV.DDAY,"Pobreza extrema US$3,00 PPC 2021 (%)",,Upper middle income,2024,2.1
SI.POV.DDAY,"Pobreza extrema US$3,00 PPC 2021 (%)",,Upper middle income,2023,2.3
SI.POV.DDAY,"Pobreza extrema US$3,00 PPC 2021 (%)",,Upper middle income,2022,2.6
SI.POV.DDAY,"Pobreza extrema US$3,00 PPC 2021 (%)",,Upper middle income,2021,3.1
SI.POV.DDAY,"Pobreza extrema US$3,00 PPC 2021 (%)",,Upper middle income,2020,3.2
SI.POV.DDAY,"Pobreza extrema US$3,00 PPC 2021 (%)",,Upper middle income,2019,3.2
SI.POV.DDAY,"Pobreza extrema US$3,00 PPC 2021 (%)",,Upper middle income,2018,3.7
SI.POV.DDAY,"Pobreza extrema US$3,00 PPC 2021 (%)",,Upper middle income,2017,4.4
SI.POV.DDAY,"Pobreza extrema US$3,00 PPC 2021 (%)",,Upper middle income,2016,5.1
SI.POV.DDAY,"Pobreza extrema US$3,00 PPC 2021 (%)",,Upper middle income,2015,5.8
SI.POV.DDAY,"Pobreza extrema US$3,00 PPC 2021 (%)",,Upper middle income,2014,7.2
SI.POV.DDAY,"Pobreza extrema US$3,00 PPC 2021 (%)",,Upper middle income,2013,8.1
SI.POV.DDAY,"Pobreza extrema US$3,00 PPC 2021 (%)",,Upper middle income,2012,11.5
SI.POV.DDAY,"Pobreza extrema US$3,00 PPC 2021 (%)",,Upper middle income,2011,13.2
SI.POV.DDAY,"Pobreza extrema US$3,00 PPC 2021 (%)",,Upper middle income,2010,16.2
SI.POV.DDAY,"Pobreza extrema US$3,00 PPC 2021 (%)",,Upper middle income,2009,18.5
SI.POV.DDAY,"Pobreza extrema US$3,00 PPC 2021 (%)",,Upper middle income,2008,20.1
SI.POV.DDAY,"Pobreza extrema US$3,00 PPC 2021 (%)",,Upper middle income,2007,21.5
SI.POV.DDAY,"Pobreza extrema US$3,00 PPC 2021 (%)",,Upper middle income,2006,23.8
SI.POV.DDAY,"Pobreza extrema US$3,00 PPC 2021 (%)",,Upper middle income,2005,25.2
SI.POV.DDAY,"Pobreza extrema US$3,00 PPC 2021 (%)",,Upper middle income,2004,28.6
SI.POV.DDAY,"Pobreza extrema US$3,00 PPC 2021 (%)",,Upper middle income,2003,31.6
SI.POV.DDAY,"Pobreza extrema US$3,00 PPC 2021 (%)",,Upper middle income,2002,34.7
SI.POV.DDAY,"Pobreza extrema US$3,00 PPC 2021 (%)",,Upper middle income,2001,38.4
SI.POV.DDAY,"Pobreza extrema US$3,00 PPC 2021 (%)",,Upper middle income,2000,40.5
SI.POV.DDAY,"Pobreza extrema US$3,00 PPC 2021 (%)",,Upper middle income,1999,43.2
SI.POV.DDAY,"Pobreza extrema US$3,00 PPC 2021 (%)",,Upper middle income,1998,44.9
SI.POV.DDAY,"Pobreza extrema US$3,00 PPC 2021 (%)",,Upper middle income,1997,44.8
SI.POV.DDAY,"Pobreza extrema US$3,00 PPC 2021 (%)",,Upper middle income,1996,45.3
SI.POV.DDAY,"Pobreza extrema US$3,00 PPC 2021 (%)",,Upper middle income,1995,48.1
SI.POV.DDAY,"Pobreza extrema US$3,00 PPC 2021 (%)",ZAF,Africa do Sul,2022,17.4
SI.POV.DDAY,"Pobreza extrema US$3,00 PPC 2021 (%)",ZAF,Africa do Sul,2014,27.9
SI.POV.DDAY,"Pobreza extrema US$3,00 PPC 2021 (%)",ZAF,Africa do Sul,2010,27.8
SI.POV.DDAY,"Pobreza extrema US$3,00 PPC 2021 (%)",ZAF,Africa do Sul,2008,37.0
SI.POV.DDAY,"Pobreza extrema US$3,00 PPC 2021 (%)",ZAF,Africa do Sul,2005,40.7
SI.POV.DDAY,"Pobreza extrema US$3,00 PPC 2021 (%)",ZAF,Africa do Sul,2000,47.9
SI.POV.LMIC,"Pobreza US$4,20 PPC 2021 (%)",ARG,Argentina,2024,2.8
SI.POV.LMIC,"Pobreza US$4,20 PPC 2021 (%)",ARG,Argentina,2023,3.1
SI.POV.LMIC,"Pobreza US$4,20 PPC 2021 (%)",ARG,Argentina,2022,2.9
SI.POV.LMIC,"Pobreza US$4,20 PPC 2021 (%)",ARG,Argentina,2021,3.3
SI.POV.LMIC,"Pobreza US$4,20 PPC 2021 (%)",ARG,Argentina,2020,4.2
SI.POV.LMIC,"Pobreza US$4,20 PPC 2021 (%)",ARG,Argentina,2019,3.8
SI.POV.LMIC,"Pobreza US$4,20 PPC 2021 (%)",ARG,Argentina,2018,3.2
SI.POV.LMIC,"Pobreza US$4,20 PPC 2021 (%)",ARG,Argentina,2017,2.5
SI.POV.LMIC,"Pobreza US$4,20 PPC 2021 (%)",ARG,Argentina,2016,2.6
SI.POV.LMIC,"Pobreza US$4,20 PPC 2021 (%)",ARG,Argentina,2014,2.5
SI.POV.LMIC,"Pobreza US$4,20 PPC 2021 (%)",ARG,Argentina,2013,2.2
SI.POV.LMIC,"Pobreza US$4,20 PPC 2021 (%)",ARG,Argentina,2012,2.5
SI.POV.LMIC,"Pobreza US$4,20 PPC 2021 (%)",ARG,Argentina,2011,2.3
SI.POV.LMIC,"Pobreza US$4,20 PPC 2021 (%)",ARG,Argentina,2010,3.5
SI.POV.LMIC,"Pobreza US$4,20 PPC 2021 (%)",ARG,Argentina,2009,4.5
SI.POV.LMIC,"Pobreza US$4,20 PPC 2021 (%)",ARG,Argentina,2008,5.3
SI.POV.LMIC,"Pobreza US$4,20 PPC 2021 (%)",ARG,Argentina,2007,5.6
SI.POV.LMIC,"Pobreza US$4,20 PPC 2021 (%)",ARG,Argentina,2006,6.8
SI.POV.LMIC,"Pobreza US$4,20 PPC 2021 (%)",ARG,Argentina,2005,8.7
SI.POV.LMIC,"Pobreza US$4,20 PPC 2021 (%)",ARG,Argentina,2004,10.6
SI.POV.LMIC,"Pobreza US$4,20 PPC 2021 (%)",ARG,Argentina,2003,13.8
SI.POV.LMIC,"Pobreza US$4,20 PPC 2021 (%)",ARG,Argentina,2002,25.4
SI.POV.LMIC,"Pobreza US$4,20 PPC 2021 (%)",ARG,Argentina,2001,17.0
SI.POV.LMIC,"Pobreza US$4,20 PPC 2021 (%)",ARG,Argentina,2000,12.1
SI.POV.LMIC,"Pobreza US$4,20 PPC 2021 (%)",ARG,Argentina,1999,10.2
SI.POV.LMIC,"Pobreza US$4,20 PPC 2021 (%)",ARG,Argentina,1998,9.8
SI.POV.LMIC,"Pobreza US$4,20 PPC 2021 (%)",ARG,Argentina,1997,8.5
SI.POV.LMIC,"Pobreza US$4,20 PPC 2021 (%)",ARG,Argentina,1996,9.0
SI.POV.LMIC,"Pobreza US$4,20 PPC 2021 (%)",ARG,Argentina,1995,8.2
SI.POV.LMIC,"Pobreza US$4,20 PPC 2021 (%)",BRA,Brasil,2024,6.2
SI.POV.LMIC,"Pobreza US$4,20 PPC 2021 (%)",BRA,Brasil,2023,7.4
SI.POV.LMIC,"Pobreza US$4,20 PPC 2021 (%)",BRA,Brasil,2022,8.5
SI.POV.LMIC,"Pobreza US$4,20 PPC 2021 (%)",BRA,Brasil,2021,11.5
SI.POV.LMIC,"Pobreza US$4,20 PPC 2021 (%)",BRA,Brasil,2020,5.4
SI.POV.LMIC,"Pobreza US$4,20 PPC 2021 (%)",BRA,Brasil,2019,10.9
SI.POV.LMIC,"Pobreza US$4,20 PPC 2021 (%)",BRA,Brasil,2018,11.1
SI.POV.LMIC,"Pobreza US$4,20 PPC 2021 (%)",BRA,Brasil,2017,11.2
SI.POV.LMIC,"Pobreza US$4,20 PPC 2021 (%)",BRA,Brasil,2016,10.8
SI.POV.LMIC,"Pobreza US$4,20 PPC 2021 (%)",BRA,Brasil,2015,9.4
SI.POV.LMIC,"Pobreza US$4,20 PPC 2021 (%)",BRA,Brasil,2014,8.7
SI.POV.LMIC,"Pobreza US$4,20 PPC 2021 (%)",BRA,Brasil,2013,9.7
SI.POV.LMIC,"Pobreza US$4,20 PPC 2021 (%)",BRA,Brasil,2012,10.7
SI.POV.LMIC,"Pobreza US$4,20 PPC 2021 (%)",BRA,Brasil,2011,12.2
SI.POV.LMIC,"Pobreza US$4,20 PPC 2021 (%)",BRA,Brasil,2009,14.8
SI.POV.LMIC,"Pobreza US$4,20 PPC 2021 (%)",BRA,Brasil,2008,15.9
SI.POV.LMIC,"Pobreza US$4,20 PPC 2021 (%)",BRA,Brasil,2007,18.2
SI.POV.LMIC,"Pobreza US$4,20 PPC 2021 (%)",BRA,Brasil,2006,19.6
SI.POV.LMIC,"Pobreza US$4,20 PPC 2021 (%)",BRA,Brasil,2005,22.7
SI.POV.LMIC,"Pobreza US$4,20 PPC 2021 (%)",BRA,Brasil,2004,24.7
SI.POV.LMIC,"Pobreza US$4,20 PPC 2021 (%)",BRA,Brasil,2003,26.3
SI.POV.LMIC,"Pobreza US$4,20 PPC 2021 (%)",BRA,Brasil,2002,25.5
SI.POV.LMIC,"Pobreza US$4,20 PPC 2021 (%)",BRA,Brasil,2001,26.5
SI.POV.LMIC,"Pobreza US$4,20 PPC 2021 (%)",BRA,Brasil,1999,30.4
SI.POV.LMIC,"Pobreza US$4,20 PPC 2021 (%)",BRA,Brasil,1998,29.0
SI.POV.LMIC,"Pobreza US$4,20 PPC 2021 (%)",BRA,Brasil,1997,30.6
SI.POV.LMIC,"Pobreza US$4,20 PPC 2021 (%)",BRA,Brasil,1996,30.2
SI.POV.LMIC,"Pobreza US$4,20 PPC 2021 (%)",BRA,Brasil,1995,29.8
SI.POV.LMIC,"Pobreza US$4,20 PPC 2021 (%)",CHL,Chile,2024,0.7
SI.POV.LMIC,"Pobreza US$4,20 PPC 2021 (%)",CHL,Chile,2022,1.0
SI.POV.LMIC,"Pobreza US$4,20 PPC 2021 (%)",CHL,Chile,2020,2.7
SI.POV.LMIC,"Pobreza US$4,20 PPC 2021 (%)",CHL,Chile,2017,1.0
SI.POV.LMIC,"Pobreza US$4,20 PPC 2021 (%)",CHL,Chile,2015,1.6
SI.POV.LMIC,"Pobreza US$4,20 PPC 2021 (%)",CHL,Chile,2013,2.0
SI.POV.LMIC,"Pobreza US$4,20 PPC 2021 (%)",CHL,Chile,2011,4.1
SI.POV.LMIC,"Pobreza US$4,20 PPC 2021 (%)",CHL,Chile,2009,5.7
SI.POV.LMIC,"Pobreza US$4,20 PPC 2021 (%)",CHL,Chile,2006,7.7
SI.POV.LMIC,"Pobreza US$4,20 PPC 2021 (%)",CHL,Chile,2003,15.5
SI.POV.LMIC,"Pobreza US$4,20 PPC 2021 (%)",CHL,Chile,2000,16.1
SI.POV.LMIC,"Pobreza US$4,20 PPC 2021 (%)",CHL,Chile,1998,15.0
SI.POV.LMIC,"Pobreza US$4,20 PPC 2021 (%)",CHL,Chile,1996,16.4
SI.POV.LMIC,"Pobreza US$4,20 PPC 2021 (%)",CHN,China,2022,0.5
SI.POV.LMIC,"Pobreza US$4,20 PPC 2021 (%)",CHN,China,2021,0.3
SI.POV.LMIC,"Pobreza US$4,20 PPC 2021 (%)",CHN,China,2020,1.7
SI.POV.LMIC,"Pobreza US$4,20 PPC 2021 (%)",CHN,China,2019,3.0
SI.POV.LMIC,"Pobreza US$4,20 PPC 2021 (%)",CHN,China,2018,5.5
SI.POV.LMIC,"Pobreza US$4,20 PPC 2021 (%)",CHN,China,2017,7.5
SI.POV.LMIC,"Pobreza US$4,20 PPC 2021 (%)",CHN,China,2016,8.4
SI.POV.LMIC,"Pobreza US$4,20 PPC 2021 (%)",CHN,China,2015,10.6
SI.POV.LMIC,"Pobreza US$4,20 PPC 2021 (%)",CHN,China,2014,13.7
SI.POV.LMIC,"Pobreza US$4,20 PPC 2021 (%)",CHN,China,2013,16.7
SI.POV.LMIC,"Pobreza US$4,20 PPC 2021 (%)",CHN,China,2012,25.1
SI.POV.LMIC,"Pobreza US$4,20 PPC 2021 (%)",CHN,China,2011,29.1
SI.POV.LMIC,"Pobreza US$4,20 PPC 2021 (%)",CHN,China,2010,34.9
SI.POV.LMIC,"Pobreza US$4,20 PPC 2021 (%)",CHN,China,2008,41.3
SI.POV.LMIC,"Pobreza US$4,20 PPC 2021 (%)",CHN,China,2005,50.5
SI.POV.LMIC,"Pobreza US$4,20 PPC 2021 (%)",CHN,China,2002,63.7
SI.POV.LMIC,"Pobreza US$4,20 PPC 2021 (%)",CHN,China,1999,74.7
SI.POV.LMIC,"Pobreza US$4,20 PPC 2021 (%)",CHN,China,1996,79.9
SI.POV.LMIC,"Pobreza US$4,20 PPC 2021 (%)",COL,Colombia,2024,14.7
SI.POV.LMIC,"Pobreza US$4,20 PPC 2021 (%)",COL,Colombia,2023,15.2
SI.POV.LMIC,"Pobreza US$4,20 PPC 2021 (%)",COL,Colombia,2022,15.8
SI.POV.LMIC,"Pobreza US$4,20 PPC 2021 (%)",COL,Colombia,2021,18.4
SI.POV.LMIC,"Pobreza US$4,20 PPC 2021 (%)",COL,Colombia,2020,23.8
SI.POV.LMIC,"Pobreza US$4,20 PPC 2021 (%)",COL,Colombia,2019,18.5
SI.POV.LMIC,"Pobreza US$4,20 PPC 2021 (%)",COL,Colombia,2018,17.0
SI.POV.LMIC,"Pobreza US$4,20 PPC 2021 (%)",COL,Colombia,2017,16.6
SI.POV.LMIC,"Pobreza US$4,20 PPC 2021 (%)",COL,Colombia,2016,17.1
SI.POV.LMIC,"Pobreza US$4,20 PPC 2021 (%)",COL,Colombia,2015,17.4
SI.POV.LMIC,"Pobreza US$4,20 PPC 2021 (%)",COL,Colombia,2014,18.4
SI.POV.LMIC,"Pobreza US$4,20 PPC 2021 (%)",COL,Colombia,2013,19.3
SI.POV.LMIC,"Pobreza US$4,20 PPC 2021 (%)",COL,Colombia,2012,21.0
SI.POV.LMIC,"Pobreza US$4,20 PPC 2021 (%)",COL,Colombia,2011,19.9
SI.POV.LMIC,"Pobreza US$4,20 PPC 2021 (%)",COL,Colombia,2010,22.6
SI.POV.LMIC,"Pobreza US$4,20 PPC 2021 (%)",COL,Colombia,2009,24.9
SI.POV.LMIC,"Pobreza US$4,20 PPC 2021 (%)",COL,Colombia,2008,26.2
SI.POV.LMIC,"Pobreza US$4,20 PPC 2021 (%)",COL,Colombia,2005,28.5
SI.POV.LMIC,"Pobreza US$4,20 PPC 2021 (%)",COL,Colombia,2004,32.1
SI.POV.LMIC,"Pobreza US$4,20 PPC 2021 (%)",COL,Colombia,2003,32.2
SI.POV.LMIC,"Pobreza US$4,20 PPC 2021 (%)",COL,Colombia,2002,34.0
SI.POV.LMIC,"Pobreza US$4,20 PPC 2021 (%)",COL,Colombia,2001,42.9
SI.POV.LMIC,"Pobreza US$4,20 PPC 2021 (%)",COL,Colombia,2000,36.4
SI.POV.LMIC,"Pobreza US$4,20 PPC 2021 (%)",COL,Colombia,1999,41.1
SI.POV.LMIC,"Pobreza US$4,20 PPC 2021 (%)",COL,Colombia,1996,37.1
SI.POV.LMIC,"Pobreza US$4,20 PPC 2021 (%)",ECU,Equador,2025,8.4
SI.POV.LMIC,"Pobreza US$4,20 PPC 2021 (%)",ECU,Equador,2024,12.1
SI.POV.LMIC,"Pobreza US$4,20 PPC 2021 (%)",ECU,Equador,2023,10.0
SI.POV.LMIC,"Pobreza US$4,20 PPC 2021 (%)",ECU,Equador,2022,9.2
SI.POV.LMIC,"Pobreza US$4,20 PPC 2021 (%)",ECU,Equador,2021,10.8
SI.POV.LMIC,"Pobreza US$4,20 PPC 2021 (%)",ECU,Equador,2020,13.5
SI.POV.LMIC,"Pobreza US$4,20 PPC 2021 (%)",ECU,Equador,2019,9.5
SI.POV.LMIC,"Pobreza US$4,20 PPC 2021 (%)",ECU,Equador,2018,9.2
SI.POV.LMIC,"Pobreza US$4,20 PPC 2021 (%)",ECU,Equador,2017,8.4
SI.POV.LMIC,"Pobreza US$4,20 PPC 2021 (%)",ECU,Equador,2016,9.1
SI.POV.LMIC,"Pobreza US$4,20 PPC 2021 (%)",ECU,Equador,2015,9.2
SI.POV.LMIC,"Pobreza US$4,20 PPC 2021 (%)",ECU,Equador,2014,8.2
SI.POV.LMIC,"Pobreza US$4,20 PPC 2021 (%)",ECU,Equador,2013,9.7
SI.POV.LMIC,"Pobreza US$4,20 PPC 2021 (%)",ECU,Equador,2012,11.0
SI.POV.LMIC,"Pobreza US$4,20 PPC 2021 (%)",ECU,Equador,2011,11.9
SI.POV.LMIC,"Pobreza US$4,20 PPC 2021 (%)",ECU,Equador,2010,14.4
SI.POV.LMIC,"Pobreza US$4,20 PPC 2021 (%)",ECU,Equador,2009,16.9
SI.POV.LMIC,"Pobreza US$4,20 PPC 2021 (%)",ECU,Equador,2008,17.7
SI.POV.LMIC,"Pobreza US$4,20 PPC 2021 (%)",ECU,Equador,2007,18.7
SI.POV.LMIC,"Pobreza US$4,20 PPC 2021 (%)",ECU,Equador,2006,19.4
SI.POV.LMIC,"Pobreza US$4,20 PPC 2021 (%)",ECU,Equador,2005,24.7
SI.POV.LMIC,"Pobreza US$4,20 PPC 2021 (%)",ECU,Equador,2004,30.9
SI.POV.LMIC,"Pobreza US$4,20 PPC 2021 (%)",ECU,Equador,2003,29.8
SI.POV.LMIC,"Pobreza US$4,20 PPC 2021 (%)",ECU,Equador,2000,48.6
SI.POV.LMIC,"Pobreza US$4,20 PPC 2021 (%)",ECU,Equador,1999,39.6
SI.POV.LMIC,"Pobreza US$4,20 PPC 2021 (%)",ECU,Equador,1998,35.3
SI.POV.LMIC,"Pobreza US$4,20 PPC 2021 (%)",ECU,Equador,1995,31.9
SI.POV.LMIC,"Pobreza US$4,20 PPC 2021 (%)",IDN,Indonesia,2025,16.4
SI.POV.LMIC,"Pobreza US$4,20 PPC 2021 (%)",IDN,Indonesia,2024,19.8
SI.POV.LMIC,"Pobreza US$4,20 PPC 2021 (%)",IDN,Indonesia,2023,21.9
SI.POV.LMIC,"Pobreza US$4,20 PPC 2021 (%)",IDN,Indonesia,2022,23.7
SI.POV.LMIC,"Pobreza US$4,20 PPC 2021 (%)",IDN,Indonesia,2021,24.2
SI.POV.LMIC,"Pobreza US$4,20 PPC 2021 (%)",IDN,Indonesia,2020,26.4
SI.POV.LMIC,"Pobreza US$4,20 PPC 2021 (%)",IDN,Indonesia,2019,28.3
SI.POV.LMIC,"Pobreza US$4,20 PPC 2021 (%)",IDN,Indonesia,2018,30.3
SI.POV.LMIC,"Pobreza US$4,20 PPC 2021 (%)",IDN,Indonesia,2017,34.1
SI.POV.LMIC,"Pobreza US$4,20 PPC 2021 (%)",IDN,Indonesia,2016,38.7
SI.POV.LMIC,"Pobreza US$4,20 PPC 2021 (%)",IDN,Indonesia,2015,43.4
SI.POV.LMIC,"Pobreza US$4,20 PPC 2021 (%)",IDN,Indonesia,2014,47.7
SI.POV.LMIC,"Pobreza US$4,20 PPC 2021 (%)",IDN,Indonesia,2013,49.7
SI.POV.LMIC,"Pobreza US$4,20 PPC 2021 (%)",IDN,Indonesia,2012,49.9
SI.POV.LMIC,"Pobreza US$4,20 PPC 2021 (%)",IDN,Indonesia,2011,53.6
SI.POV.LMIC,"Pobreza US$4,20 PPC 2021 (%)",IDN,Indonesia,2010,56.7
SI.POV.LMIC,"Pobreza US$4,20 PPC 2021 (%)",IDN,Indonesia,2009,63.8
SI.POV.LMIC,"Pobreza US$4,20 PPC 2021 (%)",IDN,Indonesia,2008,63.4
SI.POV.LMIC,"Pobreza US$4,20 PPC 2021 (%)",IDN,Indonesia,2007,66.0
SI.POV.LMIC,"Pobreza US$4,20 PPC 2021 (%)",IDN,Indonesia,2006,71.8
SI.POV.LMIC,"Pobreza US$4,20 PPC 2021 (%)",IDN,Indonesia,2005,68.6
SI.POV.LMIC,"Pobreza US$4,20 PPC 2021 (%)",IDN,Indonesia,2004,71.7
SI.POV.LMIC,"Pobreza US$4,20 PPC 2021 (%)",IDN,Indonesia,2003,71.3
SI.POV.LMIC,"Pobreza US$4,20 PPC 2021 (%)",IDN,Indonesia,2002,73.1
SI.POV.LMIC,"Pobreza US$4,20 PPC 2021 (%)",IDN,Indonesia,2001,81.9
SI.POV.LMIC,"Pobreza US$4,20 PPC 2021 (%)",IDN,Indonesia,2000,84.3
SI.POV.LMIC,"Pobreza US$4,20 PPC 2021 (%)",IDN,Indonesia,1999,85.1
SI.POV.LMIC,"Pobreza US$4,20 PPC 2021 (%)",IDN,Indonesia,1998,92.8
SI.POV.LMIC,"Pobreza US$4,20 PPC 2021 (%)",IDN,Indonesia,1996,84.1
SI.POV.LMIC,"Pobreza US$4,20 PPC 2021 (%)",IND,India,2022,23.9
SI.POV.LMIC,"Pobreza US$4,20 PPC 2021 (%)",IND,India,2011,57.7
SI.POV.LMIC,"Pobreza US$4,20 PPC 2021 (%)",IND,India,2009,66.1
SI.POV.LMIC,"Pobreza US$4,20 PPC 2021 (%)",IND,India,2004,74.5
SI.POV.LMIC,"Pobreza US$4,20 PPC 2021 (%)",MEX,Mexico,2024,4.1
SI.POV.LMIC,"Pobreza US$4,20 PPC 2021 (%)",MEX,Mexico,2022,5.7
SI.POV.LMIC,"Pobreza US$4,20 PPC 2021 (%)",MEX,Mexico,2020,9.6
SI.POV.LMIC,"Pobreza US$4,20 PPC 2021 (%)",MEX,Mexico,2018,9.1
SI.POV.LMIC,"Pobreza US$4,20 PPC 2021 (%)",MEX,Mexico,2016,10.5
SI.POV.LMIC,"Pobreza US$4,20 PPC 2021 (%)",MEX,Mexico,2014,15.1
SI.POV.LMIC,"Pobreza US$4,20 PPC 2021 (%)",MEX,Mexico,2012,15.3
SI.POV.LMIC,"Pobreza US$4,20 PPC 2021 (%)",MEX,Mexico,2010,16.3
SI.POV.LMIC,"Pobreza US$4,20 PPC 2021 (%)",MEX,Mexico,2008,18.7
SI.POV.LMIC,"Pobreza US$4,20 PPC 2021 (%)",MEX,Mexico,2006,17.0
SI.POV.LMIC,"Pobreza US$4,20 PPC 2021 (%)",MEX,Mexico,2005,19.9
SI.POV.LMIC,"Pobreza US$4,20 PPC 2021 (%)",MEX,Mexico,2004,19.7
SI.POV.LMIC,"Pobreza US$4,20 PPC 2021 (%)",MEX,Mexico,2002,23.2
SI.POV.LMIC,"Pobreza US$4,20 PPC 2021 (%)",MEX,Mexico,2000,26.2
SI.POV.LMIC,"Pobreza US$4,20 PPC 2021 (%)",MEX,Mexico,1998,32.7
SI.POV.LMIC,"Pobreza US$4,20 PPC 2021 (%)",MEX,Mexico,1996,35.1
SI.POV.LMIC,"Pobreza US$4,20 PPC 2021 (%)",PER,Peru,2024,10.7
SI.POV.LMIC,"Pobreza US$4,20 PPC 2021 (%)",PER,Peru,2023,11.7
SI.POV.LMIC,"Pobreza US$4,20 PPC 2021 (%)",PER,Peru,2022,10.7
SI.POV.LMIC,"Pobreza US$4,20 PPC 2021 (%)",PER,Peru,2021,11.2
SI.POV.LMIC,"Pobreza US$4,20 PPC 2021 (%)",PER,Peru,2020,18.9
SI.POV.LMIC,"Pobreza US$4,20 PPC 2021 (%)",PER,Peru,2019,10.7
SI.POV.LMIC,"Pobreza US$4,20 PPC 2021 (%)",PER,Peru,2018,11.8
SI.POV.LMIC,"Pobreza US$4,20 PPC 2021 (%)",PER,Peru,2017,13.7
SI.POV.LMIC,"Pobreza US$4,20 PPC 2021 (%)",PER,Peru,2016,13.7
SI.POV.LMIC,"Pobreza US$4,20 PPC 2021 (%)",PER,Peru,2015,14.0
SI.POV.LMIC,"Pobreza US$4,20 PPC 2021 (%)",PER,Peru,2014,14.4
SI.POV.LMIC,"Pobreza US$4,20 PPC 2021 (%)",PER,Peru,2013,15.4
SI.POV.LMIC,"Pobreza US$4,20 PPC 2021 (%)",PER,Peru,2012,16.1
SI.POV.LMIC,"Pobreza US$4,20 PPC 2021 (%)",PER,Peru,2011,17.7
SI.POV.LMIC,"Pobreza US$4,20 PPC 2021 (%)",PER,Peru,2010,19.4
SI.POV.LMIC,"Pobreza US$4,20 PPC 2021 (%)",PER,Peru,2009,22.1
SI.POV.LMIC,"Pobreza US$4,20 PPC 2021 (%)",PER,Peru,2008,24.3
SI.POV.LMIC,"Pobreza US$4,20 PPC 2021 (%)",PER,Peru,2007,28.0
SI.POV.LMIC,"Pobreza US$4,20 PPC 2021 (%)",PER,Peru,2006,32.3
SI.POV.LMIC,"Pobreza US$4,20 PPC 2021 (%)",PER,Peru,2005,37.1
SI.POV.LMIC,"Pobreza US$4,20 PPC 2021 (%)",PER,Peru,2004,34.8
SI.POV.LMIC,"Pobreza US$4,20 PPC 2021 (%)",PER,Peru,2003,34.6
SI.POV.LMIC,"Pobreza US$4,20 PPC 2021 (%)",PER,Peru,2002,36.3
SI.POV.LMIC,"Pobreza US$4,20 PPC 2021 (%)",PER,Peru,2001,39.7
SI.POV.LMIC,"Pobreza US$4,20 PPC 2021 (%)",PER,Peru,2000,37.2
SI.POV.LMIC,"Pobreza US$4,20 PPC 2021 (%)",PER,Peru,1999,38.3
SI.POV.LMIC,"Pobreza US$4,20 PPC 2021 (%)",PER,Peru,1998,37.2
SI.POV.LMIC,"Pobreza US$4,20 PPC 2021 (%)",PER,Peru,1997,37.7
SI.POV.LMIC,"Pobreza US$4,20 PPC 2021 (%)",TUR,Turquia,2023,0.4
SI.POV.LMIC,"Pobreza US$4,20 PPC 2021 (%)",TUR,Turquia,2022,1.2
SI.POV.LMIC,"Pobreza US$4,20 PPC 2021 (%)",TUR,Turquia,2021,2.3
SI.POV.LMIC,"Pobreza US$4,20 PPC 2021 (%)",TUR,Turquia,2020,3.0
SI.POV.LMIC,"Pobreza US$4,20 PPC 2021 (%)",TUR,Turquia,2019,3.0
SI.POV.LMIC,"Pobreza US$4,20 PPC 2021 (%)",TUR,Turquia,2018,2.6
SI.POV.LMIC,"Pobreza US$4,20 PPC 2021 (%)",TUR,Turquia,2017,2.8
SI.POV.LMIC,"Pobreza US$4,20 PPC 2021 (%)",TUR,Turquia,2016,3.0
SI.POV.LMIC,"Pobreza US$4,20 PPC 2021 (%)",TUR,Turquia,2015,4.1
SI.POV.LMIC,"Pobreza US$4,20 PPC 2021 (%)",TUR,Turquia,2014,4.0
SI.POV.LMIC,"Pobreza US$4,20 PPC 2021 (%)",TUR,Turquia,2013,4.2
SI.POV.LMIC,"Pobreza US$4,20 PPC 2021 (%)",TUR,Turquia,2012,5.0
SI.POV.LMIC,"Pobreza US$4,20 PPC 2021 (%)",TUR,Turquia,2011,5.7
SI.POV.LMIC,"Pobreza US$4,20 PPC 2021 (%)",TUR,Turquia,2010,6.5
SI.POV.LMIC,"Pobreza US$4,20 PPC 2021 (%)",TUR,Turquia,2009,7.0
SI.POV.LMIC,"Pobreza US$4,20 PPC 2021 (%)",TUR,Turquia,2008,8.2
SI.POV.LMIC,"Pobreza US$4,20 PPC 2021 (%)",TUR,Turquia,2007,9.5
SI.POV.LMIC,"Pobreza US$4,20 PPC 2021 (%)",TUR,Turquia,2006,11.2
SI.POV.LMIC,"Pobreza US$4,20 PPC 2021 (%)",TUR,Turquia,2005,13.2
SI.POV.LMIC,"Pobreza US$4,20 PPC 2021 (%)",TUR,Turquia,2004,13.9
SI.POV.LMIC,"Pobreza US$4,20 PPC 2021 (%)",TUR,Turquia,2003,19.8
SI.POV.LMIC,"Pobreza US$4,20 PPC 2021 (%)",TUR,Turquia,2002,17.7
SI.POV.LMIC,"Pobreza US$4,20 PPC 2021 (%)",,Upper middle income,2024,5.4
SI.POV.LMIC,"Pobreza US$4,20 PPC 2021 (%)",,Upper middle income,2023,5.8
SI.POV.LMIC,"Pobreza US$4,20 PPC 2021 (%)",,Upper middle income,2022,6.5
SI.POV.LMIC,"Pobreza US$4,20 PPC 2021 (%)",,Upper middle income,2021,7.0
SI.POV.LMIC,"Pobreza US$4,20 PPC 2021 (%)",,Upper middle income,2020,7.8
SI.POV.LMIC,"Pobreza US$4,20 PPC 2021 (%)",,Upper middle income,2019,8.5
SI.POV.LMIC,"Pobreza US$4,20 PPC 2021 (%)",,Upper middle income,2018,9.8
SI.POV.LMIC,"Pobreza US$4,20 PPC 2021 (%)",,Upper middle income,2017,11.3
SI.POV.LMIC,"Pobreza US$4,20 PPC 2021 (%)",,Upper middle income,2016,12.3
SI.POV.LMIC,"Pobreza US$4,20 PPC 2021 (%)",,Upper middle income,2015,13.9
SI.POV.LMIC,"Pobreza US$4,20 PPC 2021 (%)",,Upper middle income,2014,16.0
SI.POV.LMIC,"Pobreza US$4,20 PPC 2021 (%)",,Upper middle income,2013,17.8
SI.POV.LMIC,"Pobreza US$4,20 PPC 2021 (%)",,Upper middle income,2012,22.1
SI.POV.LMIC,"Pobreza US$4,20 PPC 2021 (%)",,Upper middle income,2011,24.6
SI.POV.LMIC,"Pobreza US$4,20 PPC 2021 (%)",,Upper middle income,2010,28.1
SI.POV.LMIC,"Pobreza US$4,20 PPC 2021 (%)",,Upper middle income,2009,31.3
SI.POV.LMIC,"Pobreza US$4,20 PPC 2021 (%)",,Upper middle income,2008,33.4
SI.POV.LMIC,"Pobreza US$4,20 PPC 2021 (%)",,Upper middle income,2007,35.3
SI.POV.LMIC,"Pobreza US$4,20 PPC 2021 (%)",,Upper middle income,2006,38.1
SI.POV.LMIC,"Pobreza US$4,20 PPC 2021 (%)",,Upper middle income,2005,40.4
SI.POV.LMIC,"Pobreza US$4,20 PPC 2021 (%)",,Upper middle income,2004,43.8
SI.POV.LMIC,"Pobreza US$4,20 PPC 2021 (%)",,Upper middle income,2003,46.8
SI.POV.LMIC,"Pobreza US$4,20 PPC 2021 (%)",,Upper middle income,2002,49.7
SI.POV.LMIC,"Pobreza US$4,20 PPC 2021 (%)",,Upper middle income,2001,53.1
SI.POV.LMIC,"Pobreza US$4,20 PPC 2021 (%)",,Upper middle income,2000,55.3
SI.POV.LMIC,"Pobreza US$4,20 PPC 2021 (%)",,Upper middle income,1999,58.3
SI.POV.LMIC,"Pobreza US$4,20 PPC 2021 (%)",,Upper middle income,1998,59.3
SI.POV.LMIC,"Pobreza US$4,20 PPC 2021 (%)",,Upper middle income,1997,59.8
SI.POV.LMIC,"Pobreza US$4,20 PPC 2021 (%)",,Upper middle income,1996,60.6
SI.POV.LMIC,"Pobreza US$4,20 PPC 2021 (%)",,Upper middle income,1995,62.6
SI.POV.LMIC,"Pobreza US$4,20 PPC 2021 (%)",ZAF,Africa do Sul,2022,30.2
SI.POV.LMIC,"Pobreza US$4,20 PPC 2021 (%)",ZAF,Africa do Sul,2014,41.7
SI.POV.LMIC,"Pobreza US$4,20 PPC 2021 (%)",ZAF,Africa do Sul,2010,41.2
SI.POV.LMIC,"Pobreza US$4,20 PPC 2021 (%)",ZAF,Africa do Sul,2008,50.1
SI.POV.LMIC,"Pobreza US$4,20 PPC 2021 (%)",ZAF,Africa do Sul,2005,54.9
SI.POV.LMIC,"Pobreza US$4,20 PPC 2021 (%)",ZAF,Africa do Sul,2000,59.3
SI.POV.UMIC,"Pobreza US$8,30 PPC 2021 (%)",ARG,Argentina,2024,15.2
SI.POV.UMIC,"Pobreza US$8,30 PPC 2021 (%)",ARG,Argentina,2023,16.4
SI.POV.UMIC,"Pobreza US$8,30 PPC 2021 (%)",ARG,Argentina,2022,13.9
SI.POV.UMIC,"Pobreza US$8,30 PPC 2021 (%)",ARG,Argentina,2021,14.2
SI.POV.UMIC,"Pobreza US$8,30 PPC 2021 (%)",ARG,Argentina,2020,18.3
SI.POV.UMIC,"Pobreza US$8,30 PPC 2021 (%)",ARG,Argentina,2019,14.9
SI.POV.UMIC,"Pobreza US$8,30 PPC 2021 (%)",ARG,Argentina,2018,12.5
SI.POV.UMIC,"Pobreza US$8,30 PPC 2021 (%)",ARG,Argentina,2017,9.8
SI.POV.UMIC,"Pobreza US$8,30 PPC 2021 (%)",ARG,Argentina,2016,11.5
SI.POV.UMIC,"Pobreza US$8,30 PPC 2021 (%)",ARG,Argentina,2014,11.7
SI.POV.UMIC,"Pobreza US$8,30 PPC 2021 (%)",ARG,Argentina,2013,10.4
SI.POV.UMIC,"Pobreza US$8,30 PPC 2021 (%)",ARG,Argentina,2012,10.3
SI.POV.UMIC,"Pobreza US$8,30 PPC 2021 (%)",ARG,Argentina,2011,11.3
SI.POV.UMIC,"Pobreza US$8,30 PPC 2021 (%)",ARG,Argentina,2010,13.6
SI.POV.UMIC,"Pobreza US$8,30 PPC 2021 (%)",ARG,Argentina,2009,15.2
SI.POV.UMIC,"Pobreza US$8,30 PPC 2021 (%)",ARG,Argentina,2008,16.7
SI.POV.UMIC,"Pobreza US$8,30 PPC 2021 (%)",ARG,Argentina,2007,18.9
SI.POV.UMIC,"Pobreza US$8,30 PPC 2021 (%)",ARG,Argentina,2006,19.9
SI.POV.UMIC,"Pobreza US$8,30 PPC 2021 (%)",ARG,Argentina,2005,24.5
SI.POV.UMIC,"Pobreza US$8,30 PPC 2021 (%)",ARG,Argentina,2004,28.6
SI.POV.UMIC,"Pobreza US$8,30 PPC 2021 (%)",ARG,Argentina,2003,33.1
SI.POV.UMIC,"Pobreza US$8,30 PPC 2021 (%)",ARG,Argentina,2002,49.1
SI.POV.UMIC,"Pobreza US$8,30 PPC 2021 (%)",ARG,Argentina,2001,34.3
SI.POV.UMIC,"Pobreza US$8,30 PPC 2021 (%)",ARG,Argentina,2000,30.9
SI.POV.UMIC,"Pobreza US$8,30 PPC 2021 (%)",ARG,Argentina,1999,28.0
SI.POV.UMIC,"Pobreza US$8,30 PPC 2021 (%)",ARG,Argentina,1998,27.0
SI.POV.UMIC,"Pobreza US$8,30 PPC 2021 (%)",ARG,Argentina,1997,24.8
SI.POV.UMIC,"Pobreza US$8,30 PPC 2021 (%)",ARG,Argentina,1996,25.8
SI.POV.UMIC,"Pobreza US$8,30 PPC 2021 (%)",ARG,Argentina,1995,24.0
SI.POV.UMIC,"Pobreza US$8,30 PPC 2021 (%)",BRA,Brasil,2024,20.6
SI.POV.UMIC,"Pobreza US$8,30 PPC 2021 (%)",BRA,Brasil,2023,23.3
SI.POV.UMIC,"Pobreza US$8,30 PPC 2021 (%)",BRA,Brasil,2022,25.3
SI.POV.UMIC,"Pobreza US$8,30 PPC 2021 (%)",BRA,Brasil,2021,30.6
SI.POV.UMIC,"Pobreza US$8,30 PPC 2021 (%)",BRA,Brasil,2020,20.8
SI.POV.UMIC,"Pobreza US$8,30 PPC 2021 (%)",BRA,Brasil,2019,28.0
SI.POV.UMIC,"Pobreza US$8,30 PPC 2021 (%)",BRA,Brasil,2018,28.7
SI.POV.UMIC,"Pobreza US$8,30 PPC 2021 (%)",BRA,Brasil,2017,29.3
SI.POV.UMIC,"Pobreza US$8,30 PPC 2021 (%)",BRA,Brasil,2016,29.1
SI.POV.UMIC,"Pobreza US$8,30 PPC 2021 (%)",BRA,Brasil,2015,27.4
SI.POV.UMIC,"Pobreza US$8,30 PPC 2021 (%)",BRA,Brasil,2014,26.4
SI.POV.UMIC,"Pobreza US$8,30 PPC 2021 (%)",BRA,Brasil,2013,27.9
SI.POV.UMIC,"Pobreza US$8,30 PPC 2021 (%)",BRA,Brasil,2012,30.4
SI.POV.UMIC,"Pobreza US$8,30 PPC 2021 (%)",BRA,Brasil,2011,32.2
SI.POV.UMIC,"Pobreza US$8,30 PPC 2021 (%)",BRA,Brasil,2009,36.3
SI.POV.UMIC,"Pobreza US$8,30 PPC 2021 (%)",BRA,Brasil,2008,38.2
SI.POV.UMIC,"Pobreza US$8,30 PPC 2021 (%)",BRA,Brasil,2007,41.2
SI.POV.UMIC,"Pobreza US$8,30 PPC 2021 (%)",BRA,Brasil,2006,43.7
SI.POV.UMIC,"Pobreza US$8,30 PPC 2021 (%)",BRA,Brasil,2005,47.5
SI.POV.UMIC,"Pobreza US$8,30 PPC 2021 (%)",BRA,Brasil,2004,49.5
SI.POV.UMIC,"Pobreza US$8,30 PPC 2021 (%)",BRA,Brasil,2003,50.9
SI.POV.UMIC,"Pobreza US$8,30 PPC 2021 (%)",BRA,Brasil,2002,49.8
SI.POV.UMIC,"Pobreza US$8,30 PPC 2021 (%)",BRA,Brasil,2001,50.3
SI.POV.UMIC,"Pobreza US$8,30 PPC 2021 (%)",BRA,Brasil,1999,55.8
SI.POV.UMIC,"Pobreza US$8,30 PPC 2021 (%)",BRA,Brasil,1998,54.3
SI.POV.UMIC,"Pobreza US$8,30 PPC 2021 (%)",BRA,Brasil,1997,55.1
SI.POV.UMIC,"Pobreza US$8,30 PPC 2021 (%)",BRA,Brasil,1996,54.9
SI.POV.UMIC,"Pobreza US$8,30 PPC 2021 (%)",BRA,Brasil,1995,54.8
SI.POV.UMIC,"Pobreza US$8,30 PPC 2021 (%)",CHL,Chile,2024,4.5
SI.POV.UMIC,"Pobreza US$8,30 PPC 2021 (%)",CHL,Chile,2022,6.1
SI.POV.UMIC,"Pobreza US$8,30 PPC 2021 (%)",CHL,Chile,2020,11.3
SI.POV.UMIC,"Pobreza US$8,30 PPC 2021 (%)",CHL,Chile,2017,9.0
SI.POV.UMIC,"Pobreza US$8,30 PPC 2021 (%)",CHL,Chile,2015,11.7
SI.POV.UMIC,"Pobreza US$8,30 PPC 2021 (%)",CHL,Chile,2013,14.4
SI.POV.UMIC,"Pobreza US$8,30 PPC 2021 (%)",CHL,Chile,2011,23.5
SI.POV.UMIC,"Pobreza US$8,30 PPC 2021 (%)",CHL,Chile,2009,27.6
SI.POV.UMIC,"Pobreza US$8,30 PPC 2021 (%)",CHL,Chile,2006,32.0
SI.POV.UMIC,"Pobreza US$8,30 PPC 2021 (%)",CHL,Chile,2003,43.2
SI.POV.UMIC,"Pobreza US$8,30 PPC 2021 (%)",CHL,Chile,2000,44.5
SI.POV.UMIC,"Pobreza US$8,30 PPC 2021 (%)",CHL,Chile,1998,41.6
SI.POV.UMIC,"Pobreza US$8,30 PPC 2021 (%)",CHL,Chile,1996,44.6
SI.POV.UMIC,"Pobreza US$8,30 PPC 2021 (%)",CHN,China,2022,21.3
SI.POV.UMIC,"Pobreza US$8,30 PPC 2021 (%)",CHN,China,2021,20.6
SI.POV.UMIC,"Pobreza US$8,30 PPC 2021 (%)",CHN,China,2020,29.0
SI.POV.UMIC,"Pobreza US$8,30 PPC 2021 (%)",CHN,China,2019,28.3
SI.POV.UMIC,"Pobreza US$8,30 PPC 2021 (%)",CHN,China,2018,31.6
SI.POV.UMIC,"Pobreza US$8,30 PPC 2021 (%)",CHN,China,2017,35.6
SI.POV.UMIC,"Pobreza US$8,30 PPC 2021 (%)",CHN,China,2016,38.0
SI.POV.UMIC,"Pobreza US$8,30 PPC 2021 (%)",CHN,China,2015,41.7
SI.POV.UMIC,"Pobreza US$8,30 PPC 2021 (%)",CHN,China,2014,46.1
SI.POV.UMIC,"Pobreza US$8,30 PPC 2021 (%)",CHN,China,2013,51.0
SI.POV.UMIC,"Pobreza US$8,30 PPC 2021 (%)",CHN,China,2012,57.4
SI.POV.UMIC,"Pobreza US$8,30 PPC 2021 (%)",CHN,China,2011,62.1
SI.POV.UMIC,"Pobreza US$8,30 PPC 2021 (%)",CHN,China,2010,66.1
SI.POV.UMIC,"Pobreza US$8,30 PPC 2021 (%)",CHN,China,2008,72.8
SI.POV.UMIC,"Pobreza US$8,30 PPC 2021 (%)",CHN,China,2005,81.6
SI.POV.UMIC,"Pobreza US$8,30 PPC 2021 (%)",CHN,China,2002,89.2
SI.POV.UMIC,"Pobreza US$8,30 PPC 2021 (%)",CHN,China,1999,94.5
SI.POV.UMIC,"Pobreza US$8,30 PPC 2021 (%)",CHN,China,1996,96.5
SI.POV.UMIC,"Pobreza US$8,30 PPC 2021 (%)",COL,Colombia,2024,37.0
SI.POV.UMIC,"Pobreza US$8,30 PPC 2021 (%)",COL,Colombia,2023,39.1
SI.POV.UMIC,"Pobreza US$8,30 PPC 2021 (%)",COL,Colombia,2022,40.2
SI.POV.UMIC,"Pobreza US$8,30 PPC 2021 (%)",COL,Colombia,2021,44.0
SI.POV.UMIC,"Pobreza US$8,30 PPC 2021 (%)",COL,Colombia,2020,48.6
SI.POV.UMIC,"Pobreza US$8,30 PPC 2021 (%)",COL,Colombia,2019,41.8
SI.POV.UMIC,"Pobreza US$8,30 PPC 2021 (%)",COL,Colombia,2018,41.1
SI.POV.UMIC,"Pobreza US$8,30 PPC 2021 (%)",COL,Colombia,2017,41.0
SI.POV.UMIC,"Pobreza US$8,30 PPC 2021 (%)",COL,Colombia,2016,41.4
SI.POV.UMIC,"Pobreza US$8,30 PPC 2021 (%)",COL,Colombia,2015,41.3
SI.POV.UMIC,"Pobreza US$8,30 PPC 2021 (%)",COL,Colombia,2014,41.9
SI.POV.UMIC,"Pobreza US$8,30 PPC 2021 (%)",COL,Colombia,2013,44.1
SI.POV.UMIC,"Pobreza US$8,30 PPC 2021 (%)",COL,Colombia,2012,46.3
SI.POV.UMIC,"Pobreza US$8,30 PPC 2021 (%)",COL,Colombia,2011,47.0
SI.POV.UMIC,"Pobreza US$8,30 PPC 2021 (%)",COL,Colombia,2010,50.0
SI.POV.UMIC,"Pobreza US$8,30 PPC 2021 (%)",COL,Colombia,2009,52.2
SI.POV.UMIC,"Pobreza US$8,30 PPC 2021 (%)",COL,Colombia,2008,53.2
SI.POV.UMIC,"Pobreza US$8,30 PPC 2021 (%)",COL,Colombia,2005,59.1
SI.POV.UMIC,"Pobreza US$8,30 PPC 2021 (%)",COL,Colombia,2004,62.4
SI.POV.UMIC,"Pobreza US$8,30 PPC 2021 (%)",COL,Colombia,2003,63.3
SI.POV.UMIC,"Pobreza US$8,30 PPC 2021 (%)",COL,Colombia,2002,62.5
SI.POV.UMIC,"Pobreza US$8,30 PPC 2021 (%)",COL,Colombia,2001,71.5
SI.POV.UMIC,"Pobreza US$8,30 PPC 2021 (%)",COL,Colombia,2000,65.4
SI.POV.UMIC,"Pobreza US$8,30 PPC 2021 (%)",COL,Colombia,1999,69.2
SI.POV.UMIC,"Pobreza US$8,30 PPC 2021 (%)",COL,Colombia,1996,66.7
SI.POV.UMIC,"Pobreza US$8,30 PPC 2021 (%)",ECU,Equador,2025,30.1
SI.POV.UMIC,"Pobreza US$8,30 PPC 2021 (%)",ECU,Equador,2024,32.6
SI.POV.UMIC,"Pobreza US$8,30 PPC 2021 (%)",ECU,Equador,2023,30.8
SI.POV.UMIC,"Pobreza US$8,30 PPC 2021 (%)",ECU,Equador,2022,30.9
SI.POV.UMIC,"Pobreza US$8,30 PPC 2021 (%)",ECU,Equador,2021,33.5
SI.POV.UMIC,"Pobreza US$8,30 PPC 2021 (%)",ECU,Equador,2020,36.0
SI.POV.UMIC,"Pobreza US$8,30 PPC 2021 (%)",ECU,Equador,2019,30.6
SI.POV.UMIC,"Pobreza US$8,30 PPC 2021 (%)",ECU,Equador,2018,28.9
SI.POV.UMIC,"Pobreza US$8,30 PPC 2021 (%)",ECU,Equador,2017,28.3
SI.POV.UMIC,"Pobreza US$8,30 PPC 2021 (%)",ECU,Equador,2016,29.3
SI.POV.UMIC,"Pobreza US$8,30 PPC 2021 (%)",ECU,Equador,2015,29.8
SI.POV.UMIC,"Pobreza US$8,30 PPC 2021 (%)",ECU,Equador,2014,28.7
SI.POV.UMIC,"Pobreza US$8,30 PPC 2021 (%)",ECU,Equador,2013,32.5
SI.POV.UMIC,"Pobreza US$8,30 PPC 2021 (%)",ECU,Equador,2012,32.6
SI.POV.UMIC,"Pobreza US$8,30 PPC 2021 (%)",ECU,Equador,2011,35.9
SI.POV.UMIC,"Pobreza US$8,30 PPC 2021 (%)",ECU,Equador,2010,39.7
SI.POV.UMIC,"Pobreza US$8,30 PPC 2021 (%)",ECU,Equador,2009,44.4
SI.POV.UMIC,"Pobreza US$8,30 PPC 2021 (%)",ECU,Equador,2008,43.4
SI.POV.UMIC,"Pobreza US$8,30 PPC 2021 (%)",ECU,Equador,2007,45.9
SI.POV.UMIC,"Pobreza US$8,30 PPC 2021 (%)",ECU,Equador,2006,46.8
SI.POV.UMIC,"Pobreza US$8,30 PPC 2021 (%)",ECU,Equador,2005,51.9
SI.POV.UMIC,"Pobreza US$8,30 PPC 2021 (%)",ECU,Equador,2004,59.7
SI.POV.UMIC,"Pobreza US$8,30 PPC 2021 (%)",ECU,Equador,2003,58.7
SI.POV.UMIC,"Pobreza US$8,30 PPC 2021 (%)",ECU,Equador,2000,76.6
SI.POV.UMIC,"Pobreza US$8,30 PPC 2021 (%)",ECU,Equador,1999,68.6
SI.POV.UMIC,"Pobreza US$8,30 PPC 2021 (%)",ECU,Equador,1998,65.0
SI.POV.UMIC,"Pobreza US$8,30 PPC 2021 (%)",ECU,Equador,1995,65.3
SI.POV.UMIC,"Pobreza US$8,30 PPC 2021 (%)",IDN,Indonesia,2025,65.2
SI.POV.UMIC,"Pobreza US$8,30 PPC 2021 (%)",IDN,Indonesia,2024,68.1
SI.POV.UMIC,"Pobreza US$8,30 PPC 2021 (%)",IDN,Indonesia,2023,69.6
SI.POV.UMIC,"Pobreza US$8,30 PPC 2021 (%)",IDN,Indonesia,2022,70.3
SI.POV.UMIC,"Pobreza US$8,30 PPC 2021 (%)",IDN,Indonesia,2021,68.5
SI.POV.UMIC,"Pobreza US$8,30 PPC 2021 (%)",IDN,Indonesia,2020,69.4
SI.POV.UMIC,"Pobreza US$8,30 PPC 2021 (%)",IDN,Indonesia,2019,70.4
SI.POV.UMIC,"Pobreza US$8,30 PPC 2021 (%)",IDN,Indonesia,2018,71.2
SI.POV.UMIC,"Pobreza US$8,30 PPC 2021 (%)",IDN,Indonesia,2017,74.2
SI.POV.UMIC,"Pobreza US$8,30 PPC 2021 (%)",IDN,Indonesia,2016,77.5
SI.POV.UMIC,"Pobreza US$8,30 PPC 2021 (%)",IDN,Indonesia,2015,81.9
SI.POV.UMIC,"Pobreza US$8,30 PPC 2021 (%)",IDN,Indonesia,2014,82.0
SI.POV.UMIC,"Pobreza US$8,30 PPC 2021 (%)",IDN,Indonesia,2013,82.6
SI.POV.UMIC,"Pobreza US$8,30 PPC 2021 (%)",IDN,Indonesia,2012,84.7
SI.POV.UMIC,"Pobreza US$8,30 PPC 2021 (%)",IDN,Indonesia,2011,85.8
SI.POV.UMIC,"Pobreza US$8,30 PPC 2021 (%)",IDN,Indonesia,2010,88.9
SI.POV.UMIC,"Pobreza US$8,30 PPC 2021 (%)",IDN,Indonesia,2009,92.1
SI.POV.UMIC,"Pobreza US$8,30 PPC 2021 (%)",IDN,Indonesia,2008,92.4
SI.POV.UMIC,"Pobreza US$8,30 PPC 2021 (%)",IDN,Indonesia,2007,92.6
SI.POV.UMIC,"Pobreza US$8,30 PPC 2021 (%)",IDN,Indonesia,2006,95.3
SI.POV.UMIC,"Pobreza US$8,30 PPC 2021 (%)",IDN,Indonesia,2005,94.6
SI.POV.UMIC,"Pobreza US$8,30 PPC 2021 (%)",IDN,Indonesia,2004,94.8
SI.POV.UMIC,"Pobreza US$8,30 PPC 2021 (%)",IDN,Indonesia,2003,95.4
SI.POV.UMIC,"Pobreza US$8,30 PPC 2021 (%)",IDN,Indonesia,2002,94.9
SI.POV.UMIC,"Pobreza US$8,30 PPC 2021 (%)",IDN,Indonesia,2001,96.8
SI.POV.UMIC,"Pobreza US$8,30 PPC 2021 (%)",IDN,Indonesia,2000,97.6
SI.POV.UMIC,"Pobreza US$8,30 PPC 2021 (%)",IDN,Indonesia,1999,97.9
SI.POV.UMIC,"Pobreza US$8,30 PPC 2021 (%)",IDN,Indonesia,1998,99.1
SI.POV.UMIC,"Pobreza US$8,30 PPC 2021 (%)",IDN,Indonesia,1996,96.9
SI.POV.UMIC,"Pobreza US$8,30 PPC 2021 (%)",IND,India,2022,82.1
SI.POV.UMIC,"Pobreza US$8,30 PPC 2021 (%)",IND,India,2011,92.5
SI.POV.UMIC,"Pobreza US$8,30 PPC 2021 (%)",IND,India,2009,95.0
SI.POV.UMIC,"Pobreza US$8,30 PPC 2021 (%)",IND,India,2004,96.3
SI.POV.UMIC,"Pobreza US$8,30 PPC 2021 (%)",MEX,Mexico,2024,21.4
SI.POV.UMIC,"Pobreza US$8,30 PPC 2021 (%)",MEX,Mexico,2022,27.4
SI.POV.UMIC,"Pobreza US$8,30 PPC 2021 (%)",MEX,Mexico,2020,36.5
SI.POV.UMIC,"Pobreza US$8,30 PPC 2021 (%)",MEX,Mexico,2018,35.3
SI.POV.UMIC,"Pobreza US$8,30 PPC 2021 (%)",MEX,Mexico,2016,37.8
SI.POV.UMIC,"Pobreza US$8,30 PPC 2021 (%)",MEX,Mexico,2014,46.6
SI.POV.UMIC,"Pobreza US$8,30 PPC 2021 (%)",MEX,Mexico,2012,44.1
SI.POV.UMIC,"Pobreza US$8,30 PPC 2021 (%)",MEX,Mexico,2010,46.3
SI.POV.UMIC,"Pobreza US$8,30 PPC 2021 (%)",MEX,Mexico,2008,46.0
SI.POV.UMIC,"Pobreza US$8,30 PPC 2021 (%)",MEX,Mexico,2006,45.9
SI.POV.UMIC,"Pobreza US$8,30 PPC 2021 (%)",MEX,Mexico,2005,48.4
SI.POV.UMIC,"Pobreza US$8,30 PPC 2021 (%)",MEX,Mexico,2004,50.4
SI.POV.UMIC,"Pobreza US$8,30 PPC 2021 (%)",MEX,Mexico,2002,52.9
SI.POV.UMIC,"Pobreza US$8,30 PPC 2021 (%)",MEX,Mexico,2000,55.1
SI.POV.UMIC,"Pobreza US$8,30 PPC 2021 (%)",MEX,Mexico,1998,62.2
SI.POV.UMIC,"Pobreza US$8,30 PPC 2021 (%)",MEX,Mexico,1996,65.6
SI.POV.UMIC,"Pobreza US$8,30 PPC 2021 (%)",PER,Peru,2024,36.2
SI.POV.UMIC,"Pobreza US$8,30 PPC 2021 (%)",PER,Peru,2023,38.3
SI.POV.UMIC,"Pobreza US$8,30 PPC 2021 (%)",PER,Peru,2022,37.8
SI.POV.UMIC,"Pobreza US$8,30 PPC 2021 (%)",PER,Peru,2021,39.5
SI.POV.UMIC,"Pobreza US$8,30 PPC 2021 (%)",PER,Peru,2020,48.1
SI.POV.UMIC,"Pobreza US$8,30 PPC 2021 (%)",PER,Peru,2019,33.6
SI.POV.UMIC,"Pobreza US$8,30 PPC 2021 (%)",PER,Peru,2018,35.2
SI.POV.UMIC,"Pobreza US$8,30 PPC 2021 (%)",PER,Peru,2017,37.3
SI.POV.UMIC,"Pobreza US$8,30 PPC 2021 (%)",PER,Peru,2016,36.4
SI.POV.UMIC,"Pobreza US$8,30 PPC 2021 (%)",PER,Peru,2015,37.5
SI.POV.UMIC,"Pobreza US$8,30 PPC 2021 (%)",PER,Peru,2014,38.0
SI.POV.UMIC,"Pobreza US$8,30 PPC 2021 (%)",PER,Peru,2013,39.3
SI.POV.UMIC,"Pobreza US$8,30 PPC 2021 (%)",PER,Peru,2012,39.8
SI.POV.UMIC,"Pobreza US$8,30 PPC 2021 (%)",PER,Peru,2011,42.4
SI.POV.UMIC,"Pobreza US$8,30 PPC 2021 (%)",PER,Peru,2010,45.7
SI.POV.UMIC,"Pobreza US$8,30 PPC 2021 (%)",PER,Peru,2009,49.1
SI.POV.UMIC,"Pobreza US$8,30 PPC 2021 (%)",PER,Peru,2008,50.9
SI.POV.UMIC,"Pobreza US$8,30 PPC 2021 (%)",PER,Peru,2007,55.2
SI.POV.UMIC,"Pobreza US$8,30 PPC 2021 (%)",PER,Peru,2006,60.6
SI.POV.UMIC,"Pobreza US$8,30 PPC 2021 (%)",PER,Peru,2005,66.2
SI.POV.UMIC,"Pobreza US$8,30 PPC 2021 (%)",PER,Peru,2004,64.3
SI.POV.UMIC,"Pobreza US$8,30 PPC 2021 (%)",PER,Peru,2003,64.0
SI.POV.UMIC,"Pobreza US$8,30 PPC 2021 (%)",PER,Peru,2002,64.5
SI.POV.UMIC,"Pobreza US$8,30 PPC 2021 (%)",PER,Peru,2001,68.4
SI.POV.UMIC,"Pobreza US$8,30 PPC 2021 (%)",PER,Peru,2000,67.6
SI.POV.UMIC,"Pobreza US$8,30 PPC 2021 (%)",PER,Peru,1999,65.9
SI.POV.UMIC,"Pobreza US$8,30 PPC 2021 (%)",PER,Peru,1998,66.3
SI.POV.UMIC,"Pobreza US$8,30 PPC 2021 (%)",PER,Peru,1997,65.5
SI.POV.UMIC,"Pobreza US$8,30 PPC 2021 (%)",TUR,Turquia,2023,4.1
SI.POV.UMIC,"Pobreza US$8,30 PPC 2021 (%)",TUR,Turquia,2022,10.8
SI.POV.UMIC,"Pobreza US$8,30 PPC 2021 (%)",TUR,Turquia,2021,12.9
SI.POV.UMIC,"Pobreza US$8,30 PPC 2021 (%)",TUR,Turquia,2020,15.0
SI.POV.UMIC,"Pobreza US$8,30 PPC 2021 (%)",TUR,Turquia,2019,15.9
SI.POV.UMIC,"Pobreza US$8,30 PPC 2021 (%)",TUR,Turquia,2018,15.6
SI.POV.UMIC,"Pobreza US$8,30 PPC 2021 (%)",TUR,Turquia,2017,16.7
SI.POV.UMIC,"Pobreza US$8,30 PPC 2021 (%)",TUR,Turquia,2016,18.6
SI.POV.UMIC,"Pobreza US$8,30 PPC 2021 (%)",TUR,Turquia,2015,21.0
SI.POV.UMIC,"Pobreza US$8,30 PPC 2021 (%)",TUR,Turquia,2014,20.3
SI.POV.UMIC,"Pobreza US$8,30 PPC 2021 (%)",TUR,Turquia,2013,20.6
SI.POV.UMIC,"Pobreza US$8,30 PPC 2021 (%)",TUR,Turquia,2012,22.3
SI.POV.UMIC,"Pobreza US$8,30 PPC 2021 (%)",TUR,Turquia,2011,23.8
SI.POV.UMIC,"Pobreza US$8,30 PPC 2021 (%)",TUR,Turquia,2010,26.3
SI.POV.UMIC,"Pobreza US$8,30 PPC 2021 (%)",TUR,Turquia,2009,28.0
SI.POV.UMIC,"Pobreza US$8,30 PPC 2021 (%)",TUR,Turquia,2008,26.9
SI.POV.UMIC,"Pobreza US$8,30 PPC 2021 (%)",TUR,Turquia,2007,31.5
SI.POV.UMIC,"Pobreza US$8,30 PPC 2021 (%)",TUR,Turquia,2006,35.9
SI.POV.UMIC,"Pobreza US$8,30 PPC 2021 (%)",TUR,Turquia,2005,38.9
SI.POV.UMIC,"Pobreza US$8,30 PPC 2021 (%)",TUR,Turquia,2004,41.0
SI.POV.UMIC,"Pobreza US$8,30 PPC 2021 (%)",TUR,Turquia,2003,54.3
SI.POV.UMIC,"Pobreza US$8,30 PPC 2021 (%)",TUR,Turquia,2002,50.5
SI.POV.UMIC,"Pobreza US$8,30 PPC 2021 (%)",,Upper middle income,2024,26.4
SI.POV.UMIC,"Pobreza US$8,30 PPC 2021 (%)",,Upper middle income,2023,27.8
SI.POV.UMIC,"Pobreza US$8,30 PPC 2021 (%)",,Upper middle income,2022,30.0
SI.POV.UMIC,"Pobreza US$8,30 PPC 2021 (%)",,Upper middle income,2021,30.4
SI.POV.UMIC,"Pobreza US$8,30 PPC 2021 (%)",,Upper middle income,2020,34.5
SI.POV.UMIC,"Pobreza US$8,30 PPC 2021 (%)",,Upper middle income,2019,33.9
SI.POV.UMIC,"Pobreza US$8,30 PPC 2021 (%)",,Upper middle income,2018,35.7
SI.POV.UMIC,"Pobreza US$8,30 PPC 2021 (%)",,Upper middle income,2017,38.1
SI.POV.UMIC,"Pobreza US$8,30 PPC 2021 (%)",,Upper middle income,2016,40.0
SI.POV.UMIC,"Pobreza US$8,30 PPC 2021 (%)",,Upper middle income,2015,42.4
SI.POV.UMIC,"Pobreza US$8,30 PPC 2021 (%)",,Upper middle income,2014,44.9
SI.POV.UMIC,"Pobreza US$8,30 PPC 2021 (%)",,Upper middle income,2013,47.5
SI.POV.UMIC,"Pobreza US$8,30 PPC 2021 (%)",,Upper middle income,2012,51.3
SI.POV.UMIC,"Pobreza US$8,30 PPC 2021 (%)",,Upper middle income,2011,54.2
SI.POV.UMIC,"Pobreza US$8,30 PPC 2021 (%)",,Upper middle income,2010,57.3
SI.POV.UMIC,"Pobreza US$8,30 PPC 2021 (%)",,Upper middle income,2009,60.6
SI.POV.UMIC,"Pobreza US$8,30 PPC 2021 (%)",,Upper middle income,2008,62.7
SI.POV.UMIC,"Pobreza US$8,30 PPC 2021 (%)",,Upper middle income,2007,64.8
SI.POV.UMIC,"Pobreza US$8,30 PPC 2021 (%)",,Upper middle income,2006,67.6
SI.POV.UMIC,"Pobreza US$8,30 PPC 2021 (%)",,Upper middle income,2005,70.1
SI.POV.UMIC,"Pobreza US$8,30 PPC 2021 (%)",,Upper middle income,2004,72.8
SI.POV.UMIC,"Pobreza US$8,30 PPC 2021 (%)",,Upper middle income,2003,75.4
SI.POV.UMIC,"Pobreza US$8,30 PPC 2021 (%)",,Upper middle income,2002,76.9
SI.POV.UMIC,"Pobreza US$8,30 PPC 2021 (%)",,Upper middle income,2001,78.7
SI.POV.UMIC,"Pobreza US$8,30 PPC 2021 (%)",,Upper middle income,2000,79.9
SI.POV.UMIC,"Pobreza US$8,30 PPC 2021 (%)",,Upper middle income,1999,81.7
SI.POV.UMIC,"Pobreza US$8,30 PPC 2021 (%)",,Upper middle income,1998,81.8
SI.POV.UMIC,"Pobreza US$8,30 PPC 2021 (%)",,Upper middle income,1997,82.2
SI.POV.UMIC,"Pobreza US$8,30 PPC 2021 (%)",,Upper middle income,1996,82.6
SI.POV.UMIC,"Pobreza US$8,30 PPC 2021 (%)",,Upper middle income,1995,83.2
SI.POV.UMIC,"Pobreza US$8,30 PPC 2021 (%)",ZAF,Africa do Sul,2022,59.6
SI.POV.UMIC,"Pobreza US$8,30 PPC 2021 (%)",ZAF,Africa do Sul,2014,65.7
SI.POV.UMIC,"Pobreza US$8,30 PPC 2021 (%)",ZAF,Africa do Sul,2010,65.1
SI.POV.UMIC,"Pobreza US$8,30 PPC 2021 (%)",ZAF,Africa do Sul,2008,70.5
SI.POV.UMIC,"Pobreza US$8,30 PPC 2021 (%)",ZAF,Africa do Sul,2005,74.9
SI.POV.UMIC,"Pobreza US$8,30 PPC 2021 (%)",ZAF,Africa do Sul,2000,78.5
SP.DYN.IMRT.IN,Mortalidade infantil (por mil nasc.),ARG,Argentina,2024,8.0
SP.DYN.IMRT.IN,Mortalidade infantil (por mil nasc.),ARG,Argentina,2023,8.2
SP.DYN.IMRT.IN,Mortalidade infantil (por mil nasc.),ARG,Argentina,2022,8.4
SP.DYN.IMRT.IN,Mortalidade infantil (por mil nasc.),ARG,Argentina,2021,8.5
SP.DYN.IMRT.IN,Mortalidade infantil (por mil nasc.),ARG,Argentina,2020,8.7
SP.DYN.IMRT.IN,Mortalidade infantil (por mil nasc.),ARG,Argentina,2019,8.9
SP.DYN.IMRT.IN,Mortalidade infantil (por mil nasc.),ARG,Argentina,2018,9.1
SP.DYN.IMRT.IN,Mortalidade infantil (por mil nasc.),ARG,Argentina,2017,9.4
SP.DYN.IMRT.IN,Mortalidade infantil (por mil nasc.),ARG,Argentina,2016,9.7
SP.DYN.IMRT.IN,Mortalidade infantil (por mil nasc.),ARG,Argentina,2015,10.0
SP.DYN.IMRT.IN,Mortalidade infantil (por mil nasc.),ARG,Argentina,2014,10.4
SP.DYN.IMRT.IN,Mortalidade infantil (por mil nasc.),ARG,Argentina,2013,10.9
SP.DYN.IMRT.IN,Mortalidade infantil (por mil nasc.),ARG,Argentina,2012,11.4
SP.DYN.IMRT.IN,Mortalidade infantil (por mil nasc.),ARG,Argentina,2011,11.9
SP.DYN.IMRT.IN,Mortalidade infantil (por mil nasc.),ARG,Argentina,2010,12.4
SP.DYN.IMRT.IN,Mortalidade infantil (por mil nasc.),ARG,Argentina,2009,12.8
SP.DYN.IMRT.IN,Mortalidade infantil (por mil nasc.),ARG,Argentina,2008,13.2
SP.DYN.IMRT.IN,Mortalidade infantil (por mil nasc.),ARG,Argentina,2007,13.6
SP.DYN.IMRT.IN,Mortalidade infantil (por mil nasc.),ARG,Argentina,2006,14.0
SP.DYN.IMRT.IN,Mortalidade infantil (por mil nasc.),ARG,Argentina,2005,14.4
SP.DYN.IMRT.IN,Mortalidade infantil (por mil nasc.),ARG,Argentina,2004,14.9
SP.DYN.IMRT.IN,Mortalidade infantil (por mil nasc.),ARG,Argentina,2003,15.3
SP.DYN.IMRT.IN,Mortalidade infantil (por mil nasc.),ARG,Argentina,2002,15.8
SP.DYN.IMRT.IN,Mortalidade infantil (por mil nasc.),ARG,Argentina,2001,16.2
SP.DYN.IMRT.IN,Mortalidade infantil (por mil nasc.),ARG,Argentina,2000,16.7
SP.DYN.IMRT.IN,Mortalidade infantil (por mil nasc.),ARG,Argentina,1999,17.3
SP.DYN.IMRT.IN,Mortalidade infantil (por mil nasc.),ARG,Argentina,1998,18.0
SP.DYN.IMRT.IN,Mortalidade infantil (por mil nasc.),ARG,Argentina,1997,18.9
SP.DYN.IMRT.IN,Mortalidade infantil (por mil nasc.),ARG,Argentina,1996,19.9
SP.DYN.IMRT.IN,Mortalidade infantil (por mil nasc.),ARG,Argentina,1995,20.9
SP.DYN.IMRT.IN,Mortalidade infantil (por mil nasc.),BRA,Brasil,2024,12.3
SP.DYN.IMRT.IN,Mortalidade infantil (por mil nasc.),BRA,Brasil,2023,12.4
SP.DYN.IMRT.IN,Mortalidade infantil (por mil nasc.),BRA,Brasil,2022,12.6
SP.DYN.IMRT.IN,Mortalidade infantil (por mil nasc.),BRA,Brasil,2021,12.7
SP.DYN.IMRT.IN,Mortalidade infantil (por mil nasc.),BRA,Brasil,2020,12.8
SP.DYN.IMRT.IN,Mortalidade infantil (por mil nasc.),BRA,Brasil,2019,12.9
SP.DYN.IMRT.IN,Mortalidade infantil (por mil nasc.),BRA,Brasil,2018,13.1
SP.DYN.IMRT.IN,Mortalidade infantil (por mil nasc.),BRA,Brasil,2017,13.3
SP.DYN.IMRT.IN,Mortalidade infantil (por mil nasc.),BRA,Brasil,2016,14.6
SP.DYN.IMRT.IN,Mortalidade infantil (por mil nasc.),BRA,Brasil,2015,13.7
SP.DYN.IMRT.IN,Mortalidade infantil (por mil nasc.),BRA,Brasil,2014,14.0
SP.DYN.IMRT.IN,Mortalidade infantil (por mil nasc.),BRA,Brasil,2013,14.4
SP.DYN.IMRT.IN,Mortalidade infantil (por mil nasc.),BRA,Brasil,2012,14.8
SP.DYN.IMRT.IN,Mortalidade infantil (por mil nasc.),BRA,Brasil,2011,15.3
SP.DYN.IMRT.IN,Mortalidade infantil (por mil nasc.),BRA,Brasil,2010,16.0
SP.DYN.IMRT.IN,Mortalidade infantil (por mil nasc.),BRA,Brasil,2009,16.7
SP.DYN.IMRT.IN,Mortalidade infantil (por mil nasc.),BRA,Brasil,2008,17.6
SP.DYN.IMRT.IN,Mortalidade infantil (por mil nasc.),BRA,Brasil,2007,18.6
SP.DYN.IMRT.IN,Mortalidade infantil (por mil nasc.),BRA,Brasil,2006,19.7
SP.DYN.IMRT.IN,Mortalidade infantil (por mil nasc.),BRA,Brasil,2005,21.0
SP.DYN.IMRT.IN,Mortalidade infantil (por mil nasc.),BRA,Brasil,2004,22.4
SP.DYN.IMRT.IN,Mortalidade infantil (por mil nasc.),BRA,Brasil,2003,24.0
SP.DYN.IMRT.IN,Mortalidade infantil (por mil nasc.),BRA,Brasil,2002,25.6
SP.DYN.IMRT.IN,Mortalidade infantil (por mil nasc.),BRA,Brasil,2001,27.3
SP.DYN.IMRT.IN,Mortalidade infantil (por mil nasc.),BRA,Brasil,2000,29.1
SP.DYN.IMRT.IN,Mortalidade infantil (por mil nasc.),BRA,Brasil,1999,31.1
SP.DYN.IMRT.IN,Mortalidade infantil (por mil nasc.),BRA,Brasil,1998,33.1
SP.DYN.IMRT.IN,Mortalidade infantil (por mil nasc.),BRA,Brasil,1997,35.2
SP.DYN.IMRT.IN,Mortalidade infantil (por mil nasc.),BRA,Brasil,1996,37.5
SP.DYN.IMRT.IN,Mortalidade infantil (por mil nasc.),BRA,Brasil,1995,39.9
SP.DYN.IMRT.IN,Mortalidade infantil (por mil nasc.),CHL,Chile,2024,5.8
SP.DYN.IMRT.IN,Mortalidade infantil (por mil nasc.),CHL,Chile,2023,5.9
SP.DYN.IMRT.IN,Mortalidade infantil (por mil nasc.),CHL,Chile,2022,5.9
SP.DYN.IMRT.IN,Mortalidade infantil (por mil nasc.),CHL,Chile,2021,5.8
SP.DYN.IMRT.IN,Mortalidade infantil (por mil nasc.),CHL,Chile,2020,5.8
SP.DYN.IMRT.IN,Mortalidade infantil (por mil nasc.),CHL,Chile,2019,6.0
SP.DYN.IMRT.IN,Mortalidade infantil (por mil nasc.),CHL,Chile,2018,6.3
SP.DYN.IMRT.IN,Mortalidade infantil (por mil nasc.),CHL,Chile,2017,6.5
SP.DYN.IMRT.IN,Mortalidade infantil (por mil nasc.),CHL,Chile,2016,6.7
SP.DYN.IMRT.IN,Mortalidade infantil (por mil nasc.),CHL,Chile,2015,6.8
SP.DYN.IMRT.IN,Mortalidade infantil (por mil nasc.),CHL,Chile,2014,6.9
SP.DYN.IMRT.IN,Mortalidade infantil (por mil nasc.),CHL,Chile,2013,7.1
SP.DYN.IMRT.IN,Mortalidade infantil (por mil nasc.),CHL,Chile,2012,7.3
SP.DYN.IMRT.IN,Mortalidade infantil (por mil nasc.),CHL,Chile,2011,7.4
SP.DYN.IMRT.IN,Mortalidade infantil (por mil nasc.),CHL,Chile,2010,7.5
SP.DYN.IMRT.IN,Mortalidade infantil (por mil nasc.),CHL,Chile,2009,7.5
SP.DYN.IMRT.IN,Mortalidade infantil (por mil nasc.),CHL,Chile,2008,7.6
SP.DYN.IMRT.IN,Mortalidade infantil (por mil nasc.),CHL,Chile,2007,7.6
SP.DYN.IMRT.IN,Mortalidade infantil (por mil nasc.),CHL,Chile,2006,7.7
SP.DYN.IMRT.IN,Mortalidade infantil (por mil nasc.),CHL,Chile,2005,7.7
SP.DYN.IMRT.IN,Mortalidade infantil (por mil nasc.),CHL,Chile,2004,7.8
SP.DYN.IMRT.IN,Mortalidade infantil (por mil nasc.),CHL,Chile,2003,8.0
SP.DYN.IMRT.IN,Mortalidade infantil (por mil nasc.),CHL,Chile,2002,8.3
SP.DYN.IMRT.IN,Mortalidade infantil (por mil nasc.),CHL,Chile,2001,8.7
SP.DYN.IMRT.IN,Mortalidade infantil (por mil nasc.),CHL,Chile,2000,9.2
SP.DYN.IMRT.IN,Mortalidade infantil (por mil nasc.),CHL,Chile,1999,9.6
SP.DYN.IMRT.IN,Mortalidade infantil (por mil nasc.),CHL,Chile,1998,10.0
SP.DYN.IMRT.IN,Mortalidade infantil (por mil nasc.),CHL,Chile,1997,10.3
SP.DYN.IMRT.IN,Mortalidade infantil (por mil nasc.),CHL,Chile,1996,10.5
SP.DYN.IMRT.IN,Mortalidade infantil (por mil nasc.),CHL,Chile,1995,10.9
SP.DYN.IMRT.IN,Mortalidade infantil (por mil nasc.),CHN,China,2024,4.1
SP.DYN.IMRT.IN,Mortalidade infantil (por mil nasc.),CHN,China,2023,4.4
SP.DYN.IMRT.IN,Mortalidade infantil (por mil nasc.),CHN,China,2022,4.8
SP.DYN.IMRT.IN,Mortalidade infantil (por mil nasc.),CHN,China,2021,5.1
SP.DYN.IMRT.IN,Mortalidade infantil (por mil nasc.),CHN,China,2020,5.5
SP.DYN.IMRT.IN,Mortalidade infantil (por mil nasc.),CHN,China,2019,6.0
SP.DYN.IMRT.IN,Mortalidade infantil (por mil nasc.),CHN,China,2018,6.4
SP.DYN.IMRT.IN,Mortalidade infantil (por mil nasc.),CHN,China,2017,7.0
SP.DYN.IMRT.IN,Mortalidade infantil (por mil nasc.),CHN,China,2016,7.6
SP.DYN.IMRT.IN,Mortalidade infantil (por mil nasc.),CHN,China,2015,8.2
SP.DYN.IMRT.IN,Mortalidade infantil (por mil nasc.),CHN,China,2014,8.9
SP.DYN.IMRT.IN,Mortalidade infantil (por mil nasc.),CHN,China,2013,9.7
SP.DYN.IMRT.IN,Mortalidade infantil (por mil nasc.),CHN,China,2012,10.5
SP.DYN.IMRT.IN,Mortalidade infantil (por mil nasc.),CHN,China,2011,11.4
SP.DYN.IMRT.IN,Mortalidade infantil (por mil nasc.),CHN,China,2010,12.4
SP.DYN.IMRT.IN,Mortalidade infantil (por mil nasc.),CHN,China,2009,13.5
SP.DYN.IMRT.IN,Mortalidade infantil (por mil nasc.),CHN,China,2008,14.8
SP.DYN.IMRT.IN,Mortalidade infantil (por mil nasc.),CHN,China,2007,16.1
SP.DYN.IMRT.IN,Mortalidade infantil (por mil nasc.),CHN,China,2006,17.7
SP.DYN.IMRT.IN,Mortalidade infantil (por mil nasc.),CHN,China,2005,19.4
SP.DYN.IMRT.IN,Mortalidade infantil (por mil nasc.),CHN,China,2004,21.3
SP.DYN.IMRT.IN,Mortalidade infantil (por mil nasc.),CHN,China,2003,23.4
SP.DYN.IMRT.IN,Mortalidade infantil (por mil nasc.),CHN,China,2002,25.6
SP.DYN.IMRT.IN,Mortalidade infantil (por mil nasc.),CHN,China,2001,27.8
SP.DYN.IMRT.IN,Mortalidade infantil (por mil nasc.),CHN,China,2000,29.9
SP.DYN.IMRT.IN,Mortalidade infantil (por mil nasc.),CHN,China,1999,31.9
SP.DYN.IMRT.IN,Mortalidade infantil (por mil nasc.),CHN,China,1998,33.8
SP.DYN.IMRT.IN,Mortalidade infantil (por mil nasc.),CHN,China,1997,35.5
SP.DYN.IMRT.IN,Mortalidade infantil (por mil nasc.),CHN,China,1996,37.2
SP.DYN.IMRT.IN,Mortalidade infantil (por mil nasc.),CHN,China,1995,38.7
SP.DYN.IMRT.IN,Mortalidade infantil (por mil nasc.),COL,Colombia,2024,10.5
SP.DYN.IMRT.IN,Mortalidade infantil (por mil nasc.),COL,Colombia,2023,10.8
SP.DYN.IMRT.IN,Mortalidade infantil (por mil nasc.),COL,Colombia,2022,11.2
SP.DYN.IMRT.IN,Mortalidade infantil (por mil nasc.),COL,Colombia,2021,11.5
SP.DYN.IMRT.IN,Mortalidade infantil (por mil nasc.),COL,Colombia,2020,11.9
SP.DYN.IMRT.IN,Mortalidade infantil (por mil nasc.),COL,Colombia,2019,12.3
SP.DYN.IMRT.IN,Mortalidade infantil (por mil nasc.),COL,Colombia,2018,12.7
SP.DYN.IMRT.IN,Mortalidade infantil (por mil nasc.),COL,Colombia,2017,13.1
SP.DYN.IMRT.IN,Mortalidade infantil (por mil nasc.),COL,Colombia,2016,13.5
SP.DYN.IMRT.IN,Mortalidade infantil (por mil nasc.),COL,Colombia,2015,13.9
SP.DYN.IMRT.IN,Mortalidade infantil (por mil nasc.),COL,Colombia,2014,14.3
SP.DYN.IMRT.IN,Mortalidade infantil (por mil nasc.),COL,Colombia,2013,14.8
SP.DYN.IMRT.IN,Mortalidade infantil (por mil nasc.),COL,Colombia,2012,15.2
SP.DYN.IMRT.IN,Mortalidade infantil (por mil nasc.),COL,Colombia,2011,15.7
SP.DYN.IMRT.IN,Mortalidade infantil (por mil nasc.),COL,Colombia,2010,16.2
SP.DYN.IMRT.IN,Mortalidade infantil (por mil nasc.),COL,Colombia,2009,16.7
SP.DYN.IMRT.IN,Mortalidade infantil (por mil nasc.),COL,Colombia,2008,17.2
SP.DYN.IMRT.IN,Mortalidade infantil (por mil nasc.),COL,Colombia,2007,17.7
SP.DYN.IMRT.IN,Mortalidade infantil (por mil nasc.),COL,Colombia,2006,18.2
SP.DYN.IMRT.IN,Mortalidade infantil (por mil nasc.),COL,Colombia,2005,18.7
SP.DYN.IMRT.IN,Mortalidade infantil (por mil nasc.),COL,Colombia,2004,19.3
SP.DYN.IMRT.IN,Mortalidade infantil (por mil nasc.),COL,Colombia,2003,19.8
SP.DYN.IMRT.IN,Mortalidade infantil (por mil nasc.),COL,Colombia,2002,20.4
SP.DYN.IMRT.IN,Mortalidade infantil (por mil nasc.),COL,Colombia,2001,21.0
SP.DYN.IMRT.IN,Mortalidade infantil (por mil nasc.),COL,Colombia,2000,21.6
SP.DYN.IMRT.IN,Mortalidade infantil (por mil nasc.),COL,Colombia,1999,22.2
SP.DYN.IMRT.IN,Mortalidade infantil (por mil nasc.),COL,Colombia,1998,23.0
SP.DYN.IMRT.IN,Mortalidade infantil (por mil nasc.),COL,Colombia,1997,23.7
SP.DYN.IMRT.IN,Mortalidade infantil (por mil nasc.),COL,Colombia,1996,24.5
SP.DYN.IMRT.IN,Mortalidade infantil (por mil nasc.),COL,Colombia,1995,25.3
SP.DYN.IMRT.IN,Mortalidade infantil (por mil nasc.),ECU,Equador,2024,10.9
SP.DYN.IMRT.IN,Mortalidade infantil (por mil nasc.),ECU,Equador,2023,11.1
SP.DYN.IMRT.IN,Mortalidade infantil (por mil nasc.),ECU,Equador,2022,11.2
SP.DYN.IMRT.IN,Mortalidade infantil (por mil nasc.),ECU,Equador,2021,11.3
SP.DYN.IMRT.IN,Mortalidade infantil (por mil nasc.),ECU,Equador,2020,11.5
SP.DYN.IMRT.IN,Mortalidade infantil (por mil nasc.),ECU,Equador,2019,11.7
SP.DYN.IMRT.IN,Mortalidade infantil (por mil nasc.),ECU,Equador,2018,11.9
SP.DYN.IMRT.IN,Mortalidade infantil (por mil nasc.),ECU,Equador,2017,12.2
SP.DYN.IMRT.IN,Mortalidade infantil (por mil nasc.),ECU,Equador,2016,12.5
SP.DYN.IMRT.IN,Mortalidade infantil (por mil nasc.),ECU,Equador,2015,12.9
SP.DYN.IMRT.IN,Mortalidade infantil (por mil nasc.),ECU,Equador,2014,13.4
SP.DYN.IMRT.IN,Mortalidade infantil (por mil nasc.),ECU,Equador,2013,14.0
SP.DYN.IMRT.IN,Mortalidade infantil (por mil nasc.),ECU,Equador,2012,14.6
SP.DYN.IMRT.IN,Mortalidade infantil (por mil nasc.),ECU,Equador,2011,15.3
SP.DYN.IMRT.IN,Mortalidade infantil (por mil nasc.),ECU,Equador,2010,16.0
SP.DYN.IMRT.IN,Mortalidade infantil (por mil nasc.),ECU,Equador,2009,16.7
SP.DYN.IMRT.IN,Mortalidade infantil (por mil nasc.),ECU,Equador,2008,17.4
SP.DYN.IMRT.IN,Mortalidade infantil (por mil nasc.),ECU,Equador,2007,18.1
SP.DYN.IMRT.IN,Mortalidade infantil (por mil nasc.),ECU,Equador,2006,18.8
SP.DYN.IMRT.IN,Mortalidade infantil (por mil nasc.),ECU,Equador,2005,19.5
SP.DYN.IMRT.IN,Mortalidade infantil (por mil nasc.),ECU,Equador,2004,20.2
SP.DYN.IMRT.IN,Mortalidade infantil (por mil nasc.),ECU,Equador,2003,21.0
SP.DYN.IMRT.IN,Mortalidade infantil (por mil nasc.),ECU,Equador,2002,21.9
SP.DYN.IMRT.IN,Mortalidade infantil (por mil nasc.),ECU,Equador,2001,22.9
SP.DYN.IMRT.IN,Mortalidade infantil (por mil nasc.),ECU,Equador,2000,24.1
SP.DYN.IMRT.IN,Mortalidade infantil (por mil nasc.),ECU,Equador,1999,25.5
SP.DYN.IMRT.IN,Mortalidade infantil (por mil nasc.),ECU,Equador,1998,27.1
SP.DYN.IMRT.IN,Mortalidade infantil (por mil nasc.),ECU,Equador,1997,28.8
SP.DYN.IMRT.IN,Mortalidade infantil (por mil nasc.),ECU,Equador,1996,30.7
SP.DYN.IMRT.IN,Mortalidade infantil (por mil nasc.),ECU,Equador,1995,32.7
SP.DYN.IMRT.IN,Mortalidade infantil (por mil nasc.),IDN,Indonesia,2024,15.2
SP.DYN.IMRT.IN,Mortalidade infantil (por mil nasc.),IDN,Indonesia,2023,15.7
SP.DYN.IMRT.IN,Mortalidade infantil (por mil nasc.),IDN,Indonesia,2022,16.3
SP.DYN.IMRT.IN,Mortalidade infantil (por mil nasc.),IDN,Indonesia,2021,17.0
SP.DYN.IMRT.IN,Mortalidade infantil (por mil nasc.),IDN,Indonesia,2020,17.7
SP.DYN.IMRT.IN,Mortalidade infantil (por mil nasc.),IDN,Indonesia,2019,18.5
SP.DYN.IMRT.IN,Mortalidade infantil (por mil nasc.),IDN,Indonesia,2018,19.3
SP.DYN.IMRT.IN,Mortalidade infantil (por mil nasc.),IDN,Indonesia,2017,20.1
SP.DYN.IMRT.IN,Mortalidade infantil (por mil nasc.),IDN,Indonesia,2016,21.0
SP.DYN.IMRT.IN,Mortalidade infantil (por mil nasc.),IDN,Indonesia,2015,21.9
SP.DYN.IMRT.IN,Mortalidade infantil (por mil nasc.),IDN,Indonesia,2014,22.9
SP.DYN.IMRT.IN,Mortalidade infantil (por mil nasc.),IDN,Indonesia,2013,23.9
SP.DYN.IMRT.IN,Mortalidade infantil (por mil nasc.),IDN,Indonesia,2012,24.9
SP.DYN.IMRT.IN,Mortalidade infantil (por mil nasc.),IDN,Indonesia,2011,25.9
SP.DYN.IMRT.IN,Mortalidade infantil (por mil nasc.),IDN,Indonesia,2010,27.0
SP.DYN.IMRT.IN,Mortalidade infantil (por mil nasc.),IDN,Indonesia,2009,28.2
SP.DYN.IMRT.IN,Mortalidade infantil (por mil nasc.),IDN,Indonesia,2008,29.4
SP.DYN.IMRT.IN,Mortalidade infantil (por mil nasc.),IDN,Indonesia,2007,30.6
SP.DYN.IMRT.IN,Mortalidade infantil (por mil nasc.),IDN,Indonesia,2006,31.9
SP.DYN.IMRT.IN,Mortalidade infantil (por mil nasc.),IDN,Indonesia,2005,33.3
SP.DYN.IMRT.IN,Mortalidade infantil (por mil nasc.),IDN,Indonesia,2004,36.9
SP.DYN.IMRT.IN,Mortalidade infantil (por mil nasc.),IDN,Indonesia,2003,36.3
SP.DYN.IMRT.IN,Mortalidade infantil (por mil nasc.),IDN,Indonesia,2002,37.9
SP.DYN.IMRT.IN,Mortalidade infantil (por mil nasc.),IDN,Indonesia,2001,39.6
SP.DYN.IMRT.IN,Mortalidade infantil (por mil nasc.),IDN,Indonesia,2000,41.4
SP.DYN.IMRT.IN,Mortalidade infantil (por mil nasc.),IDN,Indonesia,1999,43.4
SP.DYN.IMRT.IN,Mortalidade infantil (por mil nasc.),IDN,Indonesia,1998,45.4
SP.DYN.IMRT.IN,Mortalidade infantil (por mil nasc.),IDN,Indonesia,1997,47.5
SP.DYN.IMRT.IN,Mortalidade infantil (por mil nasc.),IDN,Indonesia,1996,49.7
SP.DYN.IMRT.IN,Mortalidade infantil (por mil nasc.),IDN,Indonesia,1995,52.0
SP.DYN.IMRT.IN,Mortalidade infantil (por mil nasc.),IND,India,2024,23.3
SP.DYN.IMRT.IN,Mortalidade infantil (por mil nasc.),IND,India,2023,24.5
SP.DYN.IMRT.IN,Mortalidade infantil (por mil nasc.),IND,India,2022,25.7
SP.DYN.IMRT.IN,Mortalidade infantil (por mil nasc.),IND,India,2021,27.0
SP.DYN.IMRT.IN,Mortalidade infantil (por mil nasc.),IND,India,2020,28.3
SP.DYN.IMRT.IN,Mortalidade infantil (por mil nasc.),IND,India,2019,29.8
SP.DYN.IMRT.IN,Mortalidade infantil (por mil nasc.),IND,India,2018,31.3
SP.DYN.IMRT.IN,Mortalidade infantil (por mil nasc.),IND,India,2017,32.9
SP.DYN.IMRT.IN,Mortalidade infantil (por mil nasc.),IND,India,2016,34.6
SP.DYN.IMRT.IN,Mortalidade infantil (por mil nasc.),IND,India,2015,36.3
SP.DYN.IMRT.IN,Mortalidade infantil (por mil nasc.),IND,India,2014,38.2
SP.DYN.IMRT.IN,Mortalidade infantil (por mil nasc.),IND,India,2013,40.1
SP.DYN.IMRT.IN,Mortalidade infantil (por mil nasc.),IND,India,2012,42.2
SP.DYN.IMRT.IN,Mortalidade infantil (por mil nasc.),IND,India,2011,44.2
SP.DYN.IMRT.IN,Mortalidade infantil (por mil nasc.),IND,India,2010,46.3
SP.DYN.IMRT.IN,Mortalidade infantil (por mil nasc.),IND,India,2009,48.4
SP.DYN.IMRT.IN,Mortalidade infantil (por mil nasc.),IND,India,2008,50.5
SP.DYN.IMRT.IN,Mortalidade infantil (por mil nasc.),IND,India,2007,52.5
SP.DYN.IMRT.IN,Mortalidade infantil (por mil nasc.),IND,India,2006,54.5
SP.DYN.IMRT.IN,Mortalidade infantil (por mil nasc.),IND,India,2005,56.5
SP.DYN.IMRT.IN,Mortalidade infantil (por mil nasc.),IND,India,2004,58.5
SP.DYN.IMRT.IN,Mortalidade infantil (por mil nasc.),IND,India,2003,60.4
SP.DYN.IMRT.IN,Mortalidade infantil (por mil nasc.),IND,India,2002,62.4
SP.DYN.IMRT.IN,Mortalidade infantil (por mil nasc.),IND,India,2001,64.3
SP.DYN.IMRT.IN,Mortalidade infantil (por mil nasc.),IND,India,2000,66.3
SP.DYN.IMRT.IN,Mortalidade infantil (por mil nasc.),IND,India,1999,68.3
SP.DYN.IMRT.IN,Mortalidade infantil (por mil nasc.),IND,India,1998,70.2
SP.DYN.IMRT.IN,Mortalidade infantil (por mil nasc.),IND,India,1997,72.1
SP.DYN.IMRT.IN,Mortalidade infantil (por mil nasc.),IND,India,1996,73.9
SP.DYN.IMRT.IN,Mortalidade infantil (por mil nasc.),IND,India,1995,75.6
SP.DYN.IMRT.IN,Mortalidade infantil (por mil nasc.),MEX,Mexico,2024,12.1
SP.DYN.IMRT.IN,Mortalidade infantil (por mil nasc.),MEX,Mexico,2023,12.4
SP.DYN.IMRT.IN,Mortalidade infantil (por mil nasc.),MEX,Mexico,2022,12.8
SP.DYN.IMRT.IN,Mortalidade infantil (por mil nasc.),MEX,Mexico,2021,13.1
SP.DYN.IMRT.IN,Mortalidade infantil (por mil nasc.),MEX,Mexico,2020,13.4
SP.DYN.IMRT.IN,Mortalidade infantil (por mil nasc.),MEX,Mexico,2019,13.7
SP.DYN.IMRT.IN,Mortalidade infantil (por mil nasc.),MEX,Mexico,2018,14.0
SP.DYN.IMRT.IN,Mortalidade infantil (por mil nasc.),MEX,Mexico,2017,14.4
SP.DYN.IMRT.IN,Mortalidade infantil (por mil nasc.),MEX,Mexico,2016,14.7
SP.DYN.IMRT.IN,Mortalidade infantil (por mil nasc.),MEX,Mexico,2015,15.0
SP.DYN.IMRT.IN,Mortalidade infantil (por mil nasc.),MEX,Mexico,2014,15.4
SP.DYN.IMRT.IN,Mortalidade infantil (por mil nasc.),MEX,Mexico,2013,15.8
SP.DYN.IMRT.IN,Mortalidade infantil (por mil nasc.),MEX,Mexico,2012,16.2
SP.DYN.IMRT.IN,Mortalidade infantil (por mil nasc.),MEX,Mexico,2011,16.6
SP.DYN.IMRT.IN,Mortalidade infantil (por mil nasc.),MEX,Mexico,2010,17.0
SP.DYN.IMRT.IN,Mortalidade infantil (por mil nasc.),MEX,Mexico,2009,17.4
SP.DYN.IMRT.IN,Mortalidade infantil (por mil nasc.),MEX,Mexico,2008,17.9
SP.DYN.IMRT.IN,Mortalidade infantil (por mil nasc.),MEX,Mexico,2007,18.4
SP.DYN.IMRT.IN,Mortalidade infantil (por mil nasc.),MEX,Mexico,2006,18.9
SP.DYN.IMRT.IN,Mortalidade infantil (por mil nasc.),MEX,Mexico,2005,19.5
SP.DYN.IMRT.IN,Mortalidade infantil (por mil nasc.),MEX,Mexico,2004,20.2
SP.DYN.IMRT.IN,Mortalidade infantil (por mil nasc.),MEX,Mexico,2003,21.0
SP.DYN.IMRT.IN,Mortalidade infantil (por mil nasc.),MEX,Mexico,2002,21.9
SP.DYN.IMRT.IN,Mortalidade infantil (por mil nasc.),MEX,Mexico,2001,22.9
SP.DYN.IMRT.IN,Mortalidade infantil (por mil nasc.),MEX,Mexico,2000,24.0
SP.DYN.IMRT.IN,Mortalidade infantil (por mil nasc.),MEX,Mexico,1999,25.1
SP.DYN.IMRT.IN,Mortalidade infantil (por mil nasc.),MEX,Mexico,1998,26.3
SP.DYN.IMRT.IN,Mortalidade infantil (por mil nasc.),MEX,Mexico,1997,27.5
SP.DYN.IMRT.IN,Mortalidade infantil (por mil nasc.),MEX,Mexico,1996,28.9
SP.DYN.IMRT.IN,Mortalidade infantil (por mil nasc.),MEX,Mexico,1995,30.3
SP.DYN.IMRT.IN,Mortalidade infantil (por mil nasc.),PER,Peru,2024,11.0
SP.DYN.IMRT.IN,Mortalidade infantil (por mil nasc.),PER,Peru,2023,11.3
SP.DYN.IMRT.IN,Mortalidade infantil (por mil nasc.),PER,Peru,2022,11.6
SP.DYN.IMRT.IN,Mortalidade infantil (por mil nasc.),PER,Peru,2021,11.9
SP.DYN.IMRT.IN,Mortalidade infantil (por mil nasc.),PER,Peru,2020,12.2
SP.DYN.IMRT.IN,Mortalidade infantil (por mil nasc.),PER,Peru,2019,12.5
SP.DYN.IMRT.IN,Mortalidade infantil (por mil nasc.),PER,Peru,2018,12.8
SP.DYN.IMRT.IN,Mortalidade infantil (por mil nasc.),PER,Peru,2017,13.1
SP.DYN.IMRT.IN,Mortalidade infantil (por mil nasc.),PER,Peru,2016,13.4
SP.DYN.IMRT.IN,Mortalidade infantil (por mil nasc.),PER,Peru,2015,13.8
SP.DYN.IMRT.IN,Mortalidade infantil (por mil nasc.),PER,Peru,2014,14.2
SP.DYN.IMRT.IN,Mortalidade infantil (por mil nasc.),PER,Peru,2013,14.7
SP.DYN.IMRT.IN,Mortalidade infantil (por mil nasc.),PER,Peru,2012,15.2
SP.DYN.IMRT.IN,Mortalidade infantil (por mil nasc.),PER,Peru,2011,15.8
SP.DYN.IMRT.IN,Mortalidade infantil (por mil nasc.),PER,Peru,2010,16.5
SP.DYN.IMRT.IN,Mortalidade infantil (por mil nasc.),PER,Peru,2009,17.3
SP.DYN.IMRT.IN,Mortalidade infantil (por mil nasc.),PER,Peru,2008,18.1
SP.DYN.IMRT.IN,Mortalidade infantil (por mil nasc.),PER,Peru,2007,19.1
SP.DYN.IMRT.IN,Mortalidade infantil (por mil nasc.),PER,Peru,2006,20.1
SP.DYN.IMRT.IN,Mortalidade infantil (por mil nasc.),PER,Peru,2005,21.3
SP.DYN.IMRT.IN,Mortalidade infantil (por mil nasc.),PER,Peru,2004,22.7
SP.DYN.IMRT.IN,Mortalidade infantil (por mil nasc.),PER,Peru,2003,24.2
SP.DYN.IMRT.IN,Mortalidade infantil (por mil nasc.),PER,Peru,2002,25.9
SP.DYN.IMRT.IN,Mortalidade infantil (por mil nasc.),PER,Peru,2001,27.8
SP.DYN.IMRT.IN,Mortalidade infantil (por mil nasc.),PER,Peru,2000,30.1
SP.DYN.IMRT.IN,Mortalidade infantil (por mil nasc.),PER,Peru,1999,32.5
SP.DYN.IMRT.IN,Mortalidade infantil (por mil nasc.),PER,Peru,1998,35.2
SP.DYN.IMRT.IN,Mortalidade infantil (por mil nasc.),PER,Peru,1997,38.1
SP.DYN.IMRT.IN,Mortalidade infantil (por mil nasc.),PER,Peru,1996,41.2
SP.DYN.IMRT.IN,Mortalidade infantil (por mil nasc.),PER,Peru,1995,44.4
SP.DYN.IMRT.IN,Mortalidade infantil (por mil nasc.),TUR,Turquia,2024,8.0
SP.DYN.IMRT.IN,Mortalidade infantil (por mil nasc.),TUR,Turquia,2023,9.8
SP.DYN.IMRT.IN,Mortalidade infantil (por mil nasc.),TUR,Turquia,2022,8.5
SP.DYN.IMRT.IN,Mortalidade infantil (por mil nasc.),TUR,Turquia,2021,8.8
SP.DYN.IMRT.IN,Mortalidade infantil (por mil nasc.),TUR,Turquia,2020,9.1
SP.DYN.IMRT.IN,Mortalidade infantil (por mil nasc.),TUR,Turquia,2019,9.4
SP.DYN.IMRT.IN,Mortalidade infantil (por mil nasc.),TUR,Turquia,2018,9.7
SP.DYN.IMRT.IN,Mortalidade infantil (por mil nasc.),TUR,Turquia,2017,10.1
SP.DYN.IMRT.IN,Mortalidade infantil (por mil nasc.),TUR,Turquia,2016,10.5
SP.DYN.IMRT.IN,Mortalidade infantil (por mil nasc.),TUR,Turquia,2015,11.0
SP.DYN.IMRT.IN,Mortalidade infantil (por mil nasc.),TUR,Turquia,2014,11.5
SP.DYN.IMRT.IN,Mortalidade infantil (por mil nasc.),TUR,Turquia,2013,12.1
SP.DYN.IMRT.IN,Mortalidade infantil (por mil nasc.),TUR,Turquia,2012,12.8
SP.DYN.IMRT.IN,Mortalidade infantil (por mil nasc.),TUR,Turquia,2011,13.6
SP.DYN.IMRT.IN,Mortalidade infantil (por mil nasc.),TUR,Turquia,2010,14.5
SP.DYN.IMRT.IN,Mortalidade infantil (por mil nasc.),TUR,Turquia,2009,15.5
SP.DYN.IMRT.IN,Mortalidade infantil (por mil nasc.),TUR,Turquia,2008,16.7
SP.DYN.IMRT.IN,Mortalidade infantil (por mil nasc.),TUR,Turquia,2007,17.9
SP.DYN.IMRT.IN,Mortalidade infantil (por mil nasc.),TUR,Turquia,2006,19.3
SP.DYN.IMRT.IN,Mortalidade infantil (por mil nasc.),TUR,Turquia,2005,20.9
SP.DYN.IMRT.IN,Mortalidade infantil (por mil nasc.),TUR,Turquia,2004,22.5
SP.DYN.IMRT.IN,Mortalidade infantil (por mil nasc.),TUR,Turquia,2003,24.4
SP.DYN.IMRT.IN,Mortalidade infantil (por mil nasc.),TUR,Turquia,2002,26.4
SP.DYN.IMRT.IN,Mortalidade infantil (por mil nasc.),TUR,Turquia,2001,28.5
SP.DYN.IMRT.IN,Mortalidade infantil (por mil nasc.),TUR,Turquia,2000,30.7
SP.DYN.IMRT.IN,Mortalidade infantil (por mil nasc.),TUR,Turquia,1999,33.1
SP.DYN.IMRT.IN,Mortalidade infantil (por mil nasc.),TUR,Turquia,1998,35.6
SP.DYN.IMRT.IN,Mortalidade infantil (por mil nasc.),TUR,Turquia,1997,38.3
SP.DYN.IMRT.IN,Mortalidade infantil (por mil nasc.),TUR,Turquia,1996,41.2
SP.DYN.IMRT.IN,Mortalidade infantil (por mil nasc.),TUR,Turquia,1995,44.1
SP.DYN.IMRT.IN,Mortalidade infantil (por mil nasc.),,Upper middle income,2024,10.9
SP.DYN.IMRT.IN,Mortalidade infantil (por mil nasc.),,Upper middle income,2023,11.3
SP.DYN.IMRT.IN,Mortalidade infantil (por mil nasc.),,Upper middle income,2022,11.4
SP.DYN.IMRT.IN,Mortalidade infantil (por mil nasc.),,Upper middle income,2021,11.6
SP.DYN.IMRT.IN,Mortalidade infantil (por mil nasc.),,Upper middle income,2020,11.7
SP.DYN.IMRT.IN,Mortalidade infantil (por mil nasc.),,Upper middle income,2019,11.7
SP.DYN.IMRT.IN,Mortalidade infantil (por mil nasc.),,Upper middle income,2018,12.0
SP.DYN.IMRT.IN,Mortalidade infantil (por mil nasc.),,Upper middle income,2017,12.1
SP.DYN.IMRT.IN,Mortalidade infantil (por mil nasc.),,Upper middle income,2016,12.8
SP.DYN.IMRT.IN,Mortalidade infantil (por mil nasc.),,Upper middle income,2015,13.4
SP.DYN.IMRT.IN,Mortalidade infantil (por mil nasc.),,Upper middle income,2014,13.9
SP.DYN.IMRT.IN,Mortalidade infantil (por mil nasc.),,Upper middle income,2013,14.7
SP.DYN.IMRT.IN,Mortalidade infantil (por mil nasc.),,Upper middle income,2012,15.3
SP.DYN.IMRT.IN,Mortalidade infantil (por mil nasc.),,Upper middle income,2011,16.3
SP.DYN.IMRT.IN,Mortalidade infantil (por mil nasc.),,Upper middle income,2010,17.1
SP.DYN.IMRT.IN,Mortalidade infantil (por mil nasc.),,Upper middle income,2009,18.0
SP.DYN.IMRT.IN,Mortalidade infantil (por mil nasc.),,Upper middle income,2008,19.1
SP.DYN.IMRT.IN,Mortalidade infantil (por mil nasc.),,Upper middle income,2007,20.3
SP.DYN.IMRT.IN,Mortalidade infantil (por mil nasc.),,Upper middle income,2006,21.6
SP.DYN.IMRT.IN,Mortalidade infantil (por mil nasc.),,Upper middle income,2005,22.9
SP.DYN.IMRT.IN,Mortalidade infantil (por mil nasc.),,Upper middle income,2004,24.6
SP.DYN.IMRT.IN,Mortalidade infantil (por mil nasc.),,Upper middle income,2003,25.8
SP.DYN.IMRT.IN,Mortalidade infantil (por mil nasc.),,Upper middle income,2002,27.3
SP.DYN.IMRT.IN,Mortalidade infantil (por mil nasc.),,Upper middle income,2001,29.0
SP.DYN.IMRT.IN,Mortalidade infantil (por mil nasc.),,Upper middle income,2000,30.6
SP.DYN.IMRT.IN,Mortalidade infantil (por mil nasc.),,Upper middle income,1999,32.3
SP.DYN.IMRT.IN,Mortalidade infantil (por mil nasc.),,Upper middle income,1998,34.0
SP.DYN.IMRT.IN,Mortalidade infantil (por mil nasc.),,Upper middle income,1997,35.6
SP.DYN.IMRT.IN,Mortalidade infantil (por mil nasc.),,Upper middle income,1996,37.2
SP.DYN.IMRT.IN,Mortalidade infantil (por mil nasc.),,Upper middle income,1995,38.8
SP.DYN.IMRT.IN,Mortalidade infantil (por mil nasc.),ZAF,Africa do Sul,2024,24.2
SP.DYN.IMRT.IN,Mortalidade infantil (por mil nasc.),ZAF,Africa do Sul,2023,24.3
SP.DYN.IMRT.IN,Mortalidade infantil (por mil nasc.),ZAF,Africa do Sul,2022,24.3
SP.DYN.IMRT.IN,Mortalidade infantil (por mil nasc.),ZAF,Africa do Sul,2021,24.3
SP.DYN.IMRT.IN,Mortalidade infantil (por mil nasc.),ZAF,Africa do Sul,2020,24.5
SP.DYN.IMRT.IN,Mortalidade infantil (por mil nasc.),ZAF,Africa do Sul,2019,25.1
SP.DYN.IMRT.IN,Mortalidade infantil (por mil nasc.),ZAF,Africa do Sul,2018,25.8
SP.DYN.IMRT.IN,Mortalidade infantil (por mil nasc.),ZAF,Africa do Sul,2017,26.8
SP.DYN.IMRT.IN,Mortalidade infantil (por mil nasc.),ZAF,Africa do Sul,2016,28.0
SP.DYN.IMRT.IN,Mortalidade infantil (por mil nasc.),ZAF,Africa do Sul,2015,29.3
SP.DYN.IMRT.IN,Mortalidade infantil (por mil nasc.),ZAF,Africa do Sul,2014,30.7
SP.DYN.IMRT.IN,Mortalidade infantil (por mil nasc.),ZAF,Africa do Sul,2013,32.1
SP.DYN.IMRT.IN,Mortalidade infantil (por mil nasc.),ZAF,Africa do Sul,2012,33.3
SP.DYN.IMRT.IN,Mortalidade infantil (por mil nasc.),ZAF,Africa do Sul,2011,34.5
SP.DYN.IMRT.IN,Mortalidade infantil (por mil nasc.),ZAF,Africa do Sul,2010,36.0
SP.DYN.IMRT.IN,Mortalidade infantil (por mil nasc.),ZAF,Africa do Sul,2009,38.2
SP.DYN.IMRT.IN,Mortalidade infantil (por mil nasc.),ZAF,Africa do Sul,2008,41.0
SP.DYN.IMRT.IN,Mortalidade infantil (por mil nasc.),ZAF,Africa do Sul,2007,44.0
SP.DYN.IMRT.IN,Mortalidade infantil (por mil nasc.),ZAF,Africa do Sul,2006,46.0
SP.DYN.IMRT.IN,Mortalidade infantil (por mil nasc.),ZAF,Africa do Sul,2005,47.7
SP.DYN.IMRT.IN,Mortalidade infantil (por mil nasc.),ZAF,Africa do Sul,2004,48.7
SP.DYN.IMRT.IN,Mortalidade infantil (por mil nasc.),ZAF,Africa do Sul,2003,48.3
SP.DYN.IMRT.IN,Mortalidade infantil (por mil nasc.),ZAF,Africa do Sul,2002,47.6
SP.DYN.IMRT.IN,Mortalidade infantil (por mil nasc.),ZAF,Africa do Sul,2001,47.2
SP.DYN.IMRT.IN,Mortalidade infantil (por mil nasc.),ZAF,Africa do Sul,2000,46.5
SP.DYN.IMRT.IN,Mortalidade infantil (por mil nasc.),ZAF,Africa do Sul,1999,46.0
SP.DYN.IMRT.IN,Mortalidade infantil (por mil nasc.),ZAF,Africa do Sul,1998,45.4
SP.DYN.IMRT.IN,Mortalidade infantil (por mil nasc.),ZAF,Africa do Sul,1997,45.3
SP.DYN.IMRT.IN,Mortalidade infantil (por mil nasc.),ZAF,Africa do Sul,1996,45.5
SP.DYN.IMRT.IN,Mortalidade infantil (por mil nasc.),ZAF,Africa do Sul,1995,46.0
SH.DYN.MORT,Mortalidade menores de 5 anos,ARG,Argentina,2024,9.5
SH.DYN.MORT,Mortalidade menores de 5 anos,ARG,Argentina,2023,9.7
SH.DYN.MORT,Mortalidade menores de 5 anos,ARG,Argentina,2022,9.9
SH.DYN.MORT,Mortalidade menores de 5 anos,ARG,Argentina,2021,10.1
SH.DYN.MORT,Mortalidade menores de 5 anos,ARG,Argentina,2020,10.3
SH.DYN.MORT,Mortalidade menores de 5 anos,ARG,Argentina,2019,10.5
SH.DYN.MORT,Mortalidade menores de 5 anos,ARG,Argentina,2018,10.7
SH.DYN.MORT,Mortalidade menores de 5 anos,ARG,Argentina,2017,11.0
SH.DYN.MORT,Mortalidade menores de 5 anos,ARG,Argentina,2016,11.4
SH.DYN.MORT,Mortalidade menores de 5 anos,ARG,Argentina,2015,11.7
SH.DYN.MORT,Mortalidade menores de 5 anos,ARG,Argentina,2014,12.2
SH.DYN.MORT,Mortalidade menores de 5 anos,ARG,Argentina,2013,12.7
SH.DYN.MORT,Mortalidade menores de 5 anos,ARG,Argentina,2012,13.3
SH.DYN.MORT,Mortalidade menores de 5 anos,ARG,Argentina,2011,13.9
SH.DYN.MORT,Mortalidade menores de 5 anos,ARG,Argentina,2010,14.4
SH.DYN.MORT,Mortalidade menores de 5 anos,ARG,Argentina,2009,15.0
SH.DYN.MORT,Mortalidade menores de 5 anos,ARG,Argentina,2008,15.4
SH.DYN.MORT,Mortalidade menores de 5 anos,ARG,Argentina,2007,15.8
SH.DYN.MORT,Mortalidade menores de 5 anos,ARG,Argentina,2006,16.2
SH.DYN.MORT,Mortalidade menores de 5 anos,ARG,Argentina,2005,16.7
SH.DYN.MORT,Mortalidade menores de 5 anos,ARG,Argentina,2004,17.3
SH.DYN.MORT,Mortalidade menores de 5 anos,ARG,Argentina,2003,17.8
SH.DYN.MORT,Mortalidade menores de 5 anos,ARG,Argentina,2002,18.3
SH.DYN.MORT,Mortalidade menores de 5 anos,ARG,Argentina,2001,18.8
SH.DYN.MORT,Mortalidade menores de 5 anos,ARG,Argentina,2000,19.4
SH.DYN.MORT,Mortalidade menores de 5 anos,ARG,Argentina,1999,20.0
SH.DYN.MORT,Mortalidade menores de 5 anos,ARG,Argentina,1998,20.9
SH.DYN.MORT,Mortalidade menores de 5 anos,ARG,Argentina,1997,21.9
SH.DYN.MORT,Mortalidade menores de 5 anos,ARG,Argentina,1996,23.0
SH.DYN.MORT,Mortalidade menores de 5 anos,ARG,Argentina,1995,24.2
SH.DYN.MORT,Mortalidade menores de 5 anos,BRA,Brasil,2024,14.2
SH.DYN.MORT,Mortalidade menores de 5 anos,BRA,Brasil,2023,14.4
SH.DYN.MORT,Mortalidade menores de 5 anos,BRA,Brasil,2022,14.6
SH.DYN.MORT,Mortalidade menores de 5 anos,BRA,Brasil,2021,14.7
SH.DYN.MORT,Mortalidade menores de 5 anos,BRA,Brasil,2020,14.9
SH.DYN.MORT,Mortalidade menores de 5 anos,BRA,Brasil,2019,15.0
SH.DYN.MORT,Mortalidade menores de 5 anos,BRA,Brasil,2018,15.2
SH.DYN.MORT,Mortalidade menores de 5 anos,BRA,Brasil,2017,15.4
SH.DYN.MORT,Mortalidade menores de 5 anos,BRA,Brasil,2016,16.8
SH.DYN.MORT,Mortalidade menores de 5 anos,BRA,Brasil,2015,16.0
SH.DYN.MORT,Mortalidade menores de 5 anos,BRA,Brasil,2014,16.3
SH.DYN.MORT,Mortalidade menores de 5 anos,BRA,Brasil,2013,16.7
SH.DYN.MORT,Mortalidade menores de 5 anos,BRA,Brasil,2012,17.2
SH.DYN.MORT,Mortalidade menores de 5 anos,BRA,Brasil,2011,17.9
SH.DYN.MORT,Mortalidade menores de 5 anos,BRA,Brasil,2010,18.6
SH.DYN.MORT,Mortalidade menores de 5 anos,BRA,Brasil,2009,19.5
SH.DYN.MORT,Mortalidade menores de 5 anos,BRA,Brasil,2008,20.5
SH.DYN.MORT,Mortalidade menores de 5 anos,BRA,Brasil,2007,21.7
SH.DYN.MORT,Mortalidade menores de 5 anos,BRA,Brasil,2006,23.1
SH.DYN.MORT,Mortalidade menores de 5 anos,BRA,Brasil,2005,24.6
SH.DYN.MORT,Mortalidade menores de 5 anos,BRA,Brasil,2004,26.3
SH.DYN.MORT,Mortalidade menores de 5 anos,BRA,Brasil,2003,28.2
SH.DYN.MORT,Mortalidade menores de 5 anos,BRA,Brasil,2002,30.1
SH.DYN.MORT,Mortalidade menores de 5 anos,BRA,Brasil,2001,32.2
SH.DYN.MORT,Mortalidade menores de 5 anos,BRA,Brasil,2000,34.4
SH.DYN.MORT,Mortalidade menores de 5 anos,BRA,Brasil,1999,36.8
SH.DYN.MORT,Mortalidade menores de 5 anos,BRA,Brasil,1998,39.3
SH.DYN.MORT,Mortalidade menores de 5 anos,BRA,Brasil,1997,41.9
SH.DYN.MORT,Mortalidade menores de 5 anos,BRA,Brasil,1996,44.7
SH.DYN.MORT,Mortalidade menores de 5 anos,BRA,Brasil,1995,47.7
SH.DYN.MORT,Mortalidade menores de 5 anos,CHL,Chile,2024,6.8
SH.DYN.MORT,Mortalidade menores de 5 anos,CHL,Chile,2023,6.9
SH.DYN.MORT,Mortalidade menores de 5 anos,CHL,Chile,2022,6.8
SH.DYN.MORT,Mortalidade menores de 5 anos,CHL,Chile,2021,6.7
SH.DYN.MORT,Mortalidade menores de 5 anos,CHL,Chile,2020,6.8
SH.DYN.MORT,Mortalidade menores de 5 anos,CHL,Chile,2019,7.0
SH.DYN.MORT,Mortalidade menores de 5 anos,CHL,Chile,2018,7.3
SH.DYN.MORT,Mortalidade menores de 5 anos,CHL,Chile,2017,7.6
SH.DYN.MORT,Mortalidade menores de 5 anos,CHL,Chile,2016,7.7
SH.DYN.MORT,Mortalidade menores de 5 anos,CHL,Chile,2015,7.9
SH.DYN.MORT,Mortalidade menores de 5 anos,CHL,Chile,2014,8.1
SH.DYN.MORT,Mortalidade menores de 5 anos,CHL,Chile,2013,8.3
SH.DYN.MORT,Mortalidade menores de 5 anos,CHL,Chile,2012,8.4
SH.DYN.MORT,Mortalidade menores de 5 anos,CHL,Chile,2011,8.6
SH.DYN.MORT,Mortalidade menores de 5 anos,CHL,Chile,2010,8.7
SH.DYN.MORT,Mortalidade menores de 5 anos,CHL,Chile,2009,8.8
SH.DYN.MORT,Mortalidade menores de 5 anos,CHL,Chile,2008,8.8
SH.DYN.MORT,Mortalidade menores de 5 anos,CHL,Chile,2007,8.9
SH.DYN.MORT,Mortalidade menores de 5 anos,CHL,Chile,2006,9.0
SH.DYN.MORT,Mortalidade menores de 5 anos,CHL,Chile,2005,9.1
SH.DYN.MORT,Mortalidade menores de 5 anos,CHL,Chile,2004,9.2
SH.DYN.MORT,Mortalidade menores de 5 anos,CHL,Chile,2003,9.4
SH.DYN.MORT,Mortalidade menores de 5 anos,CHL,Chile,2002,9.8
SH.DYN.MORT,Mortalidade menores de 5 anos,CHL,Chile,2001,10.3
SH.DYN.MORT,Mortalidade menores de 5 anos,CHL,Chile,2000,10.9
SH.DYN.MORT,Mortalidade menores de 5 anos,CHL,Chile,1999,11.4
SH.DYN.MORT,Mortalidade menores de 5 anos,CHL,Chile,1998,11.9
SH.DYN.MORT,Mortalidade menores de 5 anos,CHL,Chile,1997,12.2
SH.DYN.MORT,Mortalidade menores de 5 anos,CHL,Chile,1996,12.6
SH.DYN.MORT,Mortalidade menores de 5 anos,CHL,Chile,1995,13.1
SH.DYN.MORT,Mortalidade menores de 5 anos,CHN,China,2024,5.7
SH.DYN.MORT,Mortalidade menores de 5 anos,CHN,China,2023,6.1
SH.DYN.MORT,Mortalidade menores de 5 anos,CHN,China,2022,6.6
SH.DYN.MORT,Mortalidade menores de 5 anos,CHN,China,2021,7.0
SH.DYN.MORT,Mortalidade menores de 5 anos,CHN,China,2020,7.5
SH.DYN.MORT,Mortalidade menores de 5 anos,CHN,China,2019,8.0
SH.DYN.MORT,Mortalidade menores de 5 anos,CHN,China,2018,8.6
SH.DYN.MORT,Mortalidade menores de 5 anos,CHN,China,2017,9.3
SH.DYN.MORT,Mortalidade menores de 5 anos,CHN,China,2016,10.0
SH.DYN.MORT,Mortalidade menores de 5 anos,CHN,China,2015,10.7
SH.DYN.MORT,Mortalidade menores de 5 anos,CHN,China,2014,11.6
SH.DYN.MORT,Mortalidade menores de 5 anos,CHN,China,2013,12.5
SH.DYN.MORT,Mortalidade menores de 5 anos,CHN,China,2012,13.5
SH.DYN.MORT,Mortalidade menores de 5 anos,CHN,China,2011,14.6
SH.DYN.MORT,Mortalidade menores de 5 anos,CHN,China,2010,15.7
SH.DYN.MORT,Mortalidade menores de 5 anos,CHN,China,2009,17.1
SH.DYN.MORT,Mortalidade menores de 5 anos,CHN,China,2008,18.5
SH.DYN.MORT,Mortalidade menores de 5 anos,CHN,China,2007,20.1
SH.DYN.MORT,Mortalidade menores de 5 anos,CHN,China,2006,21.9
SH.DYN.MORT,Mortalidade menores de 5 anos,CHN,China,2005,24.0
SH.DYN.MORT,Mortalidade menores de 5 anos,CHN,China,2004,26.3
SH.DYN.MORT,Mortalidade menores de 5 anos,CHN,China,2003,28.8
SH.DYN.MORT,Mortalidade menores de 5 anos,CHN,China,2002,31.4
SH.DYN.MORT,Mortalidade menores de 5 anos,CHN,China,2001,34.1
SH.DYN.MORT,Mortalidade menores de 5 anos,CHN,China,2000,36.6
SH.DYN.MORT,Mortalidade menores de 5 anos,CHN,China,1999,39.1
SH.DYN.MORT,Mortalidade menores de 5 anos,CHN,China,1998,41.4
SH.DYN.MORT,Mortalidade menores de 5 anos,CHN,China,1997,43.5
SH.DYN.MORT,Mortalidade menores de 5 anos,CHN,China,1996,45.5
SH.DYN.MORT,Mortalidade menores de 5 anos,CHN,China,1995,47.4
SH.DYN.MORT,Mortalidade menores de 5 anos,COL,Colombia,2024,11.5
SH.DYN.MORT,Mortalidade menores de 5 anos,COL,Colombia,2023,11.9
SH.DYN.MORT,Mortalidade menores de 5 anos,COL,Colombia,2022,12.3
SH.DYN.MORT,Mortalidade menores de 5 anos,COL,Colombia,2021,12.7
SH.DYN.MORT,Mortalidade menores de 5 anos,COL,Colombia,2020,13.1
SH.DYN.MORT,Mortalidade menores de 5 anos,COL,Colombia,2019,13.5
SH.DYN.MORT,Mortalidade menores de 5 anos,COL,Colombia,2018,14.0
SH.DYN.MORT,Mortalidade menores de 5 anos,COL,Colombia,2017,14.5
SH.DYN.MORT,Mortalidade menores de 5 anos,COL,Colombia,2016,15.0
SH.DYN.MORT,Mortalidade menores de 5 anos,COL,Colombia,2015,15.5
SH.DYN.MORT,Mortalidade menores de 5 anos,COL,Colombia,2014,16.0
SH.DYN.MORT,Mortalidade menores de 5 anos,COL,Colombia,2013,16.5
SH.DYN.MORT,Mortalidade menores de 5 anos,COL,Colombia,2012,17.1
SH.DYN.MORT,Mortalidade menores de 5 anos,COL,Colombia,2011,17.6
SH.DYN.MORT,Mortalidade menores de 5 anos,COL,Colombia,2010,18.2
SH.DYN.MORT,Mortalidade menores de 5 anos,COL,Colombia,2009,18.8
SH.DYN.MORT,Mortalidade menores de 5 anos,COL,Colombia,2008,19.5
SH.DYN.MORT,Mortalidade menores de 5 anos,COL,Colombia,2007,20.1
SH.DYN.MORT,Mortalidade menores de 5 anos,COL,Colombia,2006,20.7
SH.DYN.MORT,Mortalidade menores de 5 anos,COL,Colombia,2005,21.4
SH.DYN.MORT,Mortalidade menores de 5 anos,COL,Colombia,2004,22.1
SH.DYN.MORT,Mortalidade menores de 5 anos,COL,Colombia,2003,22.7
SH.DYN.MORT,Mortalidade menores de 5 anos,COL,Colombia,2002,23.5
SH.DYN.MORT,Mortalidade menores de 5 anos,COL,Colombia,2001,24.2
SH.DYN.MORT,Mortalidade menores de 5 anos,COL,Colombia,2000,25.0
SH.DYN.MORT,Mortalidade menores de 5 anos,COL,Colombia,1999,25.9
SH.DYN.MORT,Mortalidade menores de 5 anos,COL,Colombia,1998,26.8
SH.DYN.MORT,Mortalidade menores de 5 anos,COL,Colombia,1997,27.8
SH.DYN.MORT,Mortalidade menores de 5 anos,COL,Colombia,1996,28.8
SH.DYN.MORT,Mortalidade menores de 5 anos,COL,Colombia,1995,29.9
SH.DYN.MORT,Mortalidade menores de 5 anos,ECU,Equador,2024,12.9
SH.DYN.MORT,Mortalidade menores de 5 anos,ECU,Equador,2023,13.0
SH.DYN.MORT,Mortalidade menores de 5 anos,ECU,Equador,2022,13.2
SH.DYN.MORT,Mortalidade menores de 5 anos,ECU,Equador,2021,13.4
SH.DYN.MORT,Mortalidade menores de 5 anos,ECU,Equador,2020,13.6
SH.DYN.MORT,Mortalidade menores de 5 anos,ECU,Equador,2019,13.8
SH.DYN.MORT,Mortalidade menores de 5 anos,ECU,Equador,2018,14.1
SH.DYN.MORT,Mortalidade menores de 5 anos,ECU,Equador,2017,14.4
SH.DYN.MORT,Mortalidade menores de 5 anos,ECU,Equador,2016,14.8
SH.DYN.MORT,Mortalidade menores de 5 anos,ECU,Equador,2015,15.3
SH.DYN.MORT,Mortalidade menores de 5 anos,ECU,Equador,2014,15.9
SH.DYN.MORT,Mortalidade menores de 5 anos,ECU,Equador,2013,16.6
SH.DYN.MORT,Mortalidade menores de 5 anos,ECU,Equador,2012,17.4
SH.DYN.MORT,Mortalidade menores de 5 anos,ECU,Equador,2011,18.2
SH.DYN.MORT,Mortalidade menores de 5 anos,ECU,Equador,2010,19.1
SH.DYN.MORT,Mortalidade menores de 5 anos,ECU,Equador,2009,20.0
SH.DYN.MORT,Mortalidade menores de 5 anos,ECU,Equador,2008,20.9
SH.DYN.MORT,Mortalidade menores de 5 anos,ECU,Equador,2007,21.8
SH.DYN.MORT,Mortalidade menores de 5 anos,ECU,Equador,2006,22.7
SH.DYN.MORT,Mortalidade menores de 5 anos,ECU,Equador,2005,23.6
SH.DYN.MORT,Mortalidade menores de 5 anos,ECU,Equador,2004,24.5
SH.DYN.MORT,Mortalidade menores de 5 anos,ECU,Equador,2003,25.5
SH.DYN.MORT,Mortalidade menores de 5 anos,ECU,Equador,2002,26.6
SH.DYN.MORT,Mortalidade menores de 5 anos,ECU,Equador,2001,28.0
SH.DYN.MORT,Mortalidade menores de 5 anos,ECU,Equador,2000,29.6
SH.DYN.MORT,Mortalidade menores de 5 anos,ECU,Equador,1999,31.3
SH.DYN.MORT,Mortalidade menores de 5 anos,ECU,Equador,1998,33.3
SH.DYN.MORT,Mortalidade menores de 5 anos,ECU,Equador,1997,35.6
SH.DYN.MORT,Mortalidade menores de 5 anos,ECU,Equador,1996,38.0
SH.DYN.MORT,Mortalidade menores de 5 anos,ECU,Equador,1995,40.5
SH.DYN.MORT,Mortalidade menores de 5 anos,IDN,Indonesia,2024,17.7
SH.DYN.MORT,Mortalidade menores de 5 anos,IDN,Indonesia,2023,18.4
SH.DYN.MORT,Mortalidade menores de 5 anos,IDN,Indonesia,2022,19.1
SH.DYN.MORT,Mortalidade menores de 5 anos,IDN,Indonesia,2021,19.9
SH.DYN.MORT,Mortalidade menores de 5 anos,IDN,Indonesia,2020,20.8
SH.DYN.MORT,Mortalidade menores de 5 anos,IDN,Indonesia,2019,21.8
SH.DYN.MORT,Mortalidade menores de 5 anos,IDN,Indonesia,2018,22.8
SH.DYN.MORT,Mortalidade menores de 5 anos,IDN,Indonesia,2017,23.8
SH.DYN.MORT,Mortalidade menores de 5 anos,IDN,Indonesia,2016,25.0
SH.DYN.MORT,Mortalidade menores de 5 anos,IDN,Indonesia,2015,26.1
SH.DYN.MORT,Mortalidade menores de 5 anos,IDN,Indonesia,2014,27.3
SH.DYN.MORT,Mortalidade menores de 5 anos,IDN,Indonesia,2013,28.6
SH.DYN.MORT,Mortalidade menores de 5 anos,IDN,Indonesia,2012,29.9
SH.DYN.MORT,Mortalidade menores de 5 anos,IDN,Indonesia,2011,31.2
SH.DYN.MORT,Mortalidade menores de 5 anos,IDN,Indonesia,2010,32.6
SH.DYN.MORT,Mortalidade menores de 5 anos,IDN,Indonesia,2009,34.1
SH.DYN.MORT,Mortalidade menores de 5 anos,IDN,Indonesia,2008,35.6
SH.DYN.MORT,Mortalidade menores de 5 anos,IDN,Indonesia,2007,37.2
SH.DYN.MORT,Mortalidade menores de 5 anos,IDN,Indonesia,2006,38.9
SH.DYN.MORT,Mortalidade menores de 5 anos,IDN,Indonesia,2005,40.7
SH.DYN.MORT,Mortalidade menores de 5 anos,IDN,Indonesia,2004,48.6
SH.DYN.MORT,Mortalidade menores de 5 anos,IDN,Indonesia,2003,44.6
SH.DYN.MORT,Mortalidade menores de 5 anos,IDN,Indonesia,2002,46.7
SH.DYN.MORT,Mortalidade menores de 5 anos,IDN,Indonesia,2001,49.0
SH.DYN.MORT,Mortalidade menores de 5 anos,IDN,Indonesia,2000,51.4
SH.DYN.MORT,Mortalidade menores de 5 anos,IDN,Indonesia,1999,53.9
SH.DYN.MORT,Mortalidade menores de 5 anos,IDN,Indonesia,1998,56.6
SH.DYN.MORT,Mortalidade menores de 5 anos,IDN,Indonesia,1997,59.4
SH.DYN.MORT,Mortalidade menores de 5 anos,IDN,Indonesia,1996,62.4
SH.DYN.MORT,Mortalidade menores de 5 anos,IDN,Indonesia,1995,65.5
SH.DYN.MORT,Mortalidade menores de 5 anos,IND,India,2024,26.6
SH.DYN.MORT,Mortalidade menores de 5 anos,IND,India,2023,28.0
SH.DYN.MORT,Mortalidade menores de 5 anos,IND,India,2022,29.5
SH.DYN.MORT,Mortalidade menores de 5 anos,IND,India,2021,31.2
SH.DYN.MORT,Mortalidade menores de 5 anos,IND,India,2020,33.0
SH.DYN.MORT,Mortalidade menores de 5 anos,IND,India,2019,34.9
SH.DYN.MORT,Mortalidade menores de 5 anos,IND,India,2018,36.9
SH.DYN.MORT,Mortalidade menores de 5 anos,IND,India,2017,39.0
SH.DYN.MORT,Mortalidade menores de 5 anos,IND,India,2016,41.3
SH.DYN.MORT,Mortalidade menores de 5 anos,IND,India,2015,43.7
SH.DYN.MORT,Mortalidade menores de 5 anos,IND,India,2014,46.4
SH.DYN.MORT,Mortalidade menores de 5 anos,IND,India,2013,49.1
SH.DYN.MORT,Mortalidade menores de 5 anos,IND,India,2012,52.0
SH.DYN.MORT,Mortalidade menores de 5 anos,IND,India,2011,55.0
SH.DYN.MORT,Mortalidade menores de 5 anos,IND,India,2010,58.1
SH.DYN.MORT,Mortalidade menores de 5 anos,IND,India,2009,61.2
SH.DYN.MORT,Mortalidade menores de 5 anos,IND,India,2008,64.5
SH.DYN.MORT,Mortalidade menores de 5 anos,IND,India,2007,67.8
SH.DYN.MORT,Mortalidade menores de 5 anos,IND,India,2006,71.0
SH.DYN.MORT,Mortalidade menores de 5 anos,IND,India,2005,74.3
SH.DYN.MORT,Mortalidade menores de 5 anos,IND,India,2004,77.7
SH.DYN.MORT,Mortalidade menores de 5 anos,IND,India,2003,81.1
SH.DYN.MORT,Mortalidade menores de 5 anos,IND,India,2002,84.6
SH.DYN.MORT,Mortalidade menores de 5 anos,IND,India,2001,88.1
SH.DYN.MORT,Mortalidade menores de 5 anos,IND,India,2000,91.8
SH.DYN.MORT,Mortalidade menores de 5 anos,IND,India,1999,95.4
SH.DYN.MORT,Mortalidade menores de 5 anos,IND,India,1998,99.1
SH.DYN.MORT,Mortalidade menores de 5 anos,IND,India,1997,102.7
SH.DYN.MORT,Mortalidade menores de 5 anos,IND,India,1996,106.2
SH.DYN.MORT,Mortalidade menores de 5 anos,IND,India,1995,109.7
SH.DYN.MORT,Mortalidade menores de 5 anos,MEX,Mexico,2024,13.1
SH.DYN.MORT,Mortalidade menores de 5 anos,MEX,Mexico,2023,13.4
SH.DYN.MORT,Mortalidade menores de 5 anos,MEX,Mexico,2022,13.8
SH.DYN.MORT,Mortalidade menores de 5 anos,MEX,Mexico,2021,14.2
SH.DYN.MORT,Mortalidade menores de 5 anos,MEX,Mexico,2020,14.6
SH.DYN.MORT,Mortalidade menores de 5 anos,MEX,Mexico,2019,15.0
SH.DYN.MORT,Mortalidade menores de 5 anos,MEX,Mexico,2018,15.4
SH.DYN.MORT,Mortalidade menores de 5 anos,MEX,Mexico,2017,15.8
SH.DYN.MORT,Mortalidade menores de 5 anos,MEX,Mexico,2016,16.2
SH.DYN.MORT,Mortalidade menores de 5 anos,MEX,Mexico,2015,16.6
SH.DYN.MORT,Mortalidade menores de 5 anos,MEX,Mexico,2014,17.0
SH.DYN.MORT,Mortalidade menores de 5 anos,MEX,Mexico,2013,17.5
SH.DYN.MORT,Mortalidade menores de 5 anos,MEX,Mexico,2012,17.9
SH.DYN.MORT,Mortalidade menores de 5 anos,MEX,Mexico,2011,18.4
SH.DYN.MORT,Mortalidade menores de 5 anos,MEX,Mexico,2010,18.9
SH.DYN.MORT,Mortalidade menores de 5 anos,MEX,Mexico,2009,19.5
SH.DYN.MORT,Mortalidade menores de 5 anos,MEX,Mexico,2008,20.0
SH.DYN.MORT,Mortalidade menores de 5 anos,MEX,Mexico,2007,20.7
SH.DYN.MORT,Mortalidade menores de 5 anos,MEX,Mexico,2006,21.3
SH.DYN.MORT,Mortalidade menores de 5 anos,MEX,Mexico,2005,22.1
SH.DYN.MORT,Mortalidade menores de 5 anos,MEX,Mexico,2004,23.0
SH.DYN.MORT,Mortalidade menores de 5 anos,MEX,Mexico,2003,23.9
SH.DYN.MORT,Mortalidade menores de 5 anos,MEX,Mexico,2002,25.0
SH.DYN.MORT,Mortalidade menores de 5 anos,MEX,Mexico,2001,26.2
SH.DYN.MORT,Mortalidade menores de 5 anos,MEX,Mexico,2000,27.4
SH.DYN.MORT,Mortalidade menores de 5 anos,MEX,Mexico,1999,28.8
SH.DYN.MORT,Mortalidade menores de 5 anos,MEX,Mexico,1998,30.2
SH.DYN.MORT,Mortalidade menores de 5 anos,MEX,Mexico,1997,31.8
SH.DYN.MORT,Mortalidade menores de 5 anos,MEX,Mexico,1996,33.4
SH.DYN.MORT,Mortalidade menores de 5 anos,MEX,Mexico,1995,35.1
SH.DYN.MORT,Mortalidade menores de 5 anos,PER,Peru,2024,12.9
SH.DYN.MORT,Mortalidade menores de 5 anos,PER,Peru,2023,13.3
SH.DYN.MORT,Mortalidade menores de 5 anos,PER,Peru,2022,13.7
SH.DYN.MORT,Mortalidade menores de 5 anos,PER,Peru,2021,14.1
SH.DYN.MORT,Mortalidade menores de 5 anos,PER,Peru,2020,14.5
SH.DYN.MORT,Mortalidade menores de 5 anos,PER,Peru,2019,14.9
SH.DYN.MORT,Mortalidade menores de 5 anos,PER,Peru,2018,15.3
SH.DYN.MORT,Mortalidade menores de 5 anos,PER,Peru,2017,15.7
SH.DYN.MORT,Mortalidade menores de 5 anos,PER,Peru,2016,16.1
SH.DYN.MORT,Mortalidade menores de 5 anos,PER,Peru,2015,16.6
SH.DYN.MORT,Mortalidade menores de 5 anos,PER,Peru,2014,17.2
SH.DYN.MORT,Mortalidade menores de 5 anos,PER,Peru,2013,17.8
SH.DYN.MORT,Mortalidade menores de 5 anos,PER,Peru,2012,18.5
SH.DYN.MORT,Mortalidade menores de 5 anos,PER,Peru,2011,19.3
SH.DYN.MORT,Mortalidade menores de 5 anos,PER,Peru,2010,20.2
SH.DYN.MORT,Mortalidade menores de 5 anos,PER,Peru,2009,21.2
SH.DYN.MORT,Mortalidade menores de 5 anos,PER,Peru,2008,22.3
SH.DYN.MORT,Mortalidade menores de 5 anos,PER,Peru,2007,23.6
SH.DYN.MORT,Mortalidade menores de 5 anos,PER,Peru,2006,25.0
SH.DYN.MORT,Mortalidade menores de 5 anos,PER,Peru,2005,26.6
SH.DYN.MORT,Mortalidade menores de 5 anos,PER,Peru,2004,28.4
SH.DYN.MORT,Mortalidade menores de 5 anos,PER,Peru,2003,30.4
SH.DYN.MORT,Mortalidade menores de 5 anos,PER,Peru,2002,32.7
SH.DYN.MORT,Mortalidade menores de 5 anos,PER,Peru,2001,35.3
SH.DYN.MORT,Mortalidade menores de 5 anos,PER,Peru,2000,38.3
SH.DYN.MORT,Mortalidade menores de 5 anos,PER,Peru,1999,41.7
SH.DYN.MORT,Mortalidade menores de 5 anos,PER,Peru,1998,45.3
SH.DYN.MORT,Mortalidade menores de 5 anos,PER,Peru,1997,49.3
SH.DYN.MORT,Mortalidade menores de 5 anos,PER,Peru,1996,53.6
SH.DYN.MORT,Mortalidade menores de 5 anos,PER,Peru,1995,58.1
SH.DYN.MORT,Mortalidade menores de 5 anos,TUR,Turquia,2024,9.6
SH.DYN.MORT,Mortalidade menores de 5 anos,TUR,Turquia,2023,13.8
SH.DYN.MORT,Mortalidade menores de 5 anos,TUR,Turquia,2022,10.2
SH.DYN.MORT,Mortalidade menores de 5 anos,TUR,Turquia,2021,10.6
SH.DYN.MORT,Mortalidade menores de 5 anos,TUR,Turquia,2020,10.9
SH.DYN.MORT,Mortalidade menores de 5 anos,TUR,Turquia,2019,11.3
SH.DYN.MORT,Mortalidade menores de 5 anos,TUR,Turquia,2018,11.7
SH.DYN.MORT,Mortalidade menores de 5 anos,TUR,Turquia,2017,12.2
SH.DYN.MORT,Mortalidade menores de 5 anos,TUR,Turquia,2016,12.7
SH.DYN.MORT,Mortalidade menores de 5 anos,TUR,Turquia,2015,13.3
SH.DYN.MORT,Mortalidade menores de 5 anos,TUR,Turquia,2014,14.0
SH.DYN.MORT,Mortalidade menores de 5 anos,TUR,Turquia,2013,14.7
SH.DYN.MORT,Mortalidade menores de 5 anos,TUR,Turquia,2012,15.6
SH.DYN.MORT,Mortalidade menores de 5 anos,TUR,Turquia,2011,16.6
SH.DYN.MORT,Mortalidade menores de 5 anos,TUR,Turquia,2010,17.6
SH.DYN.MORT,Mortalidade menores de 5 anos,TUR,Turquia,2009,18.9
SH.DYN.MORT,Mortalidade menores de 5 anos,TUR,Turquia,2008,20.3
SH.DYN.MORT,Mortalidade menores de 5 anos,TUR,Turquia,2007,21.8
SH.DYN.MORT,Mortalidade menores de 5 anos,TUR,Turquia,2006,23.5
SH.DYN.MORT,Mortalidade menores de 5 anos,TUR,Turquia,2005,25.3
SH.DYN.MORT,Mortalidade menores de 5 anos,TUR,Turquia,2004,27.4
SH.DYN.MORT,Mortalidade menores de 5 anos,TUR,Turquia,2003,29.6
SH.DYN.MORT,Mortalidade menores de 5 anos,TUR,Turquia,2002,32.0
SH.DYN.MORT,Mortalidade menores de 5 anos,TUR,Turquia,2001,34.5
SH.DYN.MORT,Mortalidade menores de 5 anos,TUR,Turquia,2000,37.2
SH.DYN.MORT,Mortalidade menores de 5 anos,TUR,Turquia,1999,40.1
SH.DYN.MORT,Mortalidade menores de 5 anos,TUR,Turquia,1998,43.1
SH.DYN.MORT,Mortalidade menores de 5 anos,TUR,Turquia,1997,46.4
SH.DYN.MORT,Mortalidade menores de 5 anos,TUR,Turquia,1996,49.8
SH.DYN.MORT,Mortalidade menores de 5 anos,TUR,Turquia,1995,53.4
SH.DYN.MORT,Mortalidade menores de 5 anos,,Upper middle income,2024,13.1
SH.DYN.MORT,Mortalidade menores de 5 anos,,Upper middle income,2023,13.7
SH.DYN.MORT,Mortalidade menores de 5 anos,,Upper middle income,2022,13.8
SH.DYN.MORT,Mortalidade menores de 5 anos,,Upper middle income,2021,13.9
SH.DYN.MORT,Mortalidade menores de 5 anos,,Upper middle income,2020,14.1
SH.DYN.MORT,Mortalidade menores de 5 anos,,Upper middle income,2019,14.1
SH.DYN.MORT,Mortalidade menores de 5 anos,,Upper middle income,2018,14.5
SH.DYN.MORT,Mortalidade menores de 5 anos,,Upper middle income,2017,14.7
SH.DYN.MORT,Mortalidade menores de 5 anos,,Upper middle income,2016,15.5
SH.DYN.MORT,Mortalidade menores de 5 anos,,Upper middle income,2015,16.2
SH.DYN.MORT,Mortalidade menores de 5 anos,,Upper middle income,2014,16.9
SH.DYN.MORT,Mortalidade menores de 5 anos,,Upper middle income,2013,17.8
SH.DYN.MORT,Mortalidade menores de 5 anos,,Upper middle income,2012,18.6
SH.DYN.MORT,Mortalidade menores de 5 anos,,Upper middle income,2011,19.7
SH.DYN.MORT,Mortalidade menores de 5 anos,,Upper middle income,2010,20.8
SH.DYN.MORT,Mortalidade menores de 5 anos,,Upper middle income,2009,22.1
SH.DYN.MORT,Mortalidade menores de 5 anos,,Upper middle income,2008,23.5
SH.DYN.MORT,Mortalidade menores de 5 anos,,Upper middle income,2007,25.1
SH.DYN.MORT,Mortalidade menores de 5 anos,,Upper middle income,2006,26.7
SH.DYN.MORT,Mortalidade menores de 5 anos,,Upper middle income,2005,28.3
SH.DYN.MORT,Mortalidade menores de 5 anos,,Upper middle income,2004,30.7
SH.DYN.MORT,Mortalidade menores de 5 anos,,Upper middle income,2003,31.7
SH.DYN.MORT,Mortalidade menores de 5 anos,,Upper middle income,2002,33.6
SH.DYN.MORT,Mortalidade menores de 5 anos,,Upper middle income,2001,35.6
SH.DYN.MORT,Mortalidade menores de 5 anos,,Upper middle income,2000,37.6
SH.DYN.MORT,Mortalidade menores de 5 anos,,Upper middle income,1999,39.6
SH.DYN.MORT,Mortalidade menores de 5 anos,,Upper middle income,1998,41.6
SH.DYN.MORT,Mortalidade menores de 5 anos,,Upper middle income,1997,43.6
SH.DYN.MORT,Mortalidade menores de 5 anos,,Upper middle income,1996,45.6
SH.DYN.MORT,Mortalidade menores de 5 anos,,Upper middle income,1995,47.5
SH.DYN.MORT,Mortalidade menores de 5 anos,ZAF,Africa do Sul,2024,35.1
SH.DYN.MORT,Mortalidade menores de 5 anos,ZAF,Africa do Sul,2023,34.8
SH.DYN.MORT,Mortalidade menores de 5 anos,ZAF,Africa do Sul,2022,34.3
SH.DYN.MORT,Mortalidade menores de 5 anos,ZAF,Africa do Sul,2021,34.0
SH.DYN.MORT,Mortalidade menores de 5 anos,ZAF,Africa do Sul,2020,33.9
SH.DYN.MORT,Mortalidade menores de 5 anos,ZAF,Africa do Sul,2019,34.3
SH.DYN.MORT,Mortalidade menores de 5 anos,ZAF,Africa do Sul,2018,34.9
SH.DYN.MORT,Mortalidade menores de 5 anos,ZAF,Africa do Sul,2017,35.7
SH.DYN.MORT,Mortalidade menores de 5 anos,ZAF,Africa do Sul,2016,36.8
SH.DYN.MORT,Mortalidade menores de 5 anos,ZAF,Africa do Sul,2015,38.2
SH.DYN.MORT,Mortalidade menores de 5 anos,ZAF,Africa do Sul,2014,39.7
SH.DYN.MORT,Mortalidade menores de 5 anos,ZAF,Africa do Sul,2013,41.4
SH.DYN.MORT,Mortalidade menores de 5 anos,ZAF,Africa do Sul,2012,43.1
SH.DYN.MORT,Mortalidade menores de 5 anos,ZAF,Africa do Sul,2011,45.6
SH.DYN.MORT,Mortalidade menores de 5 anos,ZAF,Africa do Sul,2010,50.3
SH.DYN.MORT,Mortalidade menores de 5 anos,ZAF,Africa do Sul,2009,56.9
SH.DYN.MORT,Mortalidade menores de 5 anos,ZAF,Africa do Sul,2008,63.7
SH.DYN.MORT,Mortalidade menores de 5 anos,ZAF,Africa do Sul,2007,71.2
SH.DYN.MORT,Mortalidade menores de 5 anos,ZAF,Africa do Sul,2006,76.9
SH.DYN.MORT,Mortalidade menores de 5 anos,ZAF,Africa do Sul,2005,79.8
SH.DYN.MORT,Mortalidade menores de 5 anos,ZAF,Africa do Sul,2004,80.7
SH.DYN.MORT,Mortalidade menores de 5 anos,ZAF,Africa do Sul,2003,79.2
SH.DYN.MORT,Mortalidade menores de 5 anos,ZAF,Africa do Sul,2002,77.0
SH.DYN.MORT,Mortalidade menores de 5 anos,ZAF,Africa do Sul,2001,74.5
SH.DYN.MORT,Mortalidade menores de 5 anos,ZAF,Africa do Sul,2000,71.4
SH.DYN.MORT,Mortalidade menores de 5 anos,ZAF,Africa do Sul,1999,68.7
SH.DYN.MORT,Mortalidade menores de 5 anos,ZAF,Africa do Sul,1998,65.8
SH.DYN.MORT,Mortalidade menores de 5 anos,ZAF,Africa do Sul,1997,62.9
SH.DYN.MORT,Mortalidade menores de 5 anos,ZAF,Africa do Sul,1996,60.9
SH.DYN.MORT,Mortalidade menores de 5 anos,ZAF,Africa do Sul,1995,59.2
SH.STA.BASS.ZS,Saneamento basico (% pop.),ARG,Argentina,2016,94.8209557204549
SH.STA.BASS.ZS,Saneamento basico (% pop.),ARG,Argentina,2015,94.4204076284931
SH.STA.BASS.ZS,Saneamento basico (% pop.),ARG,Argentina,2014,94.0211240402659
SH.STA.BASS.ZS,Saneamento basico (% pop.),ARG,Argentina,2013,93.623132025003
SH.STA.BASS.ZS,Saneamento basico (% pop.),ARG,Argentina,2012,93.2268060456617
SH.STA.BASS.ZS,Saneamento basico (% pop.),ARG,Argentina,2011,92.7707485221134
SH.STA.BASS.ZS,Saneamento basico (% pop.),ARG,Argentina,2010,92.3128332477506
SH.STA.BASS.ZS,Saneamento basico (% pop.),ARG,Argentina,2009,91.8516400553942
SH.STA.BASS.ZS,Saneamento basico (% pop.),ARG,Argentina,2008,91.3897117135692
SH.STA.BASS.ZS,Saneamento basico (% pop.),ARG,Argentina,2007,90.9270368517711
SH.STA.BASS.ZS,Saneamento basico (% pop.),ARG,Argentina,2006,90.4637841739601
SH.STA.BASS.ZS,Saneamento basico (% pop.),ARG,Argentina,2005,89.9997295570375
SH.STA.BASS.ZS,Saneamento basico (% pop.),ARG,Argentina,2004,89.5350610098707
SH.STA.BASS.ZS,Saneamento basico (% pop.),ARG,Argentina,2003,89.0695612672158
SH.STA.BASS.ZS,Saneamento basico (% pop.),ARG,Argentina,2002,88.6033982942423
SH.STA.BASS.ZS,Saneamento basico (% pop.),ARG,Argentina,2001,88.1359380067969
SH.STA.BASS.ZS,Saneamento basico (% pop.),ARG,Argentina,2000,87.6669268418186
SH.STA.BASS.ZS,Saneamento basico (% pop.),BRA,Brasil,2024,92.4012701604853
SH.STA.BASS.ZS,Saneamento basico (% pop.),BRA,Brasil,2023,91.7128476214348
SH.STA.BASS.ZS,Saneamento basico (% pop.),BRA,Brasil,2022,91.0196550646128
SH.STA.BASS.ZS,Saneamento basico (% pop.),BRA,Brasil,2021,90.3198016289812
SH.STA.BASS.ZS,Saneamento basico (% pop.),BRA,Brasil,2020,89.5591441286736
SH.STA.BASS.ZS,Saneamento basico (% pop.),BRA,Brasil,2019,88.7943635272571
SH.STA.BASS.ZS,Saneamento basico (% pop.),BRA,Brasil,2018,88.0250303307035
SH.STA.BASS.ZS,Saneamento basico (% pop.),BRA,Brasil,2017,87.2513460581389
SH.STA.BASS.ZS,Saneamento basico (% pop.),BRA,Brasil,2016,86.4725409994878
SH.STA.BASS.ZS,Saneamento basico (% pop.),BRA,Brasil,2015,85.6891694067484
SH.STA.BASS.ZS,Saneamento basico (% pop.),BRA,Brasil,2014,84.9007604089727
SH.STA.BASS.ZS,Saneamento basico (% pop.),BRA,Brasil,2013,84.1075664930758
SH.STA.BASS.ZS,Saneamento basico (% pop.),BRA,Brasil,2012,83.3102185091362
SH.STA.BASS.ZS,Saneamento basico (% pop.),BRA,Brasil,2011,82.5075308980562
SH.STA.BASS.ZS,Saneamento basico (% pop.),BRA,Brasil,2010,81.7001428038359
SH.STA.BASS.ZS,Saneamento basico (% pop.),BRA,Brasil,2009,80.8914821354002
SH.STA.BASS.ZS,Saneamento basico (% pop.),BRA,Brasil,2008,80.0780747503367
SH.STA.BASS.ZS,Saneamento basico (% pop.),BRA,Brasil,2007,79.2590292856141
SH.STA.BASS.ZS,Saneamento basico (% pop.),BRA,Brasil,2006,78.4350490232115
SH.STA.BASS.ZS,Saneamento basico (% pop.),BRA,Brasil,2005,77.6060442876745
SH.STA.BASS.ZS,Saneamento basico (% pop.),BRA,Brasil,2004,76.7719281688316
SH.STA.BASS.ZS,Saneamento basico (% pop.),BRA,Brasil,2003,75.9322033943991
SH.STA.BASS.ZS,Saneamento basico (% pop.),BRA,Brasil,2002,75.086752161079
SH.STA.BASS.ZS,Saneamento basico (% pop.),BRA,Brasil,2001,74.2359273551558
SH.STA.BASS.ZS,Saneamento basico (% pop.),BRA,Brasil,2000,73.3661541884085
SH.STA.BASS.ZS,Saneamento basico (% pop.),CHL,Chile,2024,99.9999955987514
SH.STA.BASS.ZS,Saneamento basico (% pop.),CHL,Chile,2023,100.0
SH.STA.BASS.ZS,Saneamento basico (% pop.),CHL,Chile,2022,99.9999982963226
SH.STA.BASS.ZS,Saneamento basico (% pop.),CHL,Chile,2021,100.0
SH.STA.BASS.ZS,Saneamento basico (% pop.),CHL,Chile,2020,99.3144814902357
SH.STA.BASS.ZS,Saneamento basico (% pop.),CHL,Chile,2019,99.2440906332437
SH.STA.BASS.ZS,Saneamento basico (% pop.),CHL,Chile,2018,99.1482997350228
SH.STA.BASS.ZS,Saneamento basico (% pop.),CHL,Chile,2017,98.8734482786872
SH.STA.BASS.ZS,Saneamento basico (% pop.),CHL,Chile,2016,98.5469573760897
SH.STA.BASS.ZS,Saneamento basico (% pop.),CHL,Chile,2015,98.2192140338201
SH.STA.BASS.ZS,Saneamento basico (% pop.),CHL,Chile,2014,97.8903546452322
SH.STA.BASS.ZS,Saneamento basico (% pop.),CHL,Chile,2013,97.5601040614425
SH.STA.BASS.ZS,Saneamento basico (% pop.),CHL,Chile,2012,97.2284642217627
SH.STA.BASS.ZS,Saneamento basico (% pop.),CHL,Chile,2011,96.895427820741
SH.STA.BASS.ZS,Saneamento basico (% pop.),CHL,Chile,2010,96.5608717645089
SH.STA.BASS.ZS,Saneamento basico (% pop.),CHL,Chile,2009,96.2250417785822
SH.STA.BASS.ZS,Saneamento basico (% pop.),CHL,Chile,2008,95.8876613172274
SH.STA.BASS.ZS,Saneamento basico (% pop.),CHL,Chile,2007,95.5487017791555
SH.STA.BASS.ZS,Saneamento basico (% pop.),CHL,Chile,2006,95.2084736344443
SH.STA.BASS.ZS,Saneamento basico (% pop.),CHL,Chile,2005,94.8666435594801
SH.STA.BASS.ZS,Saneamento basico (% pop.),CHL,Chile,2004,94.5235711330979
SH.STA.BASS.ZS,Saneamento basico (% pop.),CHL,Chile,2003,94.1786535457262
SH.STA.BASS.ZS,Saneamento basico (% pop.),CHL,Chile,2002,93.8324984055007
SH.STA.BASS.ZS,Saneamento basico (% pop.),CHL,Chile,2001,93.4409142723436
SH.STA.BASS.ZS,Saneamento basico (% pop.),CHL,Chile,2000,93.0315875725164
SH.STA.BASS.ZS,Saneamento basico (% pop.),CHN,China,2024,97.2718787578263
SH.STA.BASS.ZS,Saneamento basico (% pop.),CHN,China,2023,97.2411682339468
SH.STA.BASS.ZS,Saneamento basico (% pop.),CHN,China,2022,95.8923648413213
SH.STA.BASS.ZS,Saneamento basico (% pop.),CHN,China,2021,94.3857583646751
SH.STA.BASS.ZS,Saneamento basico (% pop.),CHN,China,2020,92.8514975328901
SH.STA.BASS.ZS,Saneamento basico (% pop.),CHN,China,2019,91.2881339239822
SH.STA.BASS.ZS,Saneamento basico (% pop.),CHN,China,2018,89.6942189460529
SH.STA.BASS.ZS,Saneamento basico (% pop.),CHN,China,2017,88.0683084431652
SH.STA.BASS.ZS,Saneamento basico (% pop.),CHN,China,2016,86.4094766918916
SH.STA.BASS.ZS,Saneamento basico (% pop.),CHN,China,2015,84.7193121416501
SH.STA.BASS.ZS,Saneamento basico (% pop.),CHN,China,2014,82.9984761523817
SH.STA.BASS.ZS,Saneamento basico (% pop.),CHN,China,2013,81.2468005281191
SH.STA.BASS.ZS,Saneamento basico (% pop.),CHN,China,2012,79.464667537609
SH.STA.BASS.ZS,Saneamento basico (% pop.),CHN,China,2011,77.6512502388913
SH.STA.BASS.ZS,Saneamento basico (% pop.),CHN,China,2010,75.8010481056182
SH.STA.BASS.ZS,Saneamento basico (% pop.),CHN,China,2009,73.906061649452
SH.STA.BASS.ZS,Saneamento basico (% pop.),CHN,China,2008,71.9796237589
SH.STA.BASS.ZS,Saneamento basico (% pop.),CHN,China,2007,70.020980914326
SH.STA.BASS.ZS,Saneamento basico (% pop.),CHN,China,2006,68.0323487727096
SH.STA.BASS.ZS,Saneamento basico (% pop.),CHN,China,2005,66.007414871417
SH.STA.BASS.ZS,Saneamento basico (% pop.),CHN,China,2004,63.9406214031558
SH.STA.BASS.ZS,Saneamento basico (% pop.),CHN,China,2003,61.8436136467816
SH.STA.BASS.ZS,Saneamento basico (% pop.),CHN,China,2002,59.7190918918749
SH.STA.BASS.ZS,Saneamento basico (% pop.),CHN,China,2001,57.5684600392291
SH.STA.BASS.ZS,Saneamento basico (% pop.),CHN,China,2000,56.8201092570023
SH.STA.BASS.ZS,Saneamento basico (% pop.),COL,Colombia,2024,96.5820151977995
SH.STA.BASS.ZS,Saneamento basico (% pop.),COL,Colombia,2023,95.7128008202529
SH.STA.BASS.ZS,Saneamento basico (% pop.),COL,Colombia,2022,94.8425154559797
SH.STA.BASS.ZS,Saneamento basico (% pop.),COL,Colombia,2021,93.9711220297613
SH.STA.BASS.ZS,Saneamento basico (% pop.),COL,Colombia,2020,93.0987394041419
SH.STA.BASS.ZS,Saneamento basico (% pop.),COL,Colombia,2019,92.2252062631808
SH.STA.BASS.ZS,Saneamento basico (% pop.),COL,Colombia,2018,91.3506596764722
SH.STA.BASS.ZS,Saneamento basico (% pop.),COL,Colombia,2017,90.4749374427322
SH.STA.BASS.ZS,Saneamento basico (% pop.),COL,Colombia,2016,89.5980252896949
SH.STA.BASS.ZS,Saneamento basico (% pop.),COL,Colombia,2015,88.7199118898909
SH.STA.BASS.ZS,Saneamento basico (% pop.),COL,Colombia,2014,87.8407302764007
SH.STA.BASS.ZS,Saneamento basico (% pop.),COL,Colombia,2013,86.9605014574524
SH.STA.BASS.ZS,Saneamento basico (% pop.),COL,Colombia,2012,86.0790424953877
SH.STA.BASS.ZS,Saneamento basico (% pop.),COL,Colombia,2011,85.1963554743704
SH.STA.BASS.ZS,Saneamento basico (% pop.),COL,Colombia,2010,84.3126146543662
SH.STA.BASS.ZS,Saneamento basico (% pop.),COL,Colombia,2009,83.4276365451397
SH.STA.BASS.ZS,Saneamento basico (% pop.),COL,Colombia,2008,82.5414361223495
SH.STA.BASS.ZS,Saneamento basico (% pop.),COL,Colombia,2007,81.654183644965
SH.STA.BASS.ZS,Saneamento basico (% pop.),COL,Colombia,2006,80.7659057665672
SH.STA.BASS.ZS,Saneamento basico (% pop.),COL,Colombia,2005,79.8764166229858
SH.STA.BASS.ZS,Saneamento basico (% pop.),COL,Colombia,2004,78.9859213001689
SH.STA.BASS.ZS,Saneamento basico (% pop.),COL,Colombia,2003,78.094433998105
SH.STA.BASS.ZS,Saneamento basico (% pop.),COL,Colombia,2002,77.201981016796
SH.STA.BASS.ZS,Saneamento basico (% pop.),COL,Colombia,2001,76.3087852021203
SH.STA.BASS.ZS,Saneamento basico (% pop.),COL,Colombia,2000,75.4148773585247
SH.STA.BASS.ZS,Saneamento basico (% pop.),ECU,Equador,2024,91.204340143216
SH.STA.BASS.ZS,Saneamento basico (% pop.),ECU,Equador,2023,90.5556911375942
SH.STA.BASS.ZS,Saneamento basico (% pop.),ECU,Equador,2022,89.7233208052462
SH.STA.BASS.ZS,Saneamento basico (% pop.),ECU,Equador,2021,88.9779601085787
SH.STA.BASS.ZS,Saneamento basico (% pop.),ECU,Equador,2020,88.1817507856303
SH.STA.BASS.ZS,Saneamento basico (% pop.),ECU,Equador,2019,87.3866333551063
SH.STA.BASS.ZS,Saneamento basico (% pop.),ECU,Equador,2018,86.5928399282026
SH.STA.BASS.ZS,Saneamento basico (% pop.),ECU,Equador,2017,85.8004886348106
SH.STA.BASS.ZS,Saneamento basico (% pop.),ECU,Equador,2016,85.0099232884518
SH.STA.BASS.ZS,Saneamento basico (% pop.),ECU,Equador,2015,84.2194382578739
SH.STA.BASS.ZS,Saneamento basico (% pop.),ECU,Equador,2014,83.4289010855999
SH.STA.BASS.ZS,Saneamento basico (% pop.),ECU,Equador,2013,82.6385639070942
SH.STA.BASS.ZS,Saneamento basico (% pop.),ECU,Equador,2012,81.8481545734272
SH.STA.BASS.ZS,Saneamento basico (% pop.),ECU,Equador,2011,81.0578095261347
SH.STA.BASS.ZS,Saneamento basico (% pop.),ECU,Equador,2010,80.2637776434408
SH.STA.BASS.ZS,Saneamento basico (% pop.),ECU,Equador,2009,79.4640520853321
SH.STA.BASS.ZS,Saneamento basico (% pop.),ECU,Equador,2008,78.663760639549
SH.STA.BASS.ZS,Saneamento basico (% pop.),ECU,Equador,2007,77.862718659502
SH.STA.BASS.ZS,Saneamento basico (% pop.),ECU,Equador,2006,77.060905576886
SH.STA.BASS.ZS,Saneamento basico (% pop.),ECU,Equador,2005,76.2586729736281
SH.STA.BASS.ZS,Saneamento basico (% pop.),ECU,Equador,2004,75.4556589592685
SH.STA.BASS.ZS,Saneamento basico (% pop.),ECU,Equador,2003,74.8765406550674
SH.STA.BASS.ZS,Saneamento basico (% pop.),ECU,Equador,2002,74.2940388985466
SH.STA.BASS.ZS,Saneamento basico (% pop.),ECU,Equador,2001,73.682272686074
SH.STA.BASS.ZS,Saneamento basico (% pop.),ECU,Equador,2000,73.0247894296071
SH.STA.BASS.ZS,Saneamento basico (% pop.),IDN,Indonesia,2024,88.2031685658499
SH.STA.BASS.ZS,Saneamento basico (% pop.),IDN,Indonesia,2023,86.9363345400971
SH.STA.BASS.ZS,Saneamento basico (% pop.),IDN,Indonesia,2022,85.6486611717997
SH.STA.BASS.ZS,Saneamento basico (% pop.),IDN,Indonesia,2021,84.339850898343
SH.STA.BASS.ZS,Saneamento basico (% pop.),IDN,Indonesia,2020,82.2571090356155
SH.STA.BASS.ZS,Saneamento basico (% pop.),IDN,Indonesia,2019,80.1767467592482
SH.STA.BASS.ZS,Saneamento basico (% pop.),IDN,Indonesia,2018,78.0995418857349
SH.STA.BASS.ZS,Saneamento basico (% pop.),IDN,Indonesia,2017,76.0256805835892
SH.STA.BASS.ZS,Saneamento basico (% pop.),IDN,Indonesia,2016,73.9559310852412
SH.STA.BASS.ZS,Saneamento basico (% pop.),IDN,Indonesia,2015,71.8904398574445
SH.STA.BASS.ZS,Saneamento basico (% pop.),IDN,Indonesia,2014,69.8304612551161
SH.STA.BASS.ZS,Saneamento basico (% pop.),IDN,Indonesia,2013,67.7766235595933
SH.STA.BASS.ZS,Saneamento basico (% pop.),IDN,Indonesia,2012,65.7302519834107
SH.STA.BASS.ZS,Saneamento basico (% pop.),IDN,Indonesia,2011,63.6913657210041
SH.STA.BASS.ZS,Saneamento basico (% pop.),IDN,Indonesia,2010,61.6611213279716
SH.STA.BASS.ZS,Saneamento basico (% pop.),IDN,Indonesia,2009,59.6133891473514
SH.STA.BASS.ZS,Saneamento basico (% pop.),IDN,Indonesia,2008,57.5678736084239
SH.STA.BASS.ZS,Saneamento basico (% pop.),IDN,Indonesia,2007,55.5300293728108
SH.STA.BASS.ZS,Saneamento basico (% pop.),IDN,Indonesia,2006,53.5018961119134
SH.STA.BASS.ZS,Saneamento basico (% pop.),IDN,Indonesia,2005,51.4837806650068
SH.STA.BASS.ZS,Saneamento basico (% pop.),IDN,Indonesia,2004,49.4772142680194
SH.STA.BASS.ZS,Saneamento basico (% pop.),IDN,Indonesia,2003,47.4821079251045
SH.STA.BASS.ZS,Saneamento basico (% pop.),IDN,Indonesia,2002,45.5010531020753
SH.STA.BASS.ZS,Saneamento basico (% pop.),IDN,Indonesia,2001,43.534313765172
SH.STA.BASS.ZS,Saneamento basico (% pop.),IDN,Indonesia,2000,41.5831787269392
SH.STA.BASS.ZS,Saneamento basico (% pop.),IND,India,2024,83.380872478201
SH.STA.BASS.ZS,Saneamento basico (% pop.),IND,India,2023,80.6978943350927
SH.STA.BASS.ZS,Saneamento basico (% pop.),IND,India,2022,77.8161883735175
SH.STA.BASS.ZS,Saneamento basico (% pop.),IND,India,2021,74.9328568041953
SH.STA.BASS.ZS,Saneamento basico (% pop.),IND,India,2020,72.0482326780192
SH.STA.BASS.ZS,Saneamento basico (% pop.),IND,India,2019,69.1300220717047
SH.STA.BASS.ZS,Saneamento basico (% pop.),IND,India,2018,66.1148742165368
SH.STA.BASS.ZS,Saneamento basico (% pop.),IND,India,2017,63.1125583715917
SH.STA.BASS.ZS,Saneamento basico (% pop.),IND,India,2016,60.1238284933312
SH.STA.BASS.ZS,Saneamento basico (% pop.),IND,India,2015,57.1496392627885
SH.STA.BASS.ZS,Saneamento basico (% pop.),IND,India,2014,54.1905506719672
SH.STA.BASS.ZS,Saneamento basico (% pop.),IND,India,2013,51.2472926178236
SH.STA.BASS.ZS,Saneamento basico (% pop.),IND,India,2012,48.3205923569019
SH.STA.BASS.ZS,Saneamento basico (% pop.),IND,India,2011,45.4108795020998
SH.STA.BASS.ZS,Saneamento basico (% pop.),IND,India,2010,42.5191116694177
SH.STA.BASS.ZS,Saneamento basico (% pop.),IND,India,2009,39.6431708126058
SH.STA.BASS.ZS,Saneamento basico (% pop.),IND,India,2008,36.7829765979312
SH.STA.BASS.ZS,Saneamento basico (% pop.),IND,India,2007,33.9383850862219
SH.STA.BASS.ZS,Saneamento basico (% pop.),IND,India,2006,31.1102746501892
SH.STA.BASS.ZS,Saneamento basico (% pop.),IND,India,2005,28.2988919138167
SH.STA.BASS.ZS,Saneamento basico (% pop.),IND,India,2004,25.504088846955
SH.STA.BASS.ZS,Saneamento basico (% pop.),IND,India,2003,22.7256519741888
SH.STA.BASS.ZS,Saneamento basico (% pop.),IND,India,2002,19.9645829063411
SH.STA.BASS.ZS,Saneamento basico (% pop.),IND,India,2001,17.2206798996747
SH.STA.BASS.ZS,Saneamento basico (% pop.),IND,India,2000,14.6638821125248
SH.STA.BASS.ZS,Saneamento basico (% pop.),MEX,Mexico,2024,92.9912822357176
SH.STA.BASS.ZS,Saneamento basico (% pop.),MEX,Mexico,2023,92.9784568798496
SH.STA.BASS.ZS,Saneamento basico (% pop.),MEX,Mexico,2022,92.6614618116548
SH.STA.BASS.ZS,Saneamento basico (% pop.),MEX,Mexico,2021,92.1526440010022
SH.STA.BASS.ZS,Saneamento basico (% pop.),MEX,Mexico,2020,91.6152077254503
SH.STA.BASS.ZS,Saneamento basico (% pop.),MEX,Mexico,2019,91.0705197769802
SH.STA.BASS.ZS,Saneamento basico (% pop.),MEX,Mexico,2018,90.5185596102805
SH.STA.BASS.ZS,Saneamento basico (% pop.),MEX,Mexico,2017,89.9592224609298
SH.STA.BASS.ZS,Saneamento basico (% pop.),MEX,Mexico,2016,89.3924181439649
SH.STA.BASS.ZS,Saneamento basico (% pop.),MEX,Mexico,2015,88.8179258213353
SH.STA.BASS.ZS,Saneamento basico (% pop.),MEX,Mexico,2014,88.2358926764479
SH.STA.BASS.ZS,Saneamento basico (% pop.),MEX,Mexico,2013,87.6459487223264
SH.STA.BASS.ZS,Saneamento basico (% pop.),MEX,Mexico,2012,87.0483009641919
SH.STA.BASS.ZS,Saneamento basico (% pop.),MEX,Mexico,2011,86.4428801813735
SH.STA.BASS.ZS,Saneamento basico (% pop.),MEX,Mexico,2010,85.8292495991465
SH.STA.BASS.ZS,Saneamento basico (% pop.),MEX,Mexico,2009,85.2078679687607
SH.STA.BASS.ZS,Saneamento basico (% pop.),MEX,Mexico,2008,84.5778681369926
SH.STA.BASS.ZS,Saneamento basico (% pop.),MEX,Mexico,2007,83.9388749115264
SH.STA.BASS.ZS,Saneamento basico (% pop.),MEX,Mexico,2006,83.2911380511861
SH.STA.BASS.ZS,Saneamento basico (% pop.),MEX,Mexico,2005,82.634046861873
SH.STA.BASS.ZS,Saneamento basico (% pop.),MEX,Mexico,2004,81.9676485346638
SH.STA.BASS.ZS,Saneamento basico (% pop.),MEX,Mexico,2003,81.2915094361491
SH.STA.BASS.ZS,Saneamento basico (% pop.),MEX,Mexico,2002,80.6059707016954
SH.STA.BASS.ZS,Saneamento basico (% pop.),MEX,Mexico,2001,79.9105993233351
SH.STA.BASS.ZS,Saneamento basico (% pop.),MEX,Mexico,2000,79.2052351502487
SH.STA.BASS.ZS,Saneamento basico (% pop.),PER,Peru,2024,78.7732036574365
SH.STA.BASS.ZS,Saneamento basico (% pop.),PER,Peru,2023,78.2571577701354
SH.STA.BASS.ZS,Saneamento basico (% pop.),PER,Peru,2022,77.7372734420618
SH.STA.BASS.ZS,Saneamento basico (% pop.),PER,Peru,2021,77.2143581209312
SH.STA.BASS.ZS,Saneamento basico (% pop.),PER,Peru,2020,76.6882865431078
SH.STA.BASS.ZS,Saneamento basico (% pop.),PER,Peru,2019,76.1591748496731
SH.STA.BASS.ZS,Saneamento basico (% pop.),PER,Peru,2018,75.6274098296364
SH.STA.BASS.ZS,Saneamento basico (% pop.),PER,Peru,2017,75.0928493726003
SH.STA.BASS.ZS,Saneamento basico (% pop.),PER,Peru,2016,74.5559040876133
SH.STA.BASS.ZS,Saneamento basico (% pop.),PER,Peru,2015,74.0145820909902
SH.STA.BASS.ZS,Saneamento basico (% pop.),PER,Peru,2014,73.4685325137981
SH.STA.BASS.ZS,Saneamento basico (% pop.),PER,Peru,2013,72.9183194169617
SH.STA.BASS.ZS,Saneamento basico (% pop.),PER,Peru,2012,72.3636014252996
SH.STA.BASS.ZS,Saneamento basico (% pop.),PER,Peru,2011,71.803986474928
SH.STA.BASS.ZS,Saneamento basico (% pop.),PER,Peru,2010,71.2400990831427
SH.STA.BASS.ZS,Saneamento basico (% pop.),PER,Peru,2009,70.6712078070281
SH.STA.BASS.ZS,Saneamento basico (% pop.),PER,Peru,2008,70.0979718244948
SH.STA.BASS.ZS,Saneamento basico (% pop.),PER,Peru,2007,69.4977421323012
SH.STA.BASS.ZS,Saneamento basico (% pop.),PER,Peru,2006,68.8406174970812
SH.STA.BASS.ZS,Saneamento basico (% pop.),PER,Peru,2005,68.1735152494759
SH.STA.BASS.ZS,Saneamento basico (% pop.),PER,Peru,2004,67.4970575513904
SH.STA.BASS.ZS,Saneamento basico (% pop.),PER,Peru,2003,66.8103000461573
SH.STA.BASS.ZS,Saneamento basico (% pop.),PER,Peru,2002,66.1134789664025
SH.STA.BASS.ZS,Saneamento basico (% pop.),PER,Peru,2001,65.4068839269518
SH.STA.BASS.ZS,Saneamento basico (% pop.),PER,Peru,2000,64.6899370720139
SH.STA.BASS.ZS,Saneamento basico (% pop.),TUR,Turquia,2024,99.2777016762549
SH.STA.BASS.ZS,Saneamento basico (% pop.),TUR,Turquia,2023,99.2664132586442
SH.STA.BASS.ZS,Saneamento basico (% pop.),TUR,Turquia,2022,99.2548217497769
SH.STA.BASS.ZS,Saneamento basico (% pop.),TUR,Turquia,2021,99.2429248259355
SH.STA.BASS.ZS,Saneamento basico (% pop.),TUR,Turquia,2020,99.2307423449242
SH.STA.BASS.ZS,Saneamento basico (% pop.),TUR,Turquia,2019,98.6993304992011
SH.STA.BASS.ZS,Saneamento basico (% pop.),TUR,Turquia,2018,98.1513969936455
SH.STA.BASS.ZS,Saneamento basico (% pop.),TUR,Turquia,2017,97.5910900486757
SH.STA.BASS.ZS,Saneamento basico (% pop.),TUR,Turquia,2016,97.0180744384543
SH.STA.BASS.ZS,Saneamento basico (% pop.),TUR,Turquia,2015,96.4317908505569
SH.STA.BASS.ZS,Saneamento basico (% pop.),TUR,Turquia,2014,95.8319919153338
SH.STA.BASS.ZS,Saneamento basico (% pop.),TUR,Turquia,2013,95.2181862351683
SH.STA.BASS.ZS,Saneamento basico (% pop.),TUR,Turquia,2012,94.5901003264673
SH.STA.BASS.ZS,Saneamento basico (% pop.),TUR,Turquia,2011,93.9467893956226
SH.STA.BASS.ZS,Saneamento basico (% pop.),TUR,Turquia,2010,93.2892782391218
SH.STA.BASS.ZS,Saneamento basico (% pop.),TUR,Turquia,2009,92.6170977664848
SH.STA.BASS.ZS,Saneamento basico (% pop.),TUR,Turquia,2008,91.9302207848415
SH.STA.BASS.ZS,Saneamento basico (% pop.),TUR,Turquia,2007,91.2280737248533
SH.STA.BASS.ZS,Saneamento basico (% pop.),TUR,Turquia,2006,90.5110315275318
SH.STA.BASS.ZS,Saneamento basico (% pop.),TUR,Turquia,2005,89.7785316915136
SH.STA.BASS.ZS,Saneamento basico (% pop.),TUR,Turquia,2004,89.0308156718015
SH.STA.BASS.ZS,Saneamento basico (% pop.),TUR,Turquia,2003,88.2670291386027
SH.STA.BASS.ZS,Saneamento basico (% pop.),TUR,Turquia,2002,87.4876884090788
SH.STA.BASS.ZS,Saneamento basico (% pop.),TUR,Turquia,2001,86.6924044195484
SH.STA.BASS.ZS,Saneamento basico (% pop.),TUR,Turquia,2000,86.5326055844195
SH.STA.BASS.ZS,Saneamento basico (% pop.),,Upper middle income,2024,94.1507088240197
SH.STA.BASS.ZS,Saneamento basico (% pop.),,Upper middle income,2023,93.8335286313069
SH.STA.BASS.ZS,Saneamento basico (% pop.),,Upper middle income,2022,92.8655569023473
SH.STA.BASS.ZS,Saneamento basico (% pop.),,Upper middle income,2021,91.8033652836786
SH.STA.BASS.ZS,Saneamento basico (% pop.),,Upper middle income,2020,90.640490659825
SH.STA.BASS.ZS,Saneamento basico (% pop.),,Upper middle income,2019,89.4319269019666
SH.STA.BASS.ZS,Saneamento basico (% pop.),,Upper middle income,2018,88.2044078284895
SH.STA.BASS.ZS,Saneamento basico (% pop.),,Upper middle income,2017,86.9288123748182
SH.STA.BASS.ZS,Saneamento basico (% pop.),,Upper middle income,2016,85.7716544727076
SH.STA.BASS.ZS,Saneamento basico (% pop.),,Upper middle income,2015,84.4733867902043
SH.STA.BASS.ZS,Saneamento basico (% pop.),,Upper middle income,2014,83.1595898966508
SH.STA.BASS.ZS,Saneamento basico (% pop.),,Upper middle income,2013,81.8259263974617
SH.STA.BASS.ZS,Saneamento basico (% pop.),,Upper middle income,2012,80.4789882009246
SH.STA.BASS.ZS,Saneamento basico (% pop.),,Upper middle income,2011,79.1159741634535
SH.STA.BASS.ZS,Saneamento basico (% pop.),,Upper middle income,2010,77.7271796894472
SH.STA.BASS.ZS,Saneamento basico (% pop.),,Upper middle income,2009,76.3105474083184
SH.STA.BASS.ZS,Saneamento basico (% pop.),,Upper middle income,2008,74.8764136313015
SH.STA.BASS.ZS,Saneamento basico (% pop.),,Upper middle income,2007,73.4266202661539
SH.STA.BASS.ZS,Saneamento basico (% pop.),,Upper middle income,2006,71.9621070287929
SH.STA.BASS.ZS,Saneamento basico (% pop.),,Upper middle income,2005,70.4848617404003
SH.STA.BASS.ZS,Saneamento basico (% pop.),,Upper middle income,2004,68.9884828199808
SH.STA.BASS.ZS,Saneamento basico (% pop.),,Upper middle income,2003,67.4934930331423
SH.STA.BASS.ZS,Saneamento basico (% pop.),,Upper middle income,2002,65.9897996292162
SH.STA.BASS.ZS,Saneamento basico (% pop.),,Upper middle income,2001,64.4723950730093
SH.STA.BASS.ZS,Saneamento basico (% pop.),,Upper middle income,2000,63.6618248308612
SH.STA.BASS.ZS,Saneamento basico (% pop.),ZAF,Africa do Sul,2024,77.384521067613
SH.STA.BASS.ZS,Saneamento basico (% pop.),ZAF,Africa do Sul,2023,76.7816295496925
SH.STA.BASS.ZS,Saneamento basico (% pop.),ZAF,Africa do Sul,2022,76.169562634684
SH.STA.BASS.ZS,Saneamento basico (% pop.),ZAF,Africa do Sul,2021,75.5483071505453
SH.STA.BASS.ZS,Saneamento basico (% pop.),ZAF,Africa do Sul,2020,74.917857781457
SH.STA.BASS.ZS,Saneamento basico (% pop.),ZAF,Africa do Sul,2019,74.2781920666219
SH.STA.BASS.ZS,Saneamento basico (% pop.),ZAF,Africa do Sul,2018,73.6294078282668
SH.STA.BASS.ZS,Saneamento basico (% pop.),ZAF,Africa do Sul,2017,72.9715054204693
SH.STA.BASS.ZS,Saneamento basico (% pop.),ZAF,Africa do Sul,2016,72.3045193020221
SH.STA.BASS.ZS,Saneamento basico (% pop.),ZAF,Africa do Sul,2015,71.6284763129344
SH.STA.BASS.ZS,Saneamento basico (% pop.),ZAF,Africa do Sul,2014,70.9435261806792
SH.STA.BASS.ZS,Saneamento basico (% pop.),ZAF,Africa do Sul,2013,70.2497373907273
SH.STA.BASS.ZS,Saneamento basico (% pop.),ZAF,Africa do Sul,2012,69.5473276761195
SH.STA.BASS.ZS,Saneamento basico (% pop.),ZAF,Africa do Sul,2011,68.8359875393952
SH.STA.BASS.ZS,Saneamento basico (% pop.),ZAF,Africa do Sul,2010,68.1161861329021
SH.STA.BASS.ZS,Saneamento basico (% pop.),ZAF,Africa do Sul,2009,67.3878839823923
SH.STA.BASS.ZS,Saneamento basico (% pop.),ZAF,Africa do Sul,2008,66.6513463502515
SH.STA.BASS.ZS,Saneamento basico (% pop.),ZAF,Africa do Sul,2007,65.9061304060194
SH.STA.BASS.ZS,Saneamento basico (% pop.),ZAF,Africa do Sul,2006,65.1530628772458
SH.STA.BASS.ZS,Saneamento basico (% pop.),ZAF,Africa do Sul,2005,64.3920939153514
SH.STA.BASS.ZS,Saneamento basico (% pop.),ZAF,Africa do Sul,2004,63.6233578866547
SH.STA.BASS.ZS,Saneamento basico (% pop.),ZAF,Africa do Sul,2003,62.8465144848753
SH.STA.BASS.ZS,Saneamento basico (% pop.),ZAF,Africa do Sul,2002,62.0623724472109
SH.STA.BASS.ZS,Saneamento basico (% pop.),ZAF,Africa do Sul,2001,61.2759508701069
SH.STA.BASS.ZS,Saneamento basico (% pop.),ZAF,Africa do Sul,2000,60.4973716866815
SH.H2O.BASW.ZS,Agua potavel basica (% pop.),ARG,Argentina,2016,99.0413738458383
SH.H2O.BASW.ZS,Agua potavel basica (% pop.),ARG,Argentina,2015,98.9823076742804
SH.H2O.BASW.ZS,Agua potavel basica (% pop.),ARG,Argentina,2014,98.9232481866542
SH.H2O.BASW.ZS,Agua potavel basica (% pop.),ARG,Argentina,2013,98.8642047608292
SH.H2O.BASW.ZS,Agua potavel basica (% pop.),ARG,Argentina,2012,98.8052992922814
SH.H2O.BASW.ZS,Agua potavel basica (% pop.),ARG,Argentina,2011,98.6218573444855
SH.H2O.BASW.ZS,Agua potavel basica (% pop.),ARG,Argentina,2010,98.434051534291
SH.H2O.BASW.ZS,Agua potavel basica (% pop.),ARG,Argentina,2009,98.2407366706243
SH.H2O.BASW.ZS,Agua potavel basica (% pop.),ARG,Argentina,2008,98.0428748675662
SH.H2O.BASW.ZS,Agua potavel basica (% pop.),ARG,Argentina,2007,97.8403603213706
SH.H2O.BASW.ZS,Agua potavel basica (% pop.),ARG,Argentina,2006,97.633212136416
SH.H2O.BASW.ZS,Agua potavel basica (% pop.),ARG,Argentina,2005,97.421184805077
SH.H2O.BASW.ZS,Agua potavel basica (% pop.),ARG,Argentina,2004,97.2043389305384
SH.H2O.BASW.ZS,Agua potavel basica (% pop.),ARG,Argentina,2003,96.9824151631383
SH.H2O.BASW.ZS,Agua potavel basica (% pop.),ARG,Argentina,2002,96.755473929203
SH.H2O.BASW.ZS,Agua potavel basica (% pop.),ARG,Argentina,2001,96.5228185604677
SH.H2O.BASW.ZS,Agua potavel basica (% pop.),ARG,Argentina,2000,96.2840256103646
SH.H2O.BASW.ZS,Agua potavel basica (% pop.),BRA,Brasil,2024,99.9999987323028
SH.H2O.BASW.ZS,Agua potavel basica (% pop.),BRA,Brasil,2023,99.8980595100623
SH.H2O.BASW.ZS,Agua potavel basica (% pop.),BRA,Brasil,2022,99.6149419025106
SH.H2O.BASW.ZS,Agua potavel basica (% pop.),BRA,Brasil,2021,99.4272648803619
SH.H2O.BASW.ZS,Agua potavel basica (% pop.),BRA,Brasil,2020,99.0720677672897
SH.H2O.BASW.ZS,Agua potavel basica (% pop.),BRA,Brasil,2019,98.773134154073
SH.H2O.BASW.ZS,Agua potavel basica (% pop.),BRA,Brasil,2018,98.5580120515387
SH.H2O.BASW.ZS,Agua potavel basica (% pop.),BRA,Brasil,2017,98.1978808317894
SH.H2O.BASW.ZS,Agua potavel basica (% pop.),BRA,Brasil,2016,97.921760549945
SH.H2O.BASW.ZS,Agua potavel basica (% pop.),BRA,Brasil,2015,97.7078492139171
SH.H2O.BASW.ZS,Agua potavel basica (% pop.),BRA,Brasil,2014,97.4719067025274
SH.H2O.BASW.ZS,Agua potavel basica (% pop.),BRA,Brasil,2013,97.230310353602
SH.H2O.BASW.ZS,Agua potavel basica (% pop.),BRA,Brasil,2012,96.9831894902775
SH.H2O.BASW.ZS,Agua potavel basica (% pop.),BRA,Brasil,2011,96.7300307300568
SH.H2O.BASW.ZS,Agua potavel basica (% pop.),BRA,Brasil,2010,96.4709800912933
SH.H2O.BASW.ZS,Agua potavel basica (% pop.),BRA,Brasil,2009,96.2074114306889
SH.H2O.BASW.ZS,Agua potavel basica (% pop.),BRA,Brasil,2008,95.9378940948521
SH.H2O.BASW.ZS,Agua potavel basica (% pop.),BRA,Brasil,2007,95.6619556450111
SH.H2O.BASW.ZS,Agua potavel basica (% pop.),BRA,Brasil,2006,95.3798210203177
SH.H2O.BASW.ZS,Agua potavel basica (% pop.),BRA,Brasil,2005,95.0913772217223
SH.H2O.BASW.ZS,Agua potavel basica (% pop.),BRA,Brasil,2004,94.796510365405
SH.H2O.BASW.ZS,Agua potavel basica (% pop.),BRA,Brasil,2003,94.4949101012948
SH.H2O.BASW.ZS,Agua potavel basica (% pop.),BRA,Brasil,2002,94.1864278135922
SH.H2O.BASW.ZS,Agua potavel basica (% pop.),BRA,Brasil,2001,93.871177189366
SH.H2O.BASW.ZS,Agua potavel basica (% pop.),BRA,Brasil,2000,93.5416689721765
SH.H2O.BASW.ZS,Agua potavel basica (% pop.),CHL,Chile,2024,99.0811612150969
SH.H2O.BASW.ZS,Agua potavel basica (% pop.),CHL,Chile,2023,98.9890250912798
SH.H2O.BASW.ZS,Agua potavel basica (% pop.),CHL,Chile,2022,98.8839274081625
SH.H2O.BASW.ZS,Agua potavel basica (% pop.),CHL,Chile,2021,98.7780212070676
SH.H2O.BASW.ZS,Agua potavel basica (% pop.),CHL,Chile,2020,98.671391193466
SH.H2O.BASW.ZS,Agua potavel basica (% pop.),CHL,Chile,2019,98.5642151245882
SH.H2O.BASW.ZS,Agua potavel basica (% pop.),CHL,Chile,2018,98.4565155199366
SH.H2O.BASW.ZS,Agua potavel basica (% pop.),CHL,Chile,2017,98.3483784150021
SH.H2O.BASW.ZS,Agua potavel basica (% pop.),CHL,Chile,2016,98.240006839884
SH.H2O.BASW.ZS,Agua potavel basica (% pop.),CHL,Chile,2015,98.1315104153015
SH.H2O.BASW.ZS,Agua potavel basica (% pop.),CHL,Chile,2014,98.0228724170245
SH.H2O.BASW.ZS,Agua potavel basica (% pop.),CHL,Chile,2013,97.9135421057834
SH.H2O.BASW.ZS,Agua potavel basica (% pop.),CHL,Chile,2012,97.8035215361194
SH.H2O.BASW.ZS,Agua potavel basica (% pop.),CHL,Chile,2011,97.6928032000078
SH.H2O.BASW.ZS,Agua potavel basica (% pop.),CHL,Chile,2010,97.5812457914008
SH.H2O.BASW.ZS,Agua potavel basica (% pop.),CHL,Chile,2009,97.4691378531682
SH.H2O.BASW.ZS,Agua potavel basica (% pop.),CHL,Chile,2008,97.3561722018665
SH.H2O.BASW.ZS,Agua potavel basica (% pop.),CHL,Chile,2007,97.2423387378927
SH.H2O.BASW.ZS,Agua potavel basica (% pop.),CHL,Chile,2006,97.1279537978578
SH.H2O.BASW.ZS,Agua potavel basica (% pop.),CHL,Chile,2005,97.0126905323196
SH.H2O.BASW.ZS,Agua potavel basica (% pop.),CHL,Chile,2004,96.8968896897354
SH.H2O.BASW.ZS,Agua potavel basica (% pop.),CHL,Chile,2003,96.7800041993786
SH.H2O.BASW.ZS,Agua potavel basica (% pop.),CHL,Chile,2002,96.6625859523194
SH.H2O.BASW.ZS,Agua potavel basica (% pop.),CHL,Chile,2001,96.5072402967363
SH.H2O.BASW.ZS,Agua potavel basica (% pop.),CHL,Chile,2000,96.3391511046989
SH.H2O.BASW.ZS,Agua potavel basica (% pop.),CHN,China,2024,96.1224151867516
SH.H2O.BASW.ZS,Agua potavel basica (% pop.),CHN,China,2023,96.0883413082236
SH.H2O.BASW.ZS,Agua potavel basica (% pop.),CHN,China,2022,95.4385845932759
SH.H2O.BASW.ZS,Agua potavel basica (% pop.),CHN,China,2021,94.6329735273297
SH.H2O.BASW.ZS,Agua potavel basica (% pop.),CHN,China,2020,93.9705270769772
SH.H2O.BASW.ZS,Agua potavel basica (% pop.),CHN,China,2019,93.5326999183951
SH.H2O.BASW.ZS,Agua potavel basica (% pop.),CHN,China,2018,93.068663255545
SH.H2O.BASW.ZS,Agua potavel basica (% pop.),CHN,China,2017,92.577308673558
SH.H2O.BASW.ZS,Agua potavel basica (% pop.),CHN,China,2016,92.0580332231986
SH.H2O.BASW.ZS,Agua potavel basica (% pop.),CHN,China,2015,91.5125864728114
SH.H2O.BASW.ZS,Agua potavel basica (% pop.),CHN,China,2014,90.9415850511528
SH.H2O.BASW.ZS,Agua potavel basica (% pop.),CHN,China,2013,90.3447948783421
SH.H2O.BASW.ZS,Agua potavel basica (% pop.),CHN,China,2012,89.7224776817502
SH.H2O.BASW.ZS,Agua potavel basica (% pop.),CHN,China,2011,89.0737896182727
SH.H2O.BASW.ZS,Agua potavel basica (% pop.),CHN,China,2010,88.3938119002149
SH.H2O.BASW.ZS,Agua potavel basica (% pop.),CHN,China,2009,87.6756600660426
SH.H2O.BASW.ZS,Agua potavel basica (% pop.),CHN,China,2008,86.9310466925724
SH.H2O.BASW.ZS,Agua potavel basica (% pop.),CHN,China,2007,86.1591731490747
SH.H2O.BASW.ZS,Agua potavel basica (% pop.),CHN,China,2006,85.3617795517819
SH.H2O.BASW.ZS,Agua potavel basica (% pop.),CHN,China,2005,84.5333851261105
SH.H2O.BASW.ZS,Agua potavel basica (% pop.),CHN,China,2004,83.6692871081214
SH.H2O.BASW.ZS,Agua potavel basica (% pop.),CHN,China,2003,82.7791612491228
SH.H2O.BASW.ZS,Agua potavel basica (% pop.),CHN,China,2002,81.8650671947267
SH.H2O.BASW.ZS,Agua potavel basica (% pop.),CHN,China,2001,80.9279647085062
SH.H2O.BASW.ZS,Agua potavel basica (% pop.),CHN,China,2000,80.5934883327843
SH.H2O.BASW.ZS,Agua potavel basica (% pop.),COL,Colombia,2024,97.0965711084738
SH.H2O.BASW.ZS,Agua potavel basica (% pop.),COL,Colombia,2023,96.9496589659827
SH.H2O.BASW.ZS,Agua potavel basica (% pop.),COL,Colombia,2022,96.7380353192518
SH.H2O.BASW.ZS,Agua potavel basica (% pop.),COL,Colombia,2021,96.5223081416627
SH.H2O.BASW.ZS,Agua potavel basica (% pop.),COL,Colombia,2020,96.3025836876793
SH.H2O.BASW.ZS,Agua potavel basica (% pop.),COL,Colombia,2019,96.0785830726848
SH.H2O.BASW.ZS,Agua potavel basica (% pop.),COL,Colombia,2018,95.8504284105736
SH.H2O.BASW.ZS,Agua potavel basica (% pop.),COL,Colombia,2017,95.6178346039203
SH.H2O.BASW.ZS,Agua potavel basica (% pop.),COL,Colombia,2016,95.3807152978726
SH.H2O.BASW.ZS,Agua potavel basica (% pop.),COL,Colombia,2015,95.1389846235131
SH.H2O.BASW.ZS,Agua potavel basica (% pop.),COL,Colombia,2014,94.8927542496252
SH.H2O.BASW.ZS,Agua potavel basica (% pop.),COL,Colombia,2013,94.6419721075512
SH.H2O.BASW.ZS,Agua potavel basica (% pop.),COL,Colombia,2012,94.3863166731145
SH.H2O.BASW.ZS,Agua potavel basica (% pop.),COL,Colombia,2011,94.125708214804
SH.H2O.BASW.ZS,Agua potavel basica (% pop.),COL,Colombia,2010,93.860299409895
SH.H2O.BASW.ZS,Agua potavel basica (% pop.),COL,Colombia,2009,93.5897587496726
SH.H2O.BASW.ZS,Agua potavel basica (% pop.),COL,Colombia,2008,93.314014699102
SH.H2O.BASW.ZS,Agua potavel basica (% pop.),COL,Colombia,2007,93.0332113422634
SH.H2O.BASW.ZS,Agua potavel basica (% pop.),COL,Colombia,2006,92.7472892906741
SH.H2O.BASW.ZS,Agua potavel basica (% pop.),COL,Colombia,2005,92.4559019256854
SH.H2O.BASW.ZS,Agua potavel basica (% pop.),COL,Colombia,2004,92.1592296058929
SH.H2O.BASW.ZS,Agua potavel basica (% pop.),COL,Colombia,2003,91.857192440764
SH.H2O.BASW.ZS,Agua potavel basica (% pop.),COL,Colombia,2002,91.5497229084839
SH.H2O.BASW.ZS,Agua potavel basica (% pop.),COL,Colombia,2001,91.2370228033185
SH.H2O.BASW.ZS,Agua potavel basica (% pop.),COL,Colombia,2000,90.9190300374548
SH.H2O.BASW.ZS,Agua potavel basica (% pop.),ECU,Equador,2024,92.0708709697554
SH.H2O.BASW.ZS,Agua potavel basica (% pop.),ECU,Equador,2023,91.8598075666082
SH.H2O.BASW.ZS,Agua potavel basica (% pop.),ECU,Equador,2022,91.7264833659447
SH.H2O.BASW.ZS,Agua potavel basica (% pop.),ECU,Equador,2021,91.6679688457759
SH.H2O.BASW.ZS,Agua potavel basica (% pop.),ECU,Equador,2020,91.4742997917839
SH.H2O.BASW.ZS,Agua potavel basica (% pop.),ECU,Equador,2019,91.2046901615957
SH.H2O.BASW.ZS,Agua potavel basica (% pop.),ECU,Equador,2018,90.9348761697738
SH.H2O.BASW.ZS,Agua potavel basica (% pop.),ECU,Equador,2017,90.6647128570391
SH.H2O.BASW.ZS,Agua potavel basica (% pop.),ECU,Equador,2016,90.3944152289936
SH.H2O.BASW.ZS,Agua potavel basica (% pop.),ECU,Equador,2015,90.1212871773867
SH.H2O.BASW.ZS,Agua potavel basica (% pop.),ECU,Equador,2014,89.8451330944318
SH.H2O.BASW.ZS,Agua potavel basica (% pop.),ECU,Equador,2013,89.5662908642962
SH.H2O.BASW.ZS,Agua potavel basica (% pop.),ECU,Equador,2012,89.2843795348701
SH.H2O.BASW.ZS,Agua potavel basica (% pop.),ECU,Equador,2011,88.9995700135052
SH.H2O.BASW.ZS,Agua potavel basica (% pop.),ECU,Equador,2010,88.7072879977884
SH.H2O.BASW.ZS,Agua potavel basica (% pop.),ECU,Equador,2009,88.4054817977882
SH.H2O.BASW.ZS,Agua potavel basica (% pop.),ECU,Equador,2008,88.1005318614763
SH.H2O.BASW.ZS,Agua potavel basica (% pop.),ECU,Equador,2007,87.792208365322
SH.H2O.BASW.ZS,Agua potavel basica (% pop.),ECU,Equador,2006,87.4804800870579
SH.H2O.BASW.ZS,Agua potavel basica (% pop.),ECU,Equador,2005,87.1657190162046
SH.H2O.BASW.ZS,Agua potavel basica (% pop.),ECU,Equador,2004,86.7913580761449
SH.H2O.BASW.ZS,Agua potavel basica (% pop.),ECU,Equador,2003,86.3770590659093
SH.H2O.BASW.ZS,Agua potavel basica (% pop.),ECU,Equador,2002,85.8681168812422
SH.H2O.BASW.ZS,Agua potavel basica (% pop.),ECU,Equador,2001,85.3327219287917
SH.H2O.BASW.ZS,Agua potavel basica (% pop.),ECU,Equador,2000,84.7569577363027
SH.H2O.BASW.ZS,Agua potavel basica (% pop.),IDN,Indonesia,2024,89.008759557411
SH.H2O.BASW.ZS,Agua potavel basica (% pop.),IDN,Indonesia,2023,89.3578482222748
SH.H2O.BASW.ZS,Agua potavel basica (% pop.),IDN,Indonesia,2022,89.7113532580834
SH.H2O.BASW.ZS,Agua potavel basica (% pop.),IDN,Indonesia,2021,89.4041137814594
SH.H2O.BASW.ZS,Agua potavel basica (% pop.),IDN,Indonesia,2020,89.0851606060889
SH.H2O.BASW.ZS,Agua potavel basica (% pop.),IDN,Indonesia,2019,88.7538936468124
SH.H2O.BASW.ZS,Agua potavel basica (% pop.),IDN,Indonesia,2018,88.410420237217
SH.H2O.BASW.ZS,Agua potavel basica (% pop.),IDN,Indonesia,2017,88.0541295680055
SH.H2O.BASW.ZS,Agua potavel basica (% pop.),IDN,Indonesia,2016,87.6849895715078
SH.H2O.BASW.ZS,Agua potavel basica (% pop.),IDN,Indonesia,2015,87.3023728948535
SH.H2O.BASW.ZS,Agua potavel basica (% pop.),IDN,Indonesia,2014,86.9065589204206
SH.H2O.BASW.ZS,Agua potavel basica (% pop.),IDN,Indonesia,2013,86.4972383225177
SH.H2O.BASW.ZS,Agua potavel basica (% pop.),IDN,Indonesia,2012,86.0745858271754
SH.H2O.BASW.ZS,Agua potavel basica (% pop.),IDN,Indonesia,2011,85.6378136701144
SH.H2O.BASW.ZS,Agua potavel basica (% pop.),IDN,Indonesia,2010,85.1661850718562
SH.H2O.BASW.ZS,Agua potavel basica (% pop.),IDN,Indonesia,2009,84.3913253324257
SH.H2O.BASW.ZS,Agua potavel basica (% pop.),IDN,Indonesia,2008,83.4896329573105
SH.H2O.BASW.ZS,Agua potavel basica (% pop.),IDN,Indonesia,2007,82.5614830626383
SH.H2O.BASW.ZS,Agua potavel basica (% pop.),IDN,Indonesia,2006,81.6230405666446
SH.H2O.BASW.ZS,Agua potavel basica (% pop.),IDN,Indonesia,2005,80.6739527502828
SH.H2O.BASW.ZS,Agua potavel basica (% pop.),IDN,Indonesia,2004,79.7146661275456
SH.H2O.BASW.ZS,Agua potavel basica (% pop.),IDN,Indonesia,2003,78.7445787552337
SH.H2O.BASW.ZS,Agua potavel basica (% pop.),IDN,Indonesia,2002,77.764828826511
SH.H2O.BASW.ZS,Agua potavel basica (% pop.),IDN,Indonesia,2001,76.7750513576089
SH.H2O.BASW.ZS,Agua potavel basica (% pop.),IDN,Indonesia,2000,75.7755519212516
SH.H2O.BASW.ZS,Agua potavel basica (% pop.),IND,India,2024,95.7247373523918
SH.H2O.BASW.ZS,Agua potavel basica (% pop.),IND,India,2023,95.0740565981493
SH.H2O.BASW.ZS,Agua potavel basica (% pop.),IND,India,2022,94.4191311935781
SH.H2O.BASW.ZS,Agua potavel basica (% pop.),IND,India,2021,93.760281159736
SH.H2O.BASW.ZS,Agua potavel basica (% pop.),IND,India,2020,93.0977309081783
SH.H2O.BASW.ZS,Agua potavel basica (% pop.),IND,India,2019,92.4317828217009
SH.H2O.BASW.ZS,Agua potavel basica (% pop.),IND,India,2018,91.7626505318817
SH.H2O.BASW.ZS,Agua potavel basica (% pop.),IND,India,2017,91.0905825625786
SH.H2O.BASW.ZS,Agua potavel basica (% pop.),IND,India,2016,90.4158282525921
SH.H2O.BASW.ZS,Agua potavel basica (% pop.),IND,India,2015,89.7387066732488
SH.H2O.BASW.ZS,Agua potavel basica (% pop.),IND,India,2014,89.0593975763785
SH.H2O.BASW.ZS,Agua potavel basica (% pop.),IND,India,2013,88.3781430142448
SH.H2O.BASW.ZS,Agua potavel basica (% pop.),IND,India,2012,87.6951918936397
SH.H2O.BASW.ZS,Agua potavel basica (% pop.),IND,India,2011,87.0106732998892
SH.H2O.BASW.ZS,Agua potavel basica (% pop.),IND,India,2010,86.3249166723471
SH.H2O.BASW.ZS,Agua potavel basica (% pop.),IND,India,2009,85.6371461321776
SH.H2O.BASW.ZS,Agua potavel basica (% pop.),IND,India,2008,84.9473094624581
SH.H2O.BASW.ZS,Agua potavel basica (% pop.),IND,India,2007,84.2553439378038
SH.H2O.BASW.ZS,Agua potavel basica (% pop.),IND,India,2006,83.5615500374212
SH.H2O.BASW.ZS,Agua potavel basica (% pop.),IND,India,2005,82.8660018054267
SH.H2O.BASW.ZS,Agua potavel basica (% pop.),IND,India,2004,82.1686302902513
SH.H2O.BASW.ZS,Agua potavel basica (% pop.),IND,India,2003,81.4693446422868
SH.H2O.BASW.ZS,Agua potavel basica (% pop.),IND,India,2002,80.7684916224213
SH.H2O.BASW.ZS,Agua potavel basica (% pop.),IND,India,2001,80.0659857611388
SH.H2O.BASW.ZS,Agua potavel basica (% pop.),IND,India,2000,79.4918924474821
SH.H2O.BASW.ZS,Agua potavel basica (% pop.),MEX,Mexico,2024,99.5413676283293
SH.H2O.BASW.ZS,Agua potavel basica (% pop.),MEX,Mexico,2023,99.4095196134934
SH.H2O.BASW.ZS,Agua potavel basica (% pop.),MEX,Mexico,2022,99.2737986132837
SH.H2O.BASW.ZS,Agua potavel basica (% pop.),MEX,Mexico,2021,99.0090934864526
SH.H2O.BASW.ZS,Agua potavel basica (% pop.),MEX,Mexico,2020,98.7408072689782
SH.H2O.BASW.ZS,Agua potavel basica (% pop.),MEX,Mexico,2019,98.46943436997
SH.H2O.BASW.ZS,Agua potavel basica (% pop.),MEX,Mexico,2018,98.1950089060211
SH.H2O.BASW.ZS,Agua potavel basica (% pop.),MEX,Mexico,2017,97.9175037608425
SH.H2O.BASW.ZS,Agua potavel basica (% pop.),MEX,Mexico,2016,97.6369085403618
SH.H2O.BASW.ZS,Agua potavel basica (% pop.),MEX,Mexico,2015,97.3531385567766
SH.H2O.BASW.ZS,Agua potavel basica (% pop.),MEX,Mexico,2014,97.0663144004475
SH.H2O.BASW.ZS,Agua potavel basica (% pop.),MEX,Mexico,2013,96.7762637072841
SH.H2O.BASW.ZS,Agua potavel basica (% pop.),MEX,Mexico,2012,96.483147256866
SH.H2O.BASW.ZS,Agua potavel basica (% pop.),MEX,Mexico,2011,96.1869601419422
SH.H2O.BASW.ZS,Agua potavel basica (% pop.),MEX,Mexico,2010,95.8874978648844
SH.H2O.BASW.ZS,Agua potavel basica (% pop.),MEX,Mexico,2009,95.5850499173434
SH.H2O.BASW.ZS,Agua potavel basica (% pop.),MEX,Mexico,2008,95.2791786706115
SH.H2O.BASW.ZS,Agua potavel basica (% pop.),MEX,Mexico,2007,94.8449664577953
SH.H2O.BASW.ZS,Agua potavel basica (% pop.),MEX,Mexico,2006,94.3895494210949
SH.H2O.BASW.ZS,Agua potavel basica (% pop.),MEX,Mexico,2005,93.9295704021899
SH.H2O.BASW.ZS,Agua potavel basica (% pop.),MEX,Mexico,2004,93.4651323429629
SH.H2O.BASW.ZS,Agua potavel basica (% pop.),MEX,Mexico,2003,92.996063481636
SH.H2O.BASW.ZS,Agua potavel basica (% pop.),MEX,Mexico,2002,92.5226572701038
SH.H2O.BASW.ZS,Agua potavel basica (% pop.),MEX,Mexico,2001,92.0447445301781
SH.H2O.BASW.ZS,Agua potavel basica (% pop.),MEX,Mexico,2000,91.5623322939428
SH.H2O.BASW.ZS,Agua potavel basica (% pop.),PER,Peru,2024,95.6370823826383
SH.H2O.BASW.ZS,Agua potavel basica (% pop.),PER,Peru,2023,95.0719233240551
SH.H2O.BASW.ZS,Agua potavel basica (% pop.),PER,Peru,2022,94.5023037650654
SH.H2O.BASW.ZS,Agua potavel basica (% pop.),PER,Peru,2021,93.9287808522473
SH.H2O.BASW.ZS,Agua potavel basica (% pop.),PER,Peru,2020,93.351440846039
SH.H2O.BASW.ZS,Agua potavel basica (% pop.),PER,Peru,2019,92.7704924879638
SH.H2O.BASW.ZS,Agua potavel basica (% pop.),PER,Peru,2018,92.1863171590782
SH.H2O.BASW.ZS,Agua potavel basica (% pop.),PER,Peru,2017,91.5989672683032
SH.H2O.BASW.ZS,Agua potavel basica (% pop.),PER,Peru,2016,91.0088509037893
SH.H2O.BASW.ZS,Agua potavel basica (% pop.),PER,Peru,2015,90.4146720652742
SH.H2O.BASW.ZS,Agua potavel basica (% pop.),PER,Peru,2014,89.8161834428489
SH.H2O.BASW.ZS,Agua potavel basica (% pop.),PER,Peru,2013,89.2138017423285
SH.H2O.BASW.ZS,Agua potavel basica (% pop.),PER,Peru,2012,88.6072952219099
SH.H2O.BASW.ZS,Agua potavel basica (% pop.),PER,Peru,2011,87.9963640224872
SH.H2O.BASW.ZS,Agua potavel basica (% pop.),PER,Peru,2010,87.3815093121049
SH.H2O.BASW.ZS,Agua potavel basica (% pop.),PER,Peru,2009,86.7621628336496
SH.H2O.BASW.ZS,Agua potavel basica (% pop.),PER,Peru,2008,86.1388730860252
SH.H2O.BASW.ZS,Agua potavel basica (% pop.),PER,Peru,2007,85.4925787573111
SH.H2O.BASW.ZS,Agua potavel basica (% pop.),PER,Peru,2006,84.796972001847
SH.H2O.BASW.ZS,Agua potavel basica (% pop.),PER,Peru,2005,84.0910140674012
SH.H2O.BASW.ZS,Agua potavel basica (% pop.),PER,Peru,2004,83.3752476996589
SH.H2O.BASW.ZS,Agua potavel basica (% pop.),PER,Peru,2003,82.6488673555992
SH.H2O.BASW.ZS,Agua potavel basica (% pop.),PER,Peru,2002,81.9120898487203
SH.H2O.BASW.ZS,Agua potavel basica (% pop.),PER,Peru,2001,81.1652005641867
SH.H2O.BASW.ZS,Agua potavel basica (% pop.),PER,Peru,2000,80.4077059975962
SH.H2O.BASW.ZS,Agua potavel basica (% pop.),TUR,Turquia,2024,95.9866257794699
SH.H2O.BASW.ZS,Agua potavel basica (% pop.),TUR,Turquia,2023,95.9784417716969
SH.H2O.BASW.ZS,Agua potavel basica (% pop.),TUR,Turquia,2022,95.9700345956399
SH.H2O.BASW.ZS,Agua potavel basica (% pop.),TUR,Turquia,2021,95.9614082696356
SH.H2O.BASW.ZS,Agua potavel basica (% pop.),TUR,Turquia,2020,95.9525757495893
SH.H2O.BASW.ZS,Agua potavel basica (% pop.),TUR,Turquia,2019,95.8081999457908
SH.H2O.BASW.ZS,Agua potavel basica (% pop.),TUR,Turquia,2018,95.6607630886075
SH.H2O.BASW.ZS,Agua potavel basica (% pop.),TUR,Turquia,2017,95.5101526427098
SH.H2O.BASW.ZS,Agua potavel basica (% pop.),TUR,Turquia,2016,95.3562997823
SH.H2O.BASW.ZS,Agua potavel basica (% pop.),TUR,Turquia,2015,95.1990408276222
SH.H2O.BASW.ZS,Agua potavel basica (% pop.),TUR,Turquia,2014,95.0383332367469
SH.H2O.BASW.ZS,Agua potavel basica (% pop.),TUR,Turquia,2013,94.8740402203655
SH.H2O.BASW.ZS,Agua potavel basica (% pop.),TUR,Turquia,2012,94.7061073056509
SH.H2O.BASW.ZS,Agua potavel basica (% pop.),TUR,Turquia,2011,94.5342469768029
SH.H2O.BASW.ZS,Agua potavel basica (% pop.),TUR,Turquia,2010,94.3588134972971
SH.H2O.BASW.ZS,Agua potavel basica (% pop.),TUR,Turquia,2009,94.1796628732745
SH.H2O.BASW.ZS,Agua potavel basica (% pop.),TUR,Turquia,2008,93.9967938201436
SH.H2O.BASW.ZS,Agua potavel basica (% pop.),TUR,Turquia,2007,93.8100251611177
SH.H2O.BASW.ZS,Agua potavel basica (% pop.),TUR,Turquia,2006,93.6194753638319
SH.H2O.BASW.ZS,Agua potavel basica (% pop.),TUR,Turquia,2005,93.4249804113802
SH.H2O.BASW.ZS,Agua potavel basica (% pop.),TUR,Turquia,2004,93.2266012493425
SH.H2O.BASW.ZS,Agua potavel basica (% pop.),TUR,Turquia,2003,93.0240916066264
SH.H2O.BASW.ZS,Agua potavel basica (% pop.),TUR,Turquia,2002,92.8175922761901
SH.H2O.BASW.ZS,Agua potavel basica (% pop.),TUR,Turquia,2001,92.6069916760716
SH.H2O.BASW.ZS,Agua potavel basica (% pop.),TUR,Turquia,2000,92.5207717291777
SH.H2O.BASW.ZS,Agua potavel basica (% pop.),,Upper middle income,2024,95.8849817991156
SH.H2O.BASW.ZS,Agua potavel basica (% pop.),,Upper middle income,2023,95.8384838475738
SH.H2O.BASW.ZS,Agua potavel basica (% pop.),,Upper middle income,2022,95.4811029409406
SH.H2O.BASW.ZS,Agua potavel basica (% pop.),,Upper middle income,2021,94.9841519270389
SH.H2O.BASW.ZS,Agua potavel basica (% pop.),,Upper middle income,2020,94.5269133338175
SH.H2O.BASW.ZS,Agua potavel basica (% pop.),,Upper middle income,2019,94.1733013086422
SH.H2O.BASW.ZS,Agua potavel basica (% pop.),,Upper middle income,2018,93.7979566542331
SH.H2O.BASW.ZS,Agua potavel basica (% pop.),,Upper middle income,2017,93.3741560311941
SH.H2O.BASW.ZS,Agua potavel basica (% pop.),,Upper middle income,2016,93.057045912911
SH.H2O.BASW.ZS,Agua potavel basica (% pop.),,Upper middle income,2015,92.6431815686294
SH.H2O.BASW.ZS,Agua potavel basica (% pop.),,Upper middle income,2014,92.2114866674921
SH.H2O.BASW.ZS,Agua potavel basica (% pop.),,Upper middle income,2013,91.760678261558
SH.H2O.BASW.ZS,Agua potavel basica (% pop.),,Upper middle income,2012,91.2896912568247
SH.H2O.BASW.ZS,Agua potavel basica (% pop.),,Upper middle income,2011,90.8092674884773
SH.H2O.BASW.ZS,Agua potavel basica (% pop.),,Upper middle income,2010,90.3069840134522
SH.H2O.BASW.ZS,Agua potavel basica (% pop.),,Upper middle income,2009,89.7586581697519
SH.H2O.BASW.ZS,Agua potavel basica (% pop.),,Upper middle income,2008,89.1852718809404
SH.H2O.BASW.ZS,Agua potavel basica (% pop.),,Upper middle income,2007,88.5831291863465
SH.H2O.BASW.ZS,Agua potavel basica (% pop.),,Upper middle income,2006,87.9725832259382
SH.H2O.BASW.ZS,Agua potavel basica (% pop.),,Upper middle income,2005,87.3358659607427
SH.H2O.BASW.ZS,Agua potavel basica (% pop.),,Upper middle income,2004,86.6816212618753
SH.H2O.BASW.ZS,Agua potavel basica (% pop.),,Upper middle income,2003,86.0098566630957
SH.H2O.BASW.ZS,Agua potavel basica (% pop.),,Upper middle income,2002,85.3162122170512
SH.H2O.BASW.ZS,Agua potavel basica (% pop.),,Upper middle income,2001,84.6087424284025
SH.H2O.BASW.ZS,Agua potavel basica (% pop.),,Upper middle income,2000,84.2010133502172
SH.H2O.BASW.ZS,Agua potavel basica (% pop.),ZAF,Africa do Sul,2024,90.1916801364739
SH.H2O.BASW.ZS,Agua potavel basica (% pop.),ZAF,Africa do Sul,2023,90.4386965804708
SH.H2O.BASW.ZS,Agua potavel basica (% pop.),ZAF,Africa do Sul,2022,90.6825361107103
SH.H2O.BASW.ZS,Agua potavel basica (% pop.),ZAF,Africa do Sul,2021,90.9231026021655
SH.H2O.BASW.ZS,Agua potavel basica (% pop.),ZAF,Africa do Sul,2020,91.1598368082793
SH.H2O.BASW.ZS,Agua potavel basica (% pop.),ZAF,Africa do Sul,2019,91.3923995625225
SH.H2O.BASW.ZS,Agua potavel basica (% pop.),ZAF,Africa do Sul,2018,91.6208678269317
SH.H2O.BASW.ZS,Agua potavel basica (% pop.),ZAF,Africa do Sul,2017,91.844654961916
SH.H2O.BASW.ZS,Agua potavel basica (% pop.),ZAF,Africa do Sul,2016,92.0633898282653
SH.H2O.BASW.ZS,Agua potavel basica (% pop.),ZAF,Africa do Sul,2015,92.2766813341795
SH.H2O.BASW.ZS,Agua potavel basica (% pop.),ZAF,Africa do Sul,2014,92.4843371456174
SH.H2O.BASW.ZS,Agua potavel basica (% pop.),ZAF,Africa do Sul,2013,92.0754416048639
SH.H2O.BASW.ZS,Agua potavel basica (% pop.),ZAF,Africa do Sul,2012,91.6578231075925
SH.H2O.BASW.ZS,Agua potavel basica (% pop.),ZAF,Africa do Sul,2011,91.2307992186561
SH.H2O.BASW.ZS,Agua potavel basica (% pop.),ZAF,Africa do Sul,2010,90.7948993263466
SH.H2O.BASW.ZS,Agua potavel basica (% pop.),ZAF,Africa do Sul,2009,90.3498541806487
SH.H2O.BASW.ZS,Agua potavel basica (% pop.),ZAF,Africa do Sul,2008,89.895824706748
SH.H2O.BASW.ZS,Agua potavel basica (% pop.),ZAF,Africa do Sul,2007,89.4320344752116
SH.H2O.BASW.ZS,Agua potavel basica (% pop.),ZAF,Africa do Sul,2006,88.9593651216847
SH.H2O.BASW.ZS,Agua potavel basica (% pop.),ZAF,Africa do Sul,2005,88.4775318362901
SH.H2O.BASW.ZS,Agua potavel basica (% pop.),ZAF,Africa do Sul,2004,87.9864909045076
SH.H2O.BASW.ZS,Agua potavel basica (% pop.),ZAF,Africa do Sul,2003,87.4856409014173
SH.H2O.BASW.ZS,Agua potavel basica (% pop.),ZAF,Africa do Sul,2002,86.9757383414211
SH.H2O.BASW.ZS,Agua potavel basica (% pop.),ZAF,Africa do Sul,2001,86.4622424726781
SH.H2O.BASW.ZS,Agua potavel basica (% pop.),ZAF,Africa do Sul,2000,85.9559975488844
SH.IMM.IDPT,Cobertura vacinal DTP3 (%),ARG,Argentina,2024,75.0
SH.IMM.IDPT,Cobertura vacinal DTP3 (%),ARG,Argentina,2023,66.0
SH.IMM.IDPT,Cobertura vacinal DTP3 (%),ARG,Argentina,2022,84.0
SH.IMM.IDPT,Cobertura vacinal DTP3 (%),ARG,Argentina,2021,81.0
SH.IMM.IDPT,Cobertura vacinal DTP3 (%),ARG,Argentina,2020,74.0
SH.IMM.IDPT,Cobertura vacinal DTP3 (%),ARG,Argentina,2019,83.0
SH.IMM.IDPT,Cobertura vacinal DTP3 (%),ARG,Argentina,2018,86.0
SH.IMM.IDPT,Cobertura vacinal DTP3 (%),ARG,Argentina,2017,88.0
SH.IMM.IDPT,Cobertura vacinal DTP3 (%),ARG,Argentina,2016,92.0
SH.IMM.IDPT,Cobertura vacinal DTP3 (%),ARG,Argentina,2015,94.0
SH.IMM.IDPT,Cobertura vacinal DTP3 (%),ARG,Argentina,2014,94.0
SH.IMM.IDPT,Cobertura vacinal DTP3 (%),ARG,Argentina,2013,94.0
SH.IMM.IDPT,Cobertura vacinal DTP3 (%),ARG,Argentina,2012,91.0
SH.IMM.IDPT,Cobertura vacinal DTP3 (%),ARG,Argentina,2011,91.0
SH.IMM.IDPT,Cobertura vacinal DTP3 (%),ARG,Argentina,2010,94.0
SH.IMM.IDPT,Cobertura vacinal DTP3 (%),ARG,Argentina,2009,94.0
SH.IMM.IDPT,Cobertura vacinal DTP3 (%),ARG,Argentina,2008,93.0
SH.IMM.IDPT,Cobertura vacinal DTP3 (%),ARG,Argentina,2007,91.0
SH.IMM.IDPT,Cobertura vacinal DTP3 (%),ARG,Argentina,2006,91.0
SH.IMM.IDPT,Cobertura vacinal DTP3 (%),ARG,Argentina,2005,98.0
SH.IMM.IDPT,Cobertura vacinal DTP3 (%),ARG,Argentina,2004,98.0
SH.IMM.IDPT,Cobertura vacinal DTP3 (%),ARG,Argentina,2003,96.0
SH.IMM.IDPT,Cobertura vacinal DTP3 (%),ARG,Argentina,2002,93.0
SH.IMM.IDPT,Cobertura vacinal DTP3 (%),ARG,Argentina,2001,83.0
SH.IMM.IDPT,Cobertura vacinal DTP3 (%),ARG,Argentina,2000,83.0
SH.IMM.IDPT,Cobertura vacinal DTP3 (%),ARG,Argentina,1999,86.0
SH.IMM.IDPT,Cobertura vacinal DTP3 (%),ARG,Argentina,1998,84.0
SH.IMM.IDPT,Cobertura vacinal DTP3 (%),ARG,Argentina,1997,88.0
SH.IMM.IDPT,Cobertura vacinal DTP3 (%),ARG,Argentina,1996,83.0
SH.IMM.IDPT,Cobertura vacinal DTP3 (%),ARG,Argentina,1995,85.0
SH.IMM.IDPT,Cobertura vacinal DTP3 (%),BRA,Brasil,2024,91.0
SH.IMM.IDPT,Cobertura vacinal DTP3 (%),BRA,Brasil,2023,90.0
SH.IMM.IDPT,Cobertura vacinal DTP3 (%),BRA,Brasil,2022,77.0
SH.IMM.IDPT,Cobertura vacinal DTP3 (%),BRA,Brasil,2021,68.0
SH.IMM.IDPT,Cobertura vacinal DTP3 (%),BRA,Brasil,2020,77.0
SH.IMM.IDPT,Cobertura vacinal DTP3 (%),BRA,Brasil,2019,70.0
SH.IMM.IDPT,Cobertura vacinal DTP3 (%),BRA,Brasil,2018,87.0
SH.IMM.IDPT,Cobertura vacinal DTP3 (%),BRA,Brasil,2017,83.0
SH.IMM.IDPT,Cobertura vacinal DTP3 (%),BRA,Brasil,2016,89.0
SH.IMM.IDPT,Cobertura vacinal DTP3 (%),BRA,Brasil,2015,96.0
SH.IMM.IDPT,Cobertura vacinal DTP3 (%),BRA,Brasil,2014,93.0
SH.IMM.IDPT,Cobertura vacinal DTP3 (%),BRA,Brasil,2013,97.0
SH.IMM.IDPT,Cobertura vacinal DTP3 (%),BRA,Brasil,2012,95.0
SH.IMM.IDPT,Cobertura vacinal DTP3 (%),BRA,Brasil,2011,99.0
SH.IMM.IDPT,Cobertura vacinal DTP3 (%),BRA,Brasil,2010,99.0
SH.IMM.IDPT,Cobertura vacinal DTP3 (%),BRA,Brasil,2009,99.0
SH.IMM.IDPT,Cobertura vacinal DTP3 (%),BRA,Brasil,2008,99.0
SH.IMM.IDPT,Cobertura vacinal DTP3 (%),BRA,Brasil,2007,99.0
SH.IMM.IDPT,Cobertura vacinal DTP3 (%),BRA,Brasil,2006,99.0
SH.IMM.IDPT,Cobertura vacinal DTP3 (%),BRA,Brasil,2005,99.0
SH.IMM.IDPT,Cobertura vacinal DTP3 (%),BRA,Brasil,2004,99.0
SH.IMM.IDPT,Cobertura vacinal DTP3 (%),BRA,Brasil,2003,99.0
SH.IMM.IDPT,Cobertura vacinal DTP3 (%),BRA,Brasil,2002,99.0
SH.IMM.IDPT,Cobertura vacinal DTP3 (%),BRA,Brasil,2001,98.0
SH.IMM.IDPT,Cobertura vacinal DTP3 (%),BRA,Brasil,2000,98.0
SH.IMM.IDPT,Cobertura vacinal DTP3 (%),BRA,Brasil,1999,94.0
SH.IMM.IDPT,Cobertura vacinal DTP3 (%),BRA,Brasil,1998,93.0
SH.IMM.IDPT,Cobertura vacinal DTP3 (%),BRA,Brasil,1997,79.0
SH.IMM.IDPT,Cobertura vacinal DTP3 (%),BRA,Brasil,1996,77.0
SH.IMM.IDPT,Cobertura vacinal DTP3 (%),BRA,Brasil,1995,81.0
SH.IMM.IDPT,Cobertura vacinal DTP3 (%),CHL,Chile,2024,95.0
SH.IMM.IDPT,Cobertura vacinal DTP3 (%),CHL,Chile,2023,96.0
SH.IMM.IDPT,Cobertura vacinal DTP3 (%),CHL,Chile,2022,96.0
SH.IMM.IDPT,Cobertura vacinal DTP3 (%),CHL,Chile,2021,95.0
SH.IMM.IDPT,Cobertura vacinal DTP3 (%),CHL,Chile,2020,93.0
SH.IMM.IDPT,Cobertura vacinal DTP3 (%),CHL,Chile,2019,96.0
SH.IMM.IDPT,Cobertura vacinal DTP3 (%),CHL,Chile,2018,95.0
SH.IMM.IDPT,Cobertura vacinal DTP3 (%),CHL,Chile,2017,93.0
SH.IMM.IDPT,Cobertura vacinal DTP3 (%),CHL,Chile,2016,95.0
SH.IMM.IDPT,Cobertura vacinal DTP3 (%),CHL,Chile,2015,96.0
SH.IMM.IDPT,Cobertura vacinal DTP3 (%),CHL,Chile,2014,95.0
SH.IMM.IDPT,Cobertura vacinal DTP3 (%),CHL,Chile,2013,91.0
SH.IMM.IDPT,Cobertura vacinal DTP3 (%),CHL,Chile,2012,90.0
SH.IMM.IDPT,Cobertura vacinal DTP3 (%),CHL,Chile,2011,94.0
SH.IMM.IDPT,Cobertura vacinal DTP3 (%),CHL,Chile,2010,92.0
SH.IMM.IDPT,Cobertura vacinal DTP3 (%),CHL,Chile,2009,94.0
SH.IMM.IDPT,Cobertura vacinal DTP3 (%),CHL,Chile,2008,95.0
SH.IMM.IDPT,Cobertura vacinal DTP3 (%),CHL,Chile,2007,96.0
SH.IMM.IDPT,Cobertura vacinal DTP3 (%),CHL,Chile,2006,94.0
SH.IMM.IDPT,Cobertura vacinal DTP3 (%),CHL,Chile,2005,91.0
SH.IMM.IDPT,Cobertura vacinal DTP3 (%),CHL,Chile,2004,93.0
SH.IMM.IDPT,Cobertura vacinal DTP3 (%),CHL,Chile,2003,96.0
SH.IMM.IDPT,Cobertura vacinal DTP3 (%),CHL,Chile,2002,97.0
SH.IMM.IDPT,Cobertura vacinal DTP3 (%),CHL,Chile,2001,97.0
SH.IMM.IDPT,Cobertura vacinal DTP3 (%),CHL,Chile,2000,91.0
SH.IMM.IDPT,Cobertura vacinal DTP3 (%),CHL,Chile,1999,95.0
SH.IMM.IDPT,Cobertura vacinal DTP3 (%),CHL,Chile,1998,90.0
SH.IMM.IDPT,Cobertura vacinal DTP3 (%),CHL,Chile,1997,90.0
SH.IMM.IDPT,Cobertura vacinal DTP3 (%),CHL,Chile,1996,91.0
SH.IMM.IDPT,Cobertura vacinal DTP3 (%),CHL,Chile,1995,94.0
SH.IMM.IDPT,Cobertura vacinal DTP3 (%),CHN,China,2024,97.0
SH.IMM.IDPT,Cobertura vacinal DTP3 (%),CHN,China,2023,96.0
SH.IMM.IDPT,Cobertura vacinal DTP3 (%),CHN,China,2022,99.0
SH.IMM.IDPT,Cobertura vacinal DTP3 (%),CHN,China,2021,99.0
SH.IMM.IDPT,Cobertura vacinal DTP3 (%),CHN,China,2020,99.0
SH.IMM.IDPT,Cobertura vacinal DTP3 (%),CHN,China,2019,99.0
SH.IMM.IDPT,Cobertura vacinal DTP3 (%),CHN,China,2018,99.0
SH.IMM.IDPT,Cobertura vacinal DTP3 (%),CHN,China,2017,99.0
SH.IMM.IDPT,Cobertura vacinal DTP3 (%),CHN,China,2016,99.0
SH.IMM.IDPT,Cobertura vacinal DTP3 (%),CHN,China,2015,99.0
SH.IMM.IDPT,Cobertura vacinal DTP3 (%),CHN,China,2014,99.0
SH.IMM.IDPT,Cobertura vacinal DTP3 (%),CHN,China,2013,99.0
SH.IMM.IDPT,Cobertura vacinal DTP3 (%),CHN,China,2012,99.0
SH.IMM.IDPT,Cobertura vacinal DTP3 (%),CHN,China,2011,99.0
SH.IMM.IDPT,Cobertura vacinal DTP3 (%),CHN,China,2010,99.0
SH.IMM.IDPT,Cobertura vacinal DTP3 (%),CHN,China,2009,99.0
SH.IMM.IDPT,Cobertura vacinal DTP3 (%),CHN,China,2008,97.0
SH.IMM.IDPT,Cobertura vacinal DTP3 (%),CHN,China,2007,93.0
SH.IMM.IDPT,Cobertura vacinal DTP3 (%),CHN,China,2006,93.0
SH.IMM.IDPT,Cobertura vacinal DTP3 (%),CHN,China,2005,87.0
SH.IMM.IDPT,Cobertura vacinal DTP3 (%),CHN,China,2004,87.0
SH.IMM.IDPT,Cobertura vacinal DTP3 (%),CHN,China,2003,86.0
SH.IMM.IDPT,Cobertura vacinal DTP3 (%),CHN,China,2002,86.0
SH.IMM.IDPT,Cobertura vacinal DTP3 (%),CHN,China,2001,86.0
SH.IMM.IDPT,Cobertura vacinal DTP3 (%),CHN,China,2000,85.0
SH.IMM.IDPT,Cobertura vacinal DTP3 (%),CHN,China,1999,85.0
SH.IMM.IDPT,Cobertura vacinal DTP3 (%),CHN,China,1998,84.0
SH.IMM.IDPT,Cobertura vacinal DTP3 (%),CHN,China,1997,84.0
SH.IMM.IDPT,Cobertura vacinal DTP3 (%),CHN,China,1996,83.0
SH.IMM.IDPT,Cobertura vacinal DTP3 (%),CHN,China,1995,80.0
SH.IMM.IDPT,Cobertura vacinal DTP3 (%),COL,Colombia,2024,89.0
SH.IMM.IDPT,Cobertura vacinal DTP3 (%),COL,Colombia,2023,90.0
SH.IMM.IDPT,Cobertura vacinal DTP3 (%),COL,Colombia,2022,87.0
SH.IMM.IDPT,Cobertura vacinal DTP3 (%),COL,Colombia,2021,87.0
SH.IMM.IDPT,Cobertura vacinal DTP3 (%),COL,Colombia,2020,88.0
SH.IMM.IDPT,Cobertura vacinal DTP3 (%),COL,Colombia,2019,94.0
SH.IMM.IDPT,Cobertura vacinal DTP3 (%),COL,Colombia,2018,92.0
SH.IMM.IDPT,Cobertura vacinal DTP3 (%),COL,Colombia,2017,92.0
SH.IMM.IDPT,Cobertura vacinal DTP3 (%),COL,Colombia,2016,91.0
SH.IMM.IDPT,Cobertura vacinal DTP3 (%),COL,Colombia,2015,91.0
SH.IMM.IDPT,Cobertura vacinal DTP3 (%),COL,Colombia,2014,90.0
SH.IMM.IDPT,Cobertura vacinal DTP3 (%),COL,Colombia,2013,91.0
SH.IMM.IDPT,Cobertura vacinal DTP3 (%),COL,Colombia,2012,92.0
SH.IMM.IDPT,Cobertura vacinal DTP3 (%),COL,Colombia,2011,85.0
SH.IMM.IDPT,Cobertura vacinal DTP3 (%),COL,Colombia,2010,88.0
SH.IMM.IDPT,Cobertura vacinal DTP3 (%),COL,Colombia,2009,92.0
SH.IMM.IDPT,Cobertura vacinal DTP3 (%),COL,Colombia,2008,92.0
SH.IMM.IDPT,Cobertura vacinal DTP3 (%),COL,Colombia,2007,94.0
SH.IMM.IDPT,Cobertura vacinal DTP3 (%),COL,Colombia,2006,93.0
SH.IMM.IDPT,Cobertura vacinal DTP3 (%),COL,Colombia,2005,93.0
SH.IMM.IDPT,Cobertura vacinal DTP3 (%),COL,Colombia,2004,89.0
SH.IMM.IDPT,Cobertura vacinal DTP3 (%),COL,Colombia,2003,92.0
SH.IMM.IDPT,Cobertura vacinal DTP3 (%),COL,Colombia,2002,81.0
SH.IMM.IDPT,Cobertura vacinal DTP3 (%),COL,Colombia,2001,80.0
SH.IMM.IDPT,Cobertura vacinal DTP3 (%),COL,Colombia,2000,79.0
SH.IMM.IDPT,Cobertura vacinal DTP3 (%),COL,Colombia,1999,74.0
SH.IMM.IDPT,Cobertura vacinal DTP3 (%),COL,Colombia,1998,73.0
SH.IMM.IDPT,Cobertura vacinal DTP3 (%),COL,Colombia,1997,84.0
SH.IMM.IDPT,Cobertura vacinal DTP3 (%),COL,Colombia,1996,85.0
SH.IMM.IDPT,Cobertura vacinal DTP3 (%),COL,Colombia,1995,85.0
SH.IMM.IDPT,Cobertura vacinal DTP3 (%),ECU,Equador,2024,70.0
SH.IMM.IDPT,Cobertura vacinal DTP3 (%),ECU,Equador,2023,70.0
SH.IMM.IDPT,Cobertura vacinal DTP3 (%),ECU,Equador,2022,70.0
SH.IMM.IDPT,Cobertura vacinal DTP3 (%),ECU,Equador,2021,72.0
SH.IMM.IDPT,Cobertura vacinal DTP3 (%),ECU,Equador,2020,70.0
SH.IMM.IDPT,Cobertura vacinal DTP3 (%),ECU,Equador,2019,85.0
SH.IMM.IDPT,Cobertura vacinal DTP3 (%),ECU,Equador,2018,85.0
SH.IMM.IDPT,Cobertura vacinal DTP3 (%),ECU,Equador,2017,85.0
SH.IMM.IDPT,Cobertura vacinal DTP3 (%),ECU,Equador,2016,83.0
SH.IMM.IDPT,Cobertura vacinal DTP3 (%),ECU,Equador,2015,78.0
SH.IMM.IDPT,Cobertura vacinal DTP3 (%),ECU,Equador,2014,83.0
SH.IMM.IDPT,Cobertura vacinal DTP3 (%),ECU,Equador,2013,87.0
SH.IMM.IDPT,Cobertura vacinal DTP3 (%),ECU,Equador,2012,87.0
SH.IMM.IDPT,Cobertura vacinal DTP3 (%),ECU,Equador,2011,88.0
SH.IMM.IDPT,Cobertura vacinal DTP3 (%),ECU,Equador,2010,91.0
SH.IMM.IDPT,Cobertura vacinal DTP3 (%),ECU,Equador,2009,94.0
SH.IMM.IDPT,Cobertura vacinal DTP3 (%),ECU,Equador,2008,96.0
SH.IMM.IDPT,Cobertura vacinal DTP3 (%),ECU,Equador,2007,96.0
SH.IMM.IDPT,Cobertura vacinal DTP3 (%),ECU,Equador,2006,96.0
SH.IMM.IDPT,Cobertura vacinal DTP3 (%),ECU,Equador,2005,92.0
SH.IMM.IDPT,Cobertura vacinal DTP3 (%),ECU,Equador,2004,88.0
SH.IMM.IDPT,Cobertura vacinal DTP3 (%),ECU,Equador,2003,87.0
SH.IMM.IDPT,Cobertura vacinal DTP3 (%),ECU,Equador,2002,88.0
SH.IMM.IDPT,Cobertura vacinal DTP3 (%),ECU,Equador,2001,89.0
SH.IMM.IDPT,Cobertura vacinal DTP3 (%),ECU,Equador,2000,87.0
SH.IMM.IDPT,Cobertura vacinal DTP3 (%),ECU,Equador,1999,79.0
SH.IMM.IDPT,Cobertura vacinal DTP3 (%),ECU,Equador,1998,85.0
SH.IMM.IDPT,Cobertura vacinal DTP3 (%),ECU,Equador,1997,81.0
SH.IMM.IDPT,Cobertura vacinal DTP3 (%),ECU,Equador,1996,82.0
SH.IMM.IDPT,Cobertura vacinal DTP3 (%),ECU,Equador,1995,83.0
SH.IMM.IDPT,Cobertura vacinal DTP3 (%),IDN,Indonesia,2024,78.0
SH.IMM.IDPT,Cobertura vacinal DTP3 (%),IDN,Indonesia,2023,83.0
SH.IMM.IDPT,Cobertura vacinal DTP3 (%),IDN,Indonesia,2022,91.0
SH.IMM.IDPT,Cobertura vacinal DTP3 (%),IDN,Indonesia,2021,67.0
SH.IMM.IDPT,Cobertura vacinal DTP3 (%),IDN,Indonesia,2020,77.0
SH.IMM.IDPT,Cobertura vacinal DTP3 (%),IDN,Indonesia,2019,85.0
SH.IMM.IDPT,Cobertura vacinal DTP3 (%),IDN,Indonesia,2018,85.0
SH.IMM.IDPT,Cobertura vacinal DTP3 (%),IDN,Indonesia,2017,85.0
SH.IMM.IDPT,Cobertura vacinal DTP3 (%),IDN,Indonesia,2016,84.0
SH.IMM.IDPT,Cobertura vacinal DTP3 (%),IDN,Indonesia,2015,84.0
SH.IMM.IDPT,Cobertura vacinal DTP3 (%),IDN,Indonesia,2014,88.0
SH.IMM.IDPT,Cobertura vacinal DTP3 (%),IDN,Indonesia,2013,92.0
SH.IMM.IDPT,Cobertura vacinal DTP3 (%),IDN,Indonesia,2012,87.0
SH.IMM.IDPT,Cobertura vacinal DTP3 (%),IDN,Indonesia,2011,81.0
SH.IMM.IDPT,Cobertura vacinal DTP3 (%),IDN,Indonesia,2010,81.0
SH.IMM.IDPT,Cobertura vacinal DTP3 (%),IDN,Indonesia,2009,78.0
SH.IMM.IDPT,Cobertura vacinal DTP3 (%),IDN,Indonesia,2008,77.0
SH.IMM.IDPT,Cobertura vacinal DTP3 (%),IDN,Indonesia,2007,73.0
SH.IMM.IDPT,Cobertura vacinal DTP3 (%),IDN,Indonesia,2006,72.0
SH.IMM.IDPT,Cobertura vacinal DTP3 (%),IDN,Indonesia,2005,72.0
SH.IMM.IDPT,Cobertura vacinal DTP3 (%),IDN,Indonesia,2004,71.0
SH.IMM.IDPT,Cobertura vacinal DTP3 (%),IDN,Indonesia,2003,71.0
SH.IMM.IDPT,Cobertura vacinal DTP3 (%),IDN,Indonesia,2002,70.0
SH.IMM.IDPT,Cobertura vacinal DTP3 (%),IDN,Indonesia,2001,76.0
SH.IMM.IDPT,Cobertura vacinal DTP3 (%),IDN,Indonesia,2000,75.0
SH.IMM.IDPT,Cobertura vacinal DTP3 (%),IDN,Indonesia,1999,75.0
SH.IMM.IDPT,Cobertura vacinal DTP3 (%),IDN,Indonesia,1998,74.0
SH.IMM.IDPT,Cobertura vacinal DTP3 (%),IDN,Indonesia,1997,73.0
SH.IMM.IDPT,Cobertura vacinal DTP3 (%),IDN,Indonesia,1996,72.0
SH.IMM.IDPT,Cobertura vacinal DTP3 (%),IDN,Indonesia,1995,69.0
SH.IMM.IDPT,Cobertura vacinal DTP3 (%),IND,India,2024,94.0
SH.IMM.IDPT,Cobertura vacinal DTP3 (%),IND,India,2023,91.0
SH.IMM.IDPT,Cobertura vacinal DTP3 (%),IND,India,2022,93.0
SH.IMM.IDPT,Cobertura vacinal DTP3 (%),IND,India,2021,85.0
SH.IMM.IDPT,Cobertura vacinal DTP3 (%),IND,India,2020,85.0
SH.IMM.IDPT,Cobertura vacinal DTP3 (%),IND,India,2019,91.0
SH.IMM.IDPT,Cobertura vacinal DTP3 (%),IND,India,2018,90.0
SH.IMM.IDPT,Cobertura vacinal DTP3 (%),IND,India,2017,89.0
SH.IMM.IDPT,Cobertura vacinal DTP3 (%),IND,India,2016,88.0
SH.IMM.IDPT,Cobertura vacinal DTP3 (%),IND,India,2015,87.0
SH.IMM.IDPT,Cobertura vacinal DTP3 (%),IND,India,2014,85.0
SH.IMM.IDPT,Cobertura vacinal DTP3 (%),IND,India,2013,83.0
SH.IMM.IDPT,Cobertura vacinal DTP3 (%),IND,India,2012,82.0
SH.IMM.IDPT,Cobertura vacinal DTP3 (%),IND,India,2011,82.0
SH.IMM.IDPT,Cobertura vacinal DTP3 (%),IND,India,2010,79.0
SH.IMM.IDPT,Cobertura vacinal DTP3 (%),IND,India,2009,74.0
SH.IMM.IDPT,Cobertura vacinal DTP3 (%),IND,India,2008,70.0
SH.IMM.IDPT,Cobertura vacinal DTP3 (%),IND,India,2007,64.0
SH.IMM.IDPT,Cobertura vacinal DTP3 (%),IND,India,2006,65.0
SH.IMM.IDPT,Cobertura vacinal DTP3 (%),IND,India,2005,65.0
SH.IMM.IDPT,Cobertura vacinal DTP3 (%),IND,India,2004,63.0
SH.IMM.IDPT,Cobertura vacinal DTP3 (%),IND,India,2003,61.0
SH.IMM.IDPT,Cobertura vacinal DTP3 (%),IND,India,2002,59.0
SH.IMM.IDPT,Cobertura vacinal DTP3 (%),IND,India,2001,59.0
SH.IMM.IDPT,Cobertura vacinal DTP3 (%),IND,India,2000,58.0
SH.IMM.IDPT,Cobertura vacinal DTP3 (%),IND,India,1999,59.0
SH.IMM.IDPT,Cobertura vacinal DTP3 (%),IND,India,1998,61.0
SH.IMM.IDPT,Cobertura vacinal DTP3 (%),IND,India,1997,62.0
SH.IMM.IDPT,Cobertura vacinal DTP3 (%),IND,India,1996,66.0
SH.IMM.IDPT,Cobertura vacinal DTP3 (%),IND,India,1995,71.0
SH.IMM.IDPT,Cobertura vacinal DTP3 (%),MEX,Mexico,2024,78.0
SH.IMM.IDPT,Cobertura vacinal DTP3 (%),MEX,Mexico,2023,85.0
SH.IMM.IDPT,Cobertura vacinal DTP3 (%),MEX,Mexico,2022,83.0
SH.IMM.IDPT,Cobertura vacinal DTP3 (%),MEX,Mexico,2021,78.0
SH.IMM.IDPT,Cobertura vacinal DTP3 (%),MEX,Mexico,2020,72.0
SH.IMM.IDPT,Cobertura vacinal DTP3 (%),MEX,Mexico,2019,82.0
SH.IMM.IDPT,Cobertura vacinal DTP3 (%),MEX,Mexico,2018,88.0
SH.IMM.IDPT,Cobertura vacinal DTP3 (%),MEX,Mexico,2017,85.0
SH.IMM.IDPT,Cobertura vacinal DTP3 (%),MEX,Mexico,2016,93.0
SH.IMM.IDPT,Cobertura vacinal DTP3 (%),MEX,Mexico,2015,87.0
SH.IMM.IDPT,Cobertura vacinal DTP3 (%),MEX,Mexico,2014,87.0
SH.IMM.IDPT,Cobertura vacinal DTP3 (%),MEX,Mexico,2013,83.0
SH.IMM.IDPT,Cobertura vacinal DTP3 (%),MEX,Mexico,2012,99.0
SH.IMM.IDPT,Cobertura vacinal DTP3 (%),MEX,Mexico,2011,97.0
SH.IMM.IDPT,Cobertura vacinal DTP3 (%),MEX,Mexico,2010,95.0
SH.IMM.IDPT,Cobertura vacinal DTP3 (%),MEX,Mexico,2009,95.0
SH.IMM.IDPT,Cobertura vacinal DTP3 (%),MEX,Mexico,2008,96.0
SH.IMM.IDPT,Cobertura vacinal DTP3 (%),MEX,Mexico,2007,98.0
SH.IMM.IDPT,Cobertura vacinal DTP3 (%),MEX,Mexico,2006,98.0
SH.IMM.IDPT,Cobertura vacinal DTP3 (%),MEX,Mexico,2005,98.0
SH.IMM.IDPT,Cobertura vacinal DTP3 (%),MEX,Mexico,2004,98.0
SH.IMM.IDPT,Cobertura vacinal DTP3 (%),MEX,Mexico,2003,98.0
SH.IMM.IDPT,Cobertura vacinal DTP3 (%),MEX,Mexico,2002,97.0
SH.IMM.IDPT,Cobertura vacinal DTP3 (%),MEX,Mexico,2001,97.0
SH.IMM.IDPT,Cobertura vacinal DTP3 (%),MEX,Mexico,2000,97.0
SH.IMM.IDPT,Cobertura vacinal DTP3 (%),MEX,Mexico,1999,96.0
SH.IMM.IDPT,Cobertura vacinal DTP3 (%),MEX,Mexico,1998,96.0
SH.IMM.IDPT,Cobertura vacinal DTP3 (%),MEX,Mexico,1997,95.0
SH.IMM.IDPT,Cobertura vacinal DTP3 (%),MEX,Mexico,1996,95.0
SH.IMM.IDPT,Cobertura vacinal DTP3 (%),MEX,Mexico,1995,91.0
SH.IMM.IDPT,Cobertura vacinal DTP3 (%),PER,Peru,2024,80.0
SH.IMM.IDPT,Cobertura vacinal DTP3 (%),PER,Peru,2023,84.0
SH.IMM.IDPT,Cobertura vacinal DTP3 (%),PER,Peru,2022,82.0
SH.IMM.IDPT,Cobertura vacinal DTP3 (%),PER,Peru,2021,82.0
SH.IMM.IDPT,Cobertura vacinal DTP3 (%),PER,Peru,2020,72.0
SH.IMM.IDPT,Cobertura vacinal DTP3 (%),PER,Peru,2019,88.0
SH.IMM.IDPT,Cobertura vacinal DTP3 (%),PER,Peru,2018,89.0
SH.IMM.IDPT,Cobertura vacinal DTP3 (%),PER,Peru,2017,89.0
SH.IMM.IDPT,Cobertura vacinal DTP3 (%),PER,Peru,2016,90.0
SH.IMM.IDPT,Cobertura vacinal DTP3 (%),PER,Peru,2015,90.0
SH.IMM.IDPT,Cobertura vacinal DTP3 (%),PER,Peru,2014,88.0
SH.IMM.IDPT,Cobertura vacinal DTP3 (%),PER,Peru,2013,88.0
SH.IMM.IDPT,Cobertura vacinal DTP3 (%),PER,Peru,2012,95.0
SH.IMM.IDPT,Cobertura vacinal DTP3 (%),PER,Peru,2011,91.0
SH.IMM.IDPT,Cobertura vacinal DTP3 (%),PER,Peru,2010,93.0
SH.IMM.IDPT,Cobertura vacinal DTP3 (%),PER,Peru,2009,93.0
SH.IMM.IDPT,Cobertura vacinal DTP3 (%),PER,Peru,2008,93.0
SH.IMM.IDPT,Cobertura vacinal DTP3 (%),PER,Peru,2007,93.0
SH.IMM.IDPT,Cobertura vacinal DTP3 (%),PER,Peru,2006,94.0
SH.IMM.IDPT,Cobertura vacinal DTP3 (%),PER,Peru,2005,77.0
SH.IMM.IDPT,Cobertura vacinal DTP3 (%),PER,Peru,2004,86.0
SH.IMM.IDPT,Cobertura vacinal DTP3 (%),PER,Peru,2003,94.0
SH.IMM.IDPT,Cobertura vacinal DTP3 (%),PER,Peru,2002,95.0
SH.IMM.IDPT,Cobertura vacinal DTP3 (%),PER,Peru,2001,90.0
SH.IMM.IDPT,Cobertura vacinal DTP3 (%),PER,Peru,2000,98.0
SH.IMM.IDPT,Cobertura vacinal DTP3 (%),PER,Peru,1999,99.0
SH.IMM.IDPT,Cobertura vacinal DTP3 (%),PER,Peru,1998,94.0
SH.IMM.IDPT,Cobertura vacinal DTP3 (%),PER,Peru,1997,90.0
SH.IMM.IDPT,Cobertura vacinal DTP3 (%),PER,Peru,1996,94.0
SH.IMM.IDPT,Cobertura vacinal DTP3 (%),PER,Peru,1995,90.0
SH.IMM.IDPT,Cobertura vacinal DTP3 (%),TUR,Turquia,2024,99.0
SH.IMM.IDPT,Cobertura vacinal DTP3 (%),TUR,Turquia,2023,99.0
SH.IMM.IDPT,Cobertura vacinal DTP3 (%),TUR,Turquia,2022,99.0
SH.IMM.IDPT,Cobertura vacinal DTP3 (%),TUR,Turquia,2021,95.0
SH.IMM.IDPT,Cobertura vacinal DTP3 (%),TUR,Turquia,2020,98.0
SH.IMM.IDPT,Cobertura vacinal DTP3 (%),TUR,Turquia,2019,99.0
SH.IMM.IDPT,Cobertura vacinal DTP3 (%),TUR,Turquia,2018,98.0
SH.IMM.IDPT,Cobertura vacinal DTP3 (%),TUR,Turquia,2017,96.0
SH.IMM.IDPT,Cobertura vacinal DTP3 (%),TUR,Turquia,2016,98.0
SH.IMM.IDPT,Cobertura vacinal DTP3 (%),TUR,Turquia,2015,97.0
SH.IMM.IDPT,Cobertura vacinal DTP3 (%),TUR,Turquia,2014,96.0
SH.IMM.IDPT,Cobertura vacinal DTP3 (%),TUR,Turquia,2013,98.0
SH.IMM.IDPT,Cobertura vacinal DTP3 (%),TUR,Turquia,2012,97.0
SH.IMM.IDPT,Cobertura vacinal DTP3 (%),TUR,Turquia,2011,97.0
SH.IMM.IDPT,Cobertura vacinal DTP3 (%),TUR,Turquia,2010,97.0
SH.IMM.IDPT,Cobertura vacinal DTP3 (%),TUR,Turquia,2009,96.0
SH.IMM.IDPT,Cobertura vacinal DTP3 (%),TUR,Turquia,2008,96.0
SH.IMM.IDPT,Cobertura vacinal DTP3 (%),TUR,Turquia,2007,96.0
SH.IMM.IDPT,Cobertura vacinal DTP3 (%),TUR,Turquia,2006,90.0
SH.IMM.IDPT,Cobertura vacinal DTP3 (%),TUR,Turquia,2005,90.0
SH.IMM.IDPT,Cobertura vacinal DTP3 (%),TUR,Turquia,2004,85.0
SH.IMM.IDPT,Cobertura vacinal DTP3 (%),TUR,Turquia,2003,68.0
SH.IMM.IDPT,Cobertura vacinal DTP3 (%),TUR,Turquia,2002,78.0
SH.IMM.IDPT,Cobertura vacinal DTP3 (%),TUR,Turquia,2001,88.0
SH.IMM.IDPT,Cobertura vacinal DTP3 (%),TUR,Turquia,2000,85.0
SH.IMM.IDPT,Cobertura vacinal DTP3 (%),TUR,Turquia,1999,79.0
SH.IMM.IDPT,Cobertura vacinal DTP3 (%),TUR,Turquia,1998,81.0
SH.IMM.IDPT,Cobertura vacinal DTP3 (%),TUR,Turquia,1997,79.0
SH.IMM.IDPT,Cobertura vacinal DTP3 (%),TUR,Turquia,1996,72.0
SH.IMM.IDPT,Cobertura vacinal DTP3 (%),TUR,Turquia,1995,67.0
SH.IMM.IDPT,Cobertura vacinal DTP3 (%),,Upper middle income,2024,88.4018615004499
SH.IMM.IDPT,Cobertura vacinal DTP3 (%),,Upper middle income,2023,89.1668451280312
SH.IMM.IDPT,Cobertura vacinal DTP3 (%),,Upper middle income,2022,90.8125653512196
SH.IMM.IDPT,Cobertura vacinal DTP3 (%),,Upper middle income,2021,85.7515551900538
SH.IMM.IDPT,Cobertura vacinal DTP3 (%),,Upper middle income,2020,88.7511873502147
SH.IMM.IDPT,Cobertura vacinal DTP3 (%),,Upper middle income,2019,91.2372525167373
SH.IMM.IDPT,Cobertura vacinal DTP3 (%),,Upper middle income,2018,92.2853707183956
SH.IMM.IDPT,Cobertura vacinal DTP3 (%),,Upper middle income,2017,92.3452142753151
SH.IMM.IDPT,Cobertura vacinal DTP3 (%),,Upper middle income,2016,92.4269209737057
SH.IMM.IDPT,Cobertura vacinal DTP3 (%),,Upper middle income,2015,92.1572344514414
SH.IMM.IDPT,Cobertura vacinal DTP3 (%),,Upper middle income,2014,92.6023050148391
SH.IMM.IDPT,Cobertura vacinal DTP3 (%),,Upper middle income,2013,92.8673913091492
SH.IMM.IDPT,Cobertura vacinal DTP3 (%),,Upper middle income,2012,94.2847209129236
SH.IMM.IDPT,Cobertura vacinal DTP3 (%),,Upper middle income,2011,93.5396751829963
SH.IMM.IDPT,Cobertura vacinal DTP3 (%),,Upper middle income,2010,93.4212244929394
SH.IMM.IDPT,Cobertura vacinal DTP3 (%),,Upper middle income,2009,93.5788961701604
SH.IMM.IDPT,Cobertura vacinal DTP3 (%),,Upper middle income,2008,92.6562439925105
SH.IMM.IDPT,Cobertura vacinal DTP3 (%),,Upper middle income,2007,90.577991338764
SH.IMM.IDPT,Cobertura vacinal DTP3 (%),,Upper middle income,2006,90.4292177783787
SH.IMM.IDPT,Cobertura vacinal DTP3 (%),,Upper middle income,2005,87.9161415654722
SH.IMM.IDPT,Cobertura vacinal DTP3 (%),,Upper middle income,2004,87.6014117113057
SH.IMM.IDPT,Cobertura vacinal DTP3 (%),,Upper middle income,2003,86.523425161698
SH.IMM.IDPT,Cobertura vacinal DTP3 (%),,Upper middle income,2002,85.535572383542
SH.IMM.IDPT,Cobertura vacinal DTP3 (%),,Upper middle income,2001,86.8376610744325
SH.IMM.IDPT,Cobertura vacinal DTP3 (%),,Upper middle income,2000,86.4833054981263
SH.IMM.IDPT,Cobertura vacinal DTP3 (%),,Upper middle income,1999,85.767806950482
SH.IMM.IDPT,Cobertura vacinal DTP3 (%),,Upper middle income,1998,85.2258386366638
SH.IMM.IDPT,Cobertura vacinal DTP3 (%),,Upper middle income,1997,84.255580101207
SH.IMM.IDPT,Cobertura vacinal DTP3 (%),,Upper middle income,1996,82.8469505520809
SH.IMM.IDPT,Cobertura vacinal DTP3 (%),,Upper middle income,1995,81.1466634937779
SH.IMM.IDPT,Cobertura vacinal DTP3 (%),ZAF,Africa do Sul,2024,74.0
SH.IMM.IDPT,Cobertura vacinal DTP3 (%),ZAF,Africa do Sul,2023,79.0
SH.IMM.IDPT,Cobertura vacinal DTP3 (%),ZAF,Africa do Sul,2022,85.0
SH.IMM.IDPT,Cobertura vacinal DTP3 (%),ZAF,Africa do Sul,2021,86.0
SH.IMM.IDPT,Cobertura vacinal DTP3 (%),ZAF,Africa do Sul,2020,84.0
SH.IMM.IDPT,Cobertura vacinal DTP3 (%),ZAF,Africa do Sul,2019,85.0
SH.IMM.IDPT,Cobertura vacinal DTP3 (%),ZAF,Africa do Sul,2018,82.0
SH.IMM.IDPT,Cobertura vacinal DTP3 (%),ZAF,Africa do Sul,2017,84.0
SH.IMM.IDPT,Cobertura vacinal DTP3 (%),ZAF,Africa do Sul,2016,85.0
SH.IMM.IDPT,Cobertura vacinal DTP3 (%),ZAF,Africa do Sul,2015,85.0
SH.IMM.IDPT,Cobertura vacinal DTP3 (%),ZAF,Africa do Sul,2014,85.0
SH.IMM.IDPT,Cobertura vacinal DTP3 (%),ZAF,Africa do Sul,2013,81.0
SH.IMM.IDPT,Cobertura vacinal DTP3 (%),ZAF,Africa do Sul,2012,71.0
SH.IMM.IDPT,Cobertura vacinal DTP3 (%),ZAF,Africa do Sul,2011,75.0
SH.IMM.IDPT,Cobertura vacinal DTP3 (%),ZAF,Africa do Sul,2010,77.0
SH.IMM.IDPT,Cobertura vacinal DTP3 (%),ZAF,Africa do Sul,2009,81.0
SH.IMM.IDPT,Cobertura vacinal DTP3 (%),ZAF,Africa do Sul,2008,82.0
SH.IMM.IDPT,Cobertura vacinal DTP3 (%),ZAF,Africa do Sul,2007,85.0
SH.IMM.IDPT,Cobertura vacinal DTP3 (%),ZAF,Africa do Sul,2006,84.0
SH.IMM.IDPT,Cobertura vacinal DTP3 (%),ZAF,Africa do Sul,2005,81.0
SH.IMM.IDPT,Cobertura vacinal DTP3 (%),ZAF,Africa do Sul,2004,74.0
SH.IMM.IDPT,Cobertura vacinal DTP3 (%),ZAF,Africa do Sul,2003,69.0
SH.IMM.IDPT,Cobertura vacinal DTP3 (%),ZAF,Africa do Sul,2002,70.0
SH.IMM.IDPT,Cobertura vacinal DTP3 (%),ZAF,Africa do Sul,2001,71.0
SH.IMM.IDPT,Cobertura vacinal DTP3 (%),ZAF,Africa do Sul,2000,73.0
SH.IMM.IDPT,Cobertura vacinal DTP3 (%),ZAF,Africa do Sul,1999,74.0
SH.IMM.IDPT,Cobertura vacinal DTP3 (%),ZAF,Africa do Sul,1998,75.0
SH.IMM.IDPT,Cobertura vacinal DTP3 (%),ZAF,Africa do Sul,1997,76.0
SH.IMM.IDPT,Cobertura vacinal DTP3 (%),ZAF,Africa do Sul,1996,73.0
SH.IMM.IDPT,Cobertura vacinal DTP3 (%),ZAF,Africa do Sul,1995,72.0
SH.IMM.MEAS,Cobertura vacinal sarampo (%),ARG,Argentina,2024,82.0
SH.IMM.MEAS,Cobertura vacinal sarampo (%),ARG,Argentina,2023,80.0
SH.IMM.MEAS,Cobertura vacinal sarampo (%),ARG,Argentina,2022,85.0
SH.IMM.MEAS,Cobertura vacinal sarampo (%),ARG,Argentina,2021,86.0
SH.IMM.MEAS,Cobertura vacinal sarampo (%),ARG,Argentina,2020,77.0
SH.IMM.MEAS,Cobertura vacinal sarampo (%),ARG,Argentina,2019,86.0
SH.IMM.MEAS,Cobertura vacinal sarampo (%),ARG,Argentina,2018,94.0
SH.IMM.MEAS,Cobertura vacinal sarampo (%),ARG,Argentina,2017,90.0
SH.IMM.MEAS,Cobertura vacinal sarampo (%),ARG,Argentina,2016,90.0
SH.IMM.MEAS,Cobertura vacinal sarampo (%),ARG,Argentina,2015,89.0
SH.IMM.MEAS,Cobertura vacinal sarampo (%),ARG,Argentina,2014,95.0
SH.IMM.MEAS,Cobertura vacinal sarampo (%),ARG,Argentina,2013,94.0
SH.IMM.MEAS,Cobertura vacinal sarampo (%),ARG,Argentina,2012,94.0
SH.IMM.MEAS,Cobertura vacinal sarampo (%),ARG,Argentina,2011,95.0
SH.IMM.MEAS,Cobertura vacinal sarampo (%),ARG,Argentina,2010,95.0
SH.IMM.MEAS,Cobertura vacinal sarampo (%),ARG,Argentina,2009,96.0
SH.IMM.MEAS,Cobertura vacinal sarampo (%),ARG,Argentina,2008,96.0
SH.IMM.MEAS,Cobertura vacinal sarampo (%),ARG,Argentina,2007,94.0
SH.IMM.MEAS,Cobertura vacinal sarampo (%),ARG,Argentina,2006,97.0
SH.IMM.MEAS,Cobertura vacinal sarampo (%),ARG,Argentina,2005,98.0
SH.IMM.MEAS,Cobertura vacinal sarampo (%),ARG,Argentina,2004,99.0
SH.IMM.MEAS,Cobertura vacinal sarampo (%),ARG,Argentina,2003,97.0
SH.IMM.MEAS,Cobertura vacinal sarampo (%),ARG,Argentina,2002,95.0
SH.IMM.MEAS,Cobertura vacinal sarampo (%),ARG,Argentina,2001,89.0
SH.IMM.MEAS,Cobertura vacinal sarampo (%),ARG,Argentina,2000,91.0
SH.IMM.MEAS,Cobertura vacinal sarampo (%),ARG,Argentina,1999,97.0
SH.IMM.MEAS,Cobertura vacinal sarampo (%),ARG,Argentina,1998,95.0
SH.IMM.MEAS,Cobertura vacinal sarampo (%),ARG,Argentina,1997,93.0
SH.IMM.MEAS,Cobertura vacinal sarampo (%),ARG,Argentina,1996,99.0
SH.IMM.MEAS,Cobertura vacinal sarampo (%),ARG,Argentina,1995,99.0
SH.IMM.MEAS,Cobertura vacinal sarampo (%),BRA,Brasil,2024,93.0
SH.IMM.MEAS,Cobertura vacinal sarampo (%),BRA,Brasil,2023,87.0
SH.IMM.MEAS,Cobertura vacinal sarampo (%),BRA,Brasil,2022,81.0
SH.IMM.MEAS,Cobertura vacinal sarampo (%),BRA,Brasil,2021,73.0
SH.IMM.MEAS,Cobertura vacinal sarampo (%),BRA,Brasil,2020,79.0
SH.IMM.MEAS,Cobertura vacinal sarampo (%),BRA,Brasil,2019,91.0
SH.IMM.MEAS,Cobertura vacinal sarampo (%),BRA,Brasil,2018,92.0
SH.IMM.MEAS,Cobertura vacinal sarampo (%),BRA,Brasil,2017,87.0
SH.IMM.MEAS,Cobertura vacinal sarampo (%),BRA,Brasil,2016,95.0
SH.IMM.MEAS,Cobertura vacinal sarampo (%),BRA,Brasil,2015,96.0
SH.IMM.MEAS,Cobertura vacinal sarampo (%),BRA,Brasil,2014,97.0
SH.IMM.MEAS,Cobertura vacinal sarampo (%),BRA,Brasil,2013,98.0
SH.IMM.MEAS,Cobertura vacinal sarampo (%),BRA,Brasil,2012,99.0
SH.IMM.MEAS,Cobertura vacinal sarampo (%),BRA,Brasil,2011,99.0
SH.IMM.MEAS,Cobertura vacinal sarampo (%),BRA,Brasil,2010,99.0
SH.IMM.MEAS,Cobertura vacinal sarampo (%),BRA,Brasil,2009,99.0
SH.IMM.MEAS,Cobertura vacinal sarampo (%),BRA,Brasil,2008,99.0
SH.IMM.MEAS,Cobertura vacinal sarampo (%),BRA,Brasil,2007,99.0
SH.IMM.MEAS,Cobertura vacinal sarampo (%),BRA,Brasil,2006,99.0
SH.IMM.MEAS,Cobertura vacinal sarampo (%),BRA,Brasil,2005,98.0
SH.IMM.MEAS,Cobertura vacinal sarampo (%),BRA,Brasil,2004,97.0
SH.IMM.MEAS,Cobertura vacinal sarampo (%),BRA,Brasil,2003,97.0
SH.IMM.MEAS,Cobertura vacinal sarampo (%),BRA,Brasil,2002,96.0
SH.IMM.MEAS,Cobertura vacinal sarampo (%),BRA,Brasil,2001,99.0
SH.IMM.MEAS,Cobertura vacinal sarampo (%),BRA,Brasil,2000,99.0
SH.IMM.MEAS,Cobertura vacinal sarampo (%),BRA,Brasil,1999,99.0
SH.IMM.MEAS,Cobertura vacinal sarampo (%),BRA,Brasil,1998,95.0
SH.IMM.MEAS,Cobertura vacinal sarampo (%),BRA,Brasil,1997,99.0
SH.IMM.MEAS,Cobertura vacinal sarampo (%),BRA,Brasil,1996,80.0
SH.IMM.MEAS,Cobertura vacinal sarampo (%),BRA,Brasil,1995,87.0
SH.IMM.MEAS,Cobertura vacinal sarampo (%),CHL,Chile,2024,93.0
SH.IMM.MEAS,Cobertura vacinal sarampo (%),CHL,Chile,2023,94.0
SH.IMM.MEAS,Cobertura vacinal sarampo (%),CHL,Chile,2022,94.0
SH.IMM.MEAS,Cobertura vacinal sarampo (%),CHL,Chile,2021,92.0
SH.IMM.MEAS,Cobertura vacinal sarampo (%),CHL,Chile,2020,91.0
SH.IMM.MEAS,Cobertura vacinal sarampo (%),CHL,Chile,2019,95.0
SH.IMM.MEAS,Cobertura vacinal sarampo (%),CHL,Chile,2018,93.0
SH.IMM.MEAS,Cobertura vacinal sarampo (%),CHL,Chile,2017,93.0
SH.IMM.MEAS,Cobertura vacinal sarampo (%),CHL,Chile,2016,93.0
SH.IMM.MEAS,Cobertura vacinal sarampo (%),CHL,Chile,2015,96.0
SH.IMM.MEAS,Cobertura vacinal sarampo (%),CHL,Chile,2014,97.0
SH.IMM.MEAS,Cobertura vacinal sarampo (%),CHL,Chile,2013,90.0
SH.IMM.MEAS,Cobertura vacinal sarampo (%),CHL,Chile,2012,90.0
SH.IMM.MEAS,Cobertura vacinal sarampo (%),CHL,Chile,2011,91.0
SH.IMM.MEAS,Cobertura vacinal sarampo (%),CHL,Chile,2010,93.0
SH.IMM.MEAS,Cobertura vacinal sarampo (%),CHL,Chile,2009,93.0
SH.IMM.MEAS,Cobertura vacinal sarampo (%),CHL,Chile,2008,96.0
SH.IMM.MEAS,Cobertura vacinal sarampo (%),CHL,Chile,2007,92.0
SH.IMM.MEAS,Cobertura vacinal sarampo (%),CHL,Chile,2006,91.0
SH.IMM.MEAS,Cobertura vacinal sarampo (%),CHL,Chile,2005,90.0
SH.IMM.MEAS,Cobertura vacinal sarampo (%),CHL,Chile,2004,94.0
SH.IMM.MEAS,Cobertura vacinal sarampo (%),CHL,Chile,2003,96.0
SH.IMM.MEAS,Cobertura vacinal sarampo (%),CHL,Chile,2002,95.0
SH.IMM.MEAS,Cobertura vacinal sarampo (%),CHL,Chile,2001,96.0
SH.IMM.MEAS,Cobertura vacinal sarampo (%),CHL,Chile,2000,97.0
SH.IMM.MEAS,Cobertura vacinal sarampo (%),CHL,Chile,1999,94.0
SH.IMM.MEAS,Cobertura vacinal sarampo (%),CHL,Chile,1998,98.0
SH.IMM.MEAS,Cobertura vacinal sarampo (%),CHL,Chile,1997,96.0
SH.IMM.MEAS,Cobertura vacinal sarampo (%),CHL,Chile,1996,93.0
SH.IMM.MEAS,Cobertura vacinal sarampo (%),CHL,Chile,1995,97.0
SH.IMM.MEAS,Cobertura vacinal sarampo (%),CHN,China,2024,95.0
SH.IMM.MEAS,Cobertura vacinal sarampo (%),CHN,China,2023,95.0
SH.IMM.MEAS,Cobertura vacinal sarampo (%),CHN,China,2022,99.0
SH.IMM.MEAS,Cobertura vacinal sarampo (%),CHN,China,2021,99.0
SH.IMM.MEAS,Cobertura vacinal sarampo (%),CHN,China,2020,99.0
SH.IMM.MEAS,Cobertura vacinal sarampo (%),CHN,China,2019,99.0
SH.IMM.MEAS,Cobertura vacinal sarampo (%),CHN,China,2018,99.0
SH.IMM.MEAS,Cobertura vacinal sarampo (%),CHN,China,2017,99.0
SH.IMM.MEAS,Cobertura vacinal sarampo (%),CHN,China,2016,99.0
SH.IMM.MEAS,Cobertura vacinal sarampo (%),CHN,China,2015,99.0
SH.IMM.MEAS,Cobertura vacinal sarampo (%),CHN,China,2014,99.0
SH.IMM.MEAS,Cobertura vacinal sarampo (%),CHN,China,2013,99.0
SH.IMM.MEAS,Cobertura vacinal sarampo (%),CHN,China,2012,99.0
SH.IMM.MEAS,Cobertura vacinal sarampo (%),CHN,China,2011,99.0
SH.IMM.MEAS,Cobertura vacinal sarampo (%),CHN,China,2010,99.0
SH.IMM.MEAS,Cobertura vacinal sarampo (%),CHN,China,2009,99.0
SH.IMM.MEAS,Cobertura vacinal sarampo (%),CHN,China,2008,97.0
SH.IMM.MEAS,Cobertura vacinal sarampo (%),CHN,China,2007,94.0
SH.IMM.MEAS,Cobertura vacinal sarampo (%),CHN,China,2006,93.0
SH.IMM.MEAS,Cobertura vacinal sarampo (%),CHN,China,2005,86.0
SH.IMM.MEAS,Cobertura vacinal sarampo (%),CHN,China,2004,86.0
SH.IMM.MEAS,Cobertura vacinal sarampo (%),CHN,China,2003,85.0
SH.IMM.MEAS,Cobertura vacinal sarampo (%),CHN,China,2002,85.0
SH.IMM.MEAS,Cobertura vacinal sarampo (%),CHN,China,2001,85.0
SH.IMM.MEAS,Cobertura vacinal sarampo (%),CHN,China,2000,84.0
SH.IMM.MEAS,Cobertura vacinal sarampo (%),CHN,China,1999,84.0
SH.IMM.MEAS,Cobertura vacinal sarampo (%),CHN,China,1998,83.0
SH.IMM.MEAS,Cobertura vacinal sarampo (%),CHN,China,1997,83.0
SH.IMM.MEAS,Cobertura vacinal sarampo (%),CHN,China,1996,84.0
SH.IMM.MEAS,Cobertura vacinal sarampo (%),CHN,China,1995,80.0
SH.IMM.MEAS,Cobertura vacinal sarampo (%),COL,Colombia,2024,93.0
SH.IMM.MEAS,Cobertura vacinal sarampo (%),COL,Colombia,2023,93.0
SH.IMM.MEAS,Cobertura vacinal sarampo (%),COL,Colombia,2022,88.0
SH.IMM.MEAS,Cobertura vacinal sarampo (%),COL,Colombia,2021,86.0
SH.IMM.MEAS,Cobertura vacinal sarampo (%),COL,Colombia,2020,90.0
SH.IMM.MEAS,Cobertura vacinal sarampo (%),COL,Colombia,2019,95.0
SH.IMM.MEAS,Cobertura vacinal sarampo (%),COL,Colombia,2018,95.0
SH.IMM.MEAS,Cobertura vacinal sarampo (%),COL,Colombia,2017,93.0
SH.IMM.MEAS,Cobertura vacinal sarampo (%),COL,Colombia,2016,93.0
SH.IMM.MEAS,Cobertura vacinal sarampo (%),COL,Colombia,2015,94.0
SH.IMM.MEAS,Cobertura vacinal sarampo (%),COL,Colombia,2014,91.0
SH.IMM.MEAS,Cobertura vacinal sarampo (%),COL,Colombia,2013,92.0
SH.IMM.MEAS,Cobertura vacinal sarampo (%),COL,Colombia,2012,94.0
SH.IMM.MEAS,Cobertura vacinal sarampo (%),COL,Colombia,2011,88.0
SH.IMM.MEAS,Cobertura vacinal sarampo (%),COL,Colombia,2010,88.0
SH.IMM.MEAS,Cobertura vacinal sarampo (%),COL,Colombia,2009,95.0
SH.IMM.MEAS,Cobertura vacinal sarampo (%),COL,Colombia,2008,92.0
SH.IMM.MEAS,Cobertura vacinal sarampo (%),COL,Colombia,2007,95.0
SH.IMM.MEAS,Cobertura vacinal sarampo (%),COL,Colombia,2006,95.0
SH.IMM.MEAS,Cobertura vacinal sarampo (%),COL,Colombia,2005,94.0
SH.IMM.MEAS,Cobertura vacinal sarampo (%),COL,Colombia,2004,92.0
SH.IMM.MEAS,Cobertura vacinal sarampo (%),COL,Colombia,2003,93.0
SH.IMM.MEAS,Cobertura vacinal sarampo (%),COL,Colombia,2002,93.0
SH.IMM.MEAS,Cobertura vacinal sarampo (%),COL,Colombia,2001,93.0
SH.IMM.MEAS,Cobertura vacinal sarampo (%),COL,Colombia,2000,88.0
SH.IMM.MEAS,Cobertura vacinal sarampo (%),COL,Colombia,1999,79.0
SH.IMM.MEAS,Cobertura vacinal sarampo (%),COL,Colombia,1998,78.0
SH.IMM.MEAS,Cobertura vacinal sarampo (%),COL,Colombia,1997,80.0
SH.IMM.MEAS,Cobertura vacinal sarampo (%),COL,Colombia,1996,90.0
SH.IMM.MEAS,Cobertura vacinal sarampo (%),COL,Colombia,1995,95.0
SH.IMM.MEAS,Cobertura vacinal sarampo (%),ECU,Equador,2024,74.0
SH.IMM.MEAS,Cobertura vacinal sarampo (%),ECU,Equador,2023,74.0
SH.IMM.MEAS,Cobertura vacinal sarampo (%),ECU,Equador,2022,74.0
SH.IMM.MEAS,Cobertura vacinal sarampo (%),ECU,Equador,2021,65.0
SH.IMM.MEAS,Cobertura vacinal sarampo (%),ECU,Equador,2020,81.0
SH.IMM.MEAS,Cobertura vacinal sarampo (%),ECU,Equador,2019,83.0
SH.IMM.MEAS,Cobertura vacinal sarampo (%),ECU,Equador,2018,83.0
SH.IMM.MEAS,Cobertura vacinal sarampo (%),ECU,Equador,2017,81.0
SH.IMM.MEAS,Cobertura vacinal sarampo (%),ECU,Equador,2016,86.0
SH.IMM.MEAS,Cobertura vacinal sarampo (%),ECU,Equador,2015,84.0
SH.IMM.MEAS,Cobertura vacinal sarampo (%),ECU,Equador,2014,85.0
SH.IMM.MEAS,Cobertura vacinal sarampo (%),ECU,Equador,2013,97.0
SH.IMM.MEAS,Cobertura vacinal sarampo (%),ECU,Equador,2012,96.0
SH.IMM.MEAS,Cobertura vacinal sarampo (%),ECU,Equador,2011,94.0
SH.IMM.MEAS,Cobertura vacinal sarampo (%),ECU,Equador,2010,95.0
SH.IMM.MEAS,Cobertura vacinal sarampo (%),ECU,Equador,2009,97.0
SH.IMM.MEAS,Cobertura vacinal sarampo (%),ECU,Equador,2008,98.0
SH.IMM.MEAS,Cobertura vacinal sarampo (%),ECU,Equador,2007,98.0
SH.IMM.MEAS,Cobertura vacinal sarampo (%),ECU,Equador,2006,97.0
SH.IMM.MEAS,Cobertura vacinal sarampo (%),ECU,Equador,2005,93.0
SH.IMM.MEAS,Cobertura vacinal sarampo (%),ECU,Equador,2004,99.0
SH.IMM.MEAS,Cobertura vacinal sarampo (%),ECU,Equador,2003,99.0
SH.IMM.MEAS,Cobertura vacinal sarampo (%),ECU,Equador,2002,99.0
SH.IMM.MEAS,Cobertura vacinal sarampo (%),ECU,Equador,2001,99.0
SH.IMM.MEAS,Cobertura vacinal sarampo (%),ECU,Equador,2000,99.0
SH.IMM.MEAS,Cobertura vacinal sarampo (%),ECU,Equador,1999,99.0
SH.IMM.MEAS,Cobertura vacinal sarampo (%),ECU,Equador,1998,89.0
SH.IMM.MEAS,Cobertura vacinal sarampo (%),ECU,Equador,1997,77.0
SH.IMM.MEAS,Cobertura vacinal sarampo (%),ECU,Equador,1996,79.0
SH.IMM.MEAS,Cobertura vacinal sarampo (%),ECU,Equador,1995,81.0
SH.IMM.MEAS,Cobertura vacinal sarampo (%),IDN,Indonesia,2024,85.0
SH.IMM.MEAS,Cobertura vacinal sarampo (%),IDN,Indonesia,2023,82.0
SH.IMM.MEAS,Cobertura vacinal sarampo (%),IDN,Indonesia,2022,92.0
SH.IMM.MEAS,Cobertura vacinal sarampo (%),IDN,Indonesia,2021,72.0
SH.IMM.MEAS,Cobertura vacinal sarampo (%),IDN,Indonesia,2020,76.0
SH.IMM.MEAS,Cobertura vacinal sarampo (%),IDN,Indonesia,2019,88.0
SH.IMM.MEAS,Cobertura vacinal sarampo (%),IDN,Indonesia,2018,89.0
SH.IMM.MEAS,Cobertura vacinal sarampo (%),IDN,Indonesia,2017,90.0
SH.IMM.MEAS,Cobertura vacinal sarampo (%),IDN,Indonesia,2016,88.0
SH.IMM.MEAS,Cobertura vacinal sarampo (%),IDN,Indonesia,2015,87.0
SH.IMM.MEAS,Cobertura vacinal sarampo (%),IDN,Indonesia,2014,86.0
SH.IMM.MEAS,Cobertura vacinal sarampo (%),IDN,Indonesia,2013,87.0
SH.IMM.MEAS,Cobertura vacinal sarampo (%),IDN,Indonesia,2012,82.0
SH.IMM.MEAS,Cobertura vacinal sarampo (%),IDN,Indonesia,2011,80.0
SH.IMM.MEAS,Cobertura vacinal sarampo (%),IDN,Indonesia,2010,78.0
SH.IMM.MEAS,Cobertura vacinal sarampo (%),IDN,Indonesia,2009,74.0
SH.IMM.MEAS,Cobertura vacinal sarampo (%),IDN,Indonesia,2008,76.0
SH.IMM.MEAS,Cobertura vacinal sarampo (%),IDN,Indonesia,2007,76.0
SH.IMM.MEAS,Cobertura vacinal sarampo (%),IDN,Indonesia,2006,79.0
SH.IMM.MEAS,Cobertura vacinal sarampo (%),IDN,Indonesia,2005,77.0
SH.IMM.MEAS,Cobertura vacinal sarampo (%),IDN,Indonesia,2004,76.0
SH.IMM.MEAS,Cobertura vacinal sarampo (%),IDN,Indonesia,2003,74.0
SH.IMM.MEAS,Cobertura vacinal sarampo (%),IDN,Indonesia,2002,72.0
SH.IMM.MEAS,Cobertura vacinal sarampo (%),IDN,Indonesia,2001,76.0
SH.IMM.MEAS,Cobertura vacinal sarampo (%),IDN,Indonesia,2000,76.0
SH.IMM.MEAS,Cobertura vacinal sarampo (%),IDN,Indonesia,1999,77.0
SH.IMM.MEAS,Cobertura vacinal sarampo (%),IDN,Indonesia,1998,77.0
SH.IMM.MEAS,Cobertura vacinal sarampo (%),IDN,Indonesia,1997,77.0
SH.IMM.MEAS,Cobertura vacinal sarampo (%),IDN,Indonesia,1996,79.0
SH.IMM.MEAS,Cobertura vacinal sarampo (%),IDN,Indonesia,1995,63.0
SH.IMM.MEAS,Cobertura vacinal sarampo (%),IND,India,2024,97.0
SH.IMM.MEAS,Cobertura vacinal sarampo (%),IND,India,2023,93.0
SH.IMM.MEAS,Cobertura vacinal sarampo (%),IND,India,2022,95.0
SH.IMM.MEAS,Cobertura vacinal sarampo (%),IND,India,2021,89.0
SH.IMM.MEAS,Cobertura vacinal sarampo (%),IND,India,2020,89.0
SH.IMM.MEAS,Cobertura vacinal sarampo (%),IND,India,2019,95.0
SH.IMM.MEAS,Cobertura vacinal sarampo (%),IND,India,2018,93.0
SH.IMM.MEAS,Cobertura vacinal sarampo (%),IND,India,2017,90.0
SH.IMM.MEAS,Cobertura vacinal sarampo (%),IND,India,2016,88.0
SH.IMM.MEAS,Cobertura vacinal sarampo (%),IND,India,2015,87.0
SH.IMM.MEAS,Cobertura vacinal sarampo (%),IND,India,2014,85.0
SH.IMM.MEAS,Cobertura vacinal sarampo (%),IND,India,2013,83.0
SH.IMM.MEAS,Cobertura vacinal sarampo (%),IND,India,2012,83.0
SH.IMM.MEAS,Cobertura vacinal sarampo (%),IND,India,2011,84.0
SH.IMM.MEAS,Cobertura vacinal sarampo (%),IND,India,2010,82.0
SH.IMM.MEAS,Cobertura vacinal sarampo (%),IND,India,2009,78.0
SH.IMM.MEAS,Cobertura vacinal sarampo (%),IND,India,2008,72.0
SH.IMM.MEAS,Cobertura vacinal sarampo (%),IND,India,2007,70.0
SH.IMM.MEAS,Cobertura vacinal sarampo (%),IND,India,2006,69.0
SH.IMM.MEAS,Cobertura vacinal sarampo (%),IND,India,2005,68.0
SH.IMM.MEAS,Cobertura vacinal sarampo (%),IND,India,2004,64.0
SH.IMM.MEAS,Cobertura vacinal sarampo (%),IND,India,2003,60.0
SH.IMM.MEAS,Cobertura vacinal sarampo (%),IND,India,2002,56.0
SH.IMM.MEAS,Cobertura vacinal sarampo (%),IND,India,2001,57.0
SH.IMM.MEAS,Cobertura vacinal sarampo (%),IND,India,2000,56.0
SH.IMM.MEAS,Cobertura vacinal sarampo (%),IND,India,1999,56.0
SH.IMM.MEAS,Cobertura vacinal sarampo (%),IND,India,1998,53.0
SH.IMM.MEAS,Cobertura vacinal sarampo (%),IND,India,1997,55.0
SH.IMM.MEAS,Cobertura vacinal sarampo (%),IND,India,1996,66.0
SH.IMM.MEAS,Cobertura vacinal sarampo (%),IND,India,1995,72.0
SH.IMM.MEAS,Cobertura vacinal sarampo (%),MEX,Mexico,2024,80.0
SH.IMM.MEAS,Cobertura vacinal sarampo (%),MEX,Mexico,2023,76.0
SH.IMM.MEAS,Cobertura vacinal sarampo (%),MEX,Mexico,2022,86.0
SH.IMM.MEAS,Cobertura vacinal sarampo (%),MEX,Mexico,2021,99.0
SH.IMM.MEAS,Cobertura vacinal sarampo (%),MEX,Mexico,2020,92.0
SH.IMM.MEAS,Cobertura vacinal sarampo (%),MEX,Mexico,2019,73.0
SH.IMM.MEAS,Cobertura vacinal sarampo (%),MEX,Mexico,2018,97.0
SH.IMM.MEAS,Cobertura vacinal sarampo (%),MEX,Mexico,2017,76.0
SH.IMM.MEAS,Cobertura vacinal sarampo (%),MEX,Mexico,2016,97.0
SH.IMM.MEAS,Cobertura vacinal sarampo (%),MEX,Mexico,2015,98.0
SH.IMM.MEAS,Cobertura vacinal sarampo (%),MEX,Mexico,2014,98.0
SH.IMM.MEAS,Cobertura vacinal sarampo (%),MEX,Mexico,2013,89.0
SH.IMM.MEAS,Cobertura vacinal sarampo (%),MEX,Mexico,2012,99.0
SH.IMM.MEAS,Cobertura vacinal sarampo (%),MEX,Mexico,2011,98.0
SH.IMM.MEAS,Cobertura vacinal sarampo (%),MEX,Mexico,2010,95.0
SH.IMM.MEAS,Cobertura vacinal sarampo (%),MEX,Mexico,2009,96.0
SH.IMM.MEAS,Cobertura vacinal sarampo (%),MEX,Mexico,2008,96.0
SH.IMM.MEAS,Cobertura vacinal sarampo (%),MEX,Mexico,2007,96.0
SH.IMM.MEAS,Cobertura vacinal sarampo (%),MEX,Mexico,2006,96.0
SH.IMM.MEAS,Cobertura vacinal sarampo (%),MEX,Mexico,2005,96.0
SH.IMM.MEAS,Cobertura vacinal sarampo (%),MEX,Mexico,2004,96.0
SH.IMM.MEAS,Cobertura vacinal sarampo (%),MEX,Mexico,2003,96.0
SH.IMM.MEAS,Cobertura vacinal sarampo (%),MEX,Mexico,2002,96.0
SH.IMM.MEAS,Cobertura vacinal sarampo (%),MEX,Mexico,2001,95.0
SH.IMM.MEAS,Cobertura vacinal sarampo (%),MEX,Mexico,2000,96.0
SH.IMM.MEAS,Cobertura vacinal sarampo (%),MEX,Mexico,1999,94.0
SH.IMM.MEAS,Cobertura vacinal sarampo (%),MEX,Mexico,1998,96.0
SH.IMM.MEAS,Cobertura vacinal sarampo (%),MEX,Mexico,1997,91.0
SH.IMM.MEAS,Cobertura vacinal sarampo (%),MEX,Mexico,1996,93.0
SH.IMM.MEAS,Cobertura vacinal sarampo (%),MEX,Mexico,1995,90.0
SH.IMM.MEAS,Cobertura vacinal sarampo (%),PER,Peru,2024,89.0
SH.IMM.MEAS,Cobertura vacinal sarampo (%),PER,Peru,2023,84.0
SH.IMM.MEAS,Cobertura vacinal sarampo (%),PER,Peru,2022,74.0
SH.IMM.MEAS,Cobertura vacinal sarampo (%),PER,Peru,2021,78.0
SH.IMM.MEAS,Cobertura vacinal sarampo (%),PER,Peru,2020,77.0
SH.IMM.MEAS,Cobertura vacinal sarampo (%),PER,Peru,2019,85.0
SH.IMM.MEAS,Cobertura vacinal sarampo (%),PER,Peru,2018,86.0
SH.IMM.MEAS,Cobertura vacinal sarampo (%),PER,Peru,2017,88.0
SH.IMM.MEAS,Cobertura vacinal sarampo (%),PER,Peru,2016,89.0
SH.IMM.MEAS,Cobertura vacinal sarampo (%),PER,Peru,2015,92.0
SH.IMM.MEAS,Cobertura vacinal sarampo (%),PER,Peru,2014,89.0
SH.IMM.MEAS,Cobertura vacinal sarampo (%),PER,Peru,2013,85.0
SH.IMM.MEAS,Cobertura vacinal sarampo (%),PER,Peru,2012,94.0
SH.IMM.MEAS,Cobertura vacinal sarampo (%),PER,Peru,2011,96.0
SH.IMM.MEAS,Cobertura vacinal sarampo (%),PER,Peru,2010,94.0
SH.IMM.MEAS,Cobertura vacinal sarampo (%),PER,Peru,2009,91.0
SH.IMM.MEAS,Cobertura vacinal sarampo (%),PER,Peru,2008,92.0
SH.IMM.MEAS,Cobertura vacinal sarampo (%),PER,Peru,2007,92.0
SH.IMM.MEAS,Cobertura vacinal sarampo (%),PER,Peru,2006,93.0
SH.IMM.MEAS,Cobertura vacinal sarampo (%),PER,Peru,2005,77.0
SH.IMM.MEAS,Cobertura vacinal sarampo (%),PER,Peru,2004,85.0
SH.IMM.MEAS,Cobertura vacinal sarampo (%),PER,Peru,2003,95.0
SH.IMM.MEAS,Cobertura vacinal sarampo (%),PER,Peru,2002,95.0
SH.IMM.MEAS,Cobertura vacinal sarampo (%),PER,Peru,2001,97.0
SH.IMM.MEAS,Cobertura vacinal sarampo (%),PER,Peru,2000,97.0
SH.IMM.MEAS,Cobertura vacinal sarampo (%),PER,Peru,1999,93.0
SH.IMM.MEAS,Cobertura vacinal sarampo (%),PER,Peru,1998,93.0
SH.IMM.MEAS,Cobertura vacinal sarampo (%),PER,Peru,1997,91.0
SH.IMM.MEAS,Cobertura vacinal sarampo (%),PER,Peru,1996,87.0
SH.IMM.MEAS,Cobertura vacinal sarampo (%),PER,Peru,1995,98.0
SH.IMM.MEAS,Cobertura vacinal sarampo (%),TUR,Turquia,2024,95.0
SH.IMM.MEAS,Cobertura vacinal sarampo (%),TUR,Turquia,2023,95.0
SH.IMM.MEAS,Cobertura vacinal sarampo (%),TUR,Turquia,2022,95.0
SH.IMM.MEAS,Cobertura vacinal sarampo (%),TUR,Turquia,2021,96.0
SH.IMM.MEAS,Cobertura vacinal sarampo (%),TUR,Turquia,2020,95.0
SH.IMM.MEAS,Cobertura vacinal sarampo (%),TUR,Turquia,2019,97.0
SH.IMM.MEAS,Cobertura vacinal sarampo (%),TUR,Turquia,2018,96.0
SH.IMM.MEAS,Cobertura vacinal sarampo (%),TUR,Turquia,2017,96.0
SH.IMM.MEAS,Cobertura vacinal sarampo (%),TUR,Turquia,2016,98.0
SH.IMM.MEAS,Cobertura vacinal sarampo (%),TUR,Turquia,2015,97.0
SH.IMM.MEAS,Cobertura vacinal sarampo (%),TUR,Turquia,2014,94.0
SH.IMM.MEAS,Cobertura vacinal sarampo (%),TUR,Turquia,2013,98.0
SH.IMM.MEAS,Cobertura vacinal sarampo (%),TUR,Turquia,2012,96.0
SH.IMM.MEAS,Cobertura vacinal sarampo (%),TUR,Turquia,2011,98.0
SH.IMM.MEAS,Cobertura vacinal sarampo (%),TUR,Turquia,2010,97.0
SH.IMM.MEAS,Cobertura vacinal sarampo (%),TUR,Turquia,2009,97.0
SH.IMM.MEAS,Cobertura vacinal sarampo (%),TUR,Turquia,2008,97.0
SH.IMM.MEAS,Cobertura vacinal sarampo (%),TUR,Turquia,2007,96.0
SH.IMM.MEAS,Cobertura vacinal sarampo (%),TUR,Turquia,2006,98.0
SH.IMM.MEAS,Cobertura vacinal sarampo (%),TUR,Turquia,2005,91.0
SH.IMM.MEAS,Cobertura vacinal sarampo (%),TUR,Turquia,2004,81.0
SH.IMM.MEAS,Cobertura vacinal sarampo (%),TUR,Turquia,2003,75.0
SH.IMM.MEAS,Cobertura vacinal sarampo (%),TUR,Turquia,2002,83.0
SH.IMM.MEAS,Cobertura vacinal sarampo (%),TUR,Turquia,2001,91.0
SH.IMM.MEAS,Cobertura vacinal sarampo (%),TUR,Turquia,2000,87.0
SH.IMM.MEAS,Cobertura vacinal sarampo (%),TUR,Turquia,1999,82.0
SH.IMM.MEAS,Cobertura vacinal sarampo (%),TUR,Turquia,1998,81.0
SH.IMM.MEAS,Cobertura vacinal sarampo (%),TUR,Turquia,1997,79.0
SH.IMM.MEAS,Cobertura vacinal sarampo (%),TUR,Turquia,1996,72.0
SH.IMM.MEAS,Cobertura vacinal sarampo (%),TUR,Turquia,1995,65.0
SH.IMM.MEAS,Cobertura vacinal sarampo (%),,Upper middle income,2024,90.2502803199998
SH.IMM.MEAS,Cobertura vacinal sarampo (%),,Upper middle income,2023,89.0021125196209
SH.IMM.MEAS,Cobertura vacinal sarampo (%),,Upper middle income,2022,90.8071106952724
SH.IMM.MEAS,Cobertura vacinal sarampo (%),,Upper middle income,2021,88.1220051277125
SH.IMM.MEAS,Cobertura vacinal sarampo (%),,Upper middle income,2020,90.1385777360918
SH.IMM.MEAS,Cobertura vacinal sarampo (%),,Upper middle income,2019,92.5187604650928
SH.IMM.MEAS,Cobertura vacinal sarampo (%),,Upper middle income,2018,94.0471297274633
SH.IMM.MEAS,Cobertura vacinal sarampo (%),,Upper middle income,2017,92.7889537161861
SH.IMM.MEAS,Cobertura vacinal sarampo (%),,Upper middle income,2016,93.8860788331314
SH.IMM.MEAS,Cobertura vacinal sarampo (%),,Upper middle income,2015,93.7079421467241
SH.IMM.MEAS,Cobertura vacinal sarampo (%),,Upper middle income,2014,93.4539690753159
SH.IMM.MEAS,Cobertura vacinal sarampo (%),,Upper middle income,2013,93.8425517191054
SH.IMM.MEAS,Cobertura vacinal sarampo (%),,Upper middle income,2012,93.9329974784193
SH.IMM.MEAS,Cobertura vacinal sarampo (%),,Upper middle income,2011,93.8033274487774
SH.IMM.MEAS,Cobertura vacinal sarampo (%),,Upper middle income,2010,93.1966199494498
SH.IMM.MEAS,Cobertura vacinal sarampo (%),,Upper middle income,2009,93.317501433245
SH.IMM.MEAS,Cobertura vacinal sarampo (%),,Upper middle income,2008,92.5219062247314
SH.IMM.MEAS,Cobertura vacinal sarampo (%),,Upper middle income,2007,90.7574446707225
SH.IMM.MEAS,Cobertura vacinal sarampo (%),,Upper middle income,2006,91.2665465737311
SH.IMM.MEAS,Cobertura vacinal sarampo (%),,Upper middle income,2005,87.6813571817479
SH.IMM.MEAS,Cobertura vacinal sarampo (%),,Upper middle income,2004,87.4427854998227
SH.IMM.MEAS,Cobertura vacinal sarampo (%),,Upper middle income,2003,86.5007855917326
SH.IMM.MEAS,Cobertura vacinal sarampo (%),,Upper middle income,2002,86.2678203962365
SH.IMM.MEAS,Cobertura vacinal sarampo (%),,Upper middle income,2001,87.2805054281453
SH.IMM.MEAS,Cobertura vacinal sarampo (%),,Upper middle income,2000,86.6842420846098
SH.IMM.MEAS,Cobertura vacinal sarampo (%),,Upper middle income,1999,86.4639692320841
SH.IMM.MEAS,Cobertura vacinal sarampo (%),,Upper middle income,1998,85.7975193298858
SH.IMM.MEAS,Cobertura vacinal sarampo (%),,Upper middle income,1997,85.5689007182821
SH.IMM.MEAS,Cobertura vacinal sarampo (%),,Upper middle income,1996,84.5029073798212
SH.IMM.MEAS,Cobertura vacinal sarampo (%),,Upper middle income,1995,81.4639375629286
SH.IMM.MEAS,Cobertura vacinal sarampo (%),ZAF,Africa do Sul,2024,76.0
SH.IMM.MEAS,Cobertura vacinal sarampo (%),ZAF,Africa do Sul,2023,80.0
SH.IMM.MEAS,Cobertura vacinal sarampo (%),ZAF,Africa do Sul,2022,86.0
SH.IMM.MEAS,Cobertura vacinal sarampo (%),ZAF,Africa do Sul,2021,87.0
SH.IMM.MEAS,Cobertura vacinal sarampo (%),ZAF,Africa do Sul,2020,84.0
SH.IMM.MEAS,Cobertura vacinal sarampo (%),ZAF,Africa do Sul,2019,83.0
SH.IMM.MEAS,Cobertura vacinal sarampo (%),ZAF,Africa do Sul,2018,81.0
SH.IMM.MEAS,Cobertura vacinal sarampo (%),ZAF,Africa do Sul,2017,81.0
SH.IMM.MEAS,Cobertura vacinal sarampo (%),ZAF,Africa do Sul,2016,84.0
SH.IMM.MEAS,Cobertura vacinal sarampo (%),ZAF,Africa do Sul,2015,86.0
SH.IMM.MEAS,Cobertura vacinal sarampo (%),ZAF,Africa do Sul,2014,84.0
SH.IMM.MEAS,Cobertura vacinal sarampo (%),ZAF,Africa do Sul,2013,78.0
SH.IMM.MEAS,Cobertura vacinal sarampo (%),ZAF,Africa do Sul,2012,79.0
SH.IMM.MEAS,Cobertura vacinal sarampo (%),ZAF,Africa do Sul,2011,77.0
SH.IMM.MEAS,Cobertura vacinal sarampo (%),ZAF,Africa do Sul,2010,72.0
SH.IMM.MEAS,Cobertura vacinal sarampo (%),ZAF,Africa do Sul,2009,77.0
SH.IMM.MEAS,Cobertura vacinal sarampo (%),ZAF,Africa do Sul,2008,73.0
SH.IMM.MEAS,Cobertura vacinal sarampo (%),ZAF,Africa do Sul,2007,68.0
SH.IMM.MEAS,Cobertura vacinal sarampo (%),ZAF,Africa do Sul,2006,69.0
SH.IMM.MEAS,Cobertura vacinal sarampo (%),ZAF,Africa do Sul,2005,64.0
SH.IMM.MEAS,Cobertura vacinal sarampo (%),ZAF,Africa do Sul,2004,63.0
SH.IMM.MEAS,Cobertura vacinal sarampo (%),ZAF,Africa do Sul,2003,62.0
SH.IMM.MEAS,Cobertura vacinal sarampo (%),ZAF,Africa do Sul,2002,65.0
SH.IMM.MEAS,Cobertura vacinal sarampo (%),ZAF,Africa do Sul,2001,69.0
SH.IMM.MEAS,Cobertura vacinal sarampo (%),ZAF,Africa do Sul,2000,72.0
SH.IMM.MEAS,Cobertura vacinal sarampo (%),ZAF,Africa do Sul,1999,75.0
SH.IMM.MEAS,Cobertura vacinal sarampo (%),ZAF,Africa do Sul,1998,79.0
SH.IMM.MEAS,Cobertura vacinal sarampo (%),ZAF,Africa do Sul,1997,82.0
SH.IMM.MEAS,Cobertura vacinal sarampo (%),ZAF,Africa do Sul,1996,76.0
SH.IMM.MEAS,Cobertura vacinal sarampo (%),ZAF,Africa do Sul,1995,76.0
SE.SEC.CUAT.UP.ZS,"Ensino medio completo (25+, %)",ARG,Argentina,2022,54.6562690734863
SE.SEC.CUAT.UP.ZS,"Ensino medio completo (25+, %)",ARG,Argentina,2003,42.1566314697266
SE.SEC.CUAT.UP.ZS,"Ensino medio completo (25+, %)",ARG,Argentina,2001,34.2933502197266
SE.SEC.CUAT.UP.ZS,"Ensino medio completo (25+, %)",ARG,Argentina,1997,33.7245857630606
SE.SEC.CUAT.UP.ZS,"Ensino medio completo (25+, %)",BRA,Brasil,2024,61.7327776308577
SE.SEC.CUAT.UP.ZS,"Ensino medio completo (25+, %)",BRA,Brasil,2023,55.2
SE.SEC.CUAT.UP.ZS,"Ensino medio completo (25+, %)",BRA,Brasil,2022,54.0
SE.SEC.CUAT.UP.ZS,"Ensino medio completo (25+, %)",BRA,Brasil,2021,53.5
SE.SEC.CUAT.UP.ZS,"Ensino medio completo (25+, %)",BRA,Brasil,2020,52.9
SE.SEC.CUAT.UP.ZS,"Ensino medio completo (25+, %)",BRA,Brasil,2019,50.2
SE.SEC.CUAT.UP.ZS,"Ensino medio completo (25+, %)",BRA,Brasil,2018,47.4328689575195
SE.SEC.CUAT.UP.ZS,"Ensino medio completo (25+, %)",BRA,Brasil,2017,46.1742515563965
SE.SEC.CUAT.UP.ZS,"Ensino medio completo (25+, %)",BRA,Brasil,2016,45.1083183288574
SE.SEC.CUAT.UP.ZS,"Ensino medio completo (25+, %)",BRA,Brasil,2015,43.7763481140137
SE.SEC.CUAT.UP.ZS,"Ensino medio completo (25+, %)",BRA,Brasil,2014,42.5613784790039
SE.SEC.CUAT.UP.ZS,"Ensino medio completo (25+, %)",BRA,Brasil,2013,41.8536682128906
SE.SEC.CUAT.UP.ZS,"Ensino medio completo (25+, %)",BRA,Brasil,2012,40.6111907958984
SE.SEC.CUAT.UP.ZS,"Ensino medio completo (25+, %)",BRA,Brasil,2011,39.3609809875488
SE.SEC.CUAT.UP.ZS,"Ensino medio completo (25+, %)",BRA,Brasil,2010,35.922679901123
SE.SEC.CUAT.UP.ZS,"Ensino medio completo (25+, %)",BRA,Brasil,2009,37.1068801879883
SE.SEC.CUAT.UP.ZS,"Ensino medio completo (25+, %)",BRA,Brasil,2008,35.4544715881348
SE.SEC.CUAT.UP.ZS,"Ensino medio completo (25+, %)",BRA,Brasil,2007,33.7455711364746
SE.SEC.CUAT.UP.ZS,"Ensino medio completo (25+, %)",BRA,Brasil,2006,32.4210815429688
SE.SEC.CUAT.UP.ZS,"Ensino medio completo (25+, %)",BRA,Brasil,2005,30.4
SE.SEC.CUAT.UP.ZS,"Ensino medio completo (25+, %)",BRA,Brasil,2004,29.4160003662109
SE.SEC.CUAT.UP.ZS,"Ensino medio completo (25+, %)",BRA,Brasil,2003,28.1
SE.SEC.CUAT.UP.ZS,"Ensino medio completo (25+, %)",BRA,Brasil,2002,26.8
SE.SEC.CUAT.UP.ZS,"Ensino medio completo (25+, %)",BRA,Brasil,2001,25.3
SE.SEC.CUAT.UP.ZS,"Ensino medio completo (25+, %)",BRA,Brasil,1999,22.8272911207422
SE.SEC.CUAT.UP.ZS,"Ensino medio completo (25+, %)",BRA,Brasil,1998,22.0733874502781
SE.SEC.CUAT.UP.ZS,"Ensino medio completo (25+, %)",BRA,Brasil,1997,21.3494117010642
SE.SEC.CUAT.UP.ZS,"Ensino medio completo (25+, %)",BRA,Brasil,1996,20.5062962783534
SE.SEC.CUAT.UP.ZS,"Ensino medio completo (25+, %)",BRA,Brasil,1995,19.9339977205057
SE.SEC.CUAT.UP.ZS,"Ensino medio completo (25+, %)",CHL,Chile,2024,69.8416178051439
SE.SEC.CUAT.UP.ZS,"Ensino medio completo (25+, %)",CHL,Chile,2023,68.4254952608668
SE.SEC.CUAT.UP.ZS,"Ensino medio completo (25+, %)",CHL,Chile,2022,66.6
SE.SEC.CUAT.UP.ZS,"Ensino medio completo (25+, %)",CHL,Chile,2021,66.9972330056142
SE.SEC.CUAT.UP.ZS,"Ensino medio completo (25+, %)",CHL,Chile,2020,65.3
SE.SEC.CUAT.UP.ZS,"Ensino medio completo (25+, %)",CHL,Chile,2019,66.8381594272598
SE.SEC.CUAT.UP.ZS,"Ensino medio completo (25+, %)",CHL,Chile,2018,65.7721194585188
SE.SEC.CUAT.UP.ZS,"Ensino medio completo (25+, %)",CHL,Chile,2017,59.2311515808105
SE.SEC.CUAT.UP.ZS,"Ensino medio completo (25+, %)",CHL,Chile,2016,62.4565158145167
SE.SEC.CUAT.UP.ZS,"Ensino medio completo (25+, %)",CHL,Chile,2015,56.9636688232422
SE.SEC.CUAT.UP.ZS,"Ensino medio completo (25+, %)",CHL,Chile,2014,60.3100448821158
SE.SEC.CUAT.UP.ZS,"Ensino medio completo (25+, %)",CHL,Chile,2013,53.8420600891113
SE.SEC.CUAT.UP.ZS,"Ensino medio completo (25+, %)",CHL,Chile,2012,57.9416809165017
SE.SEC.CUAT.UP.ZS,"Ensino medio completo (25+, %)",CHL,Chile,2011,50.8061485290527
SE.SEC.CUAT.UP.ZS,"Ensino medio completo (25+, %)",CHL,Chile,2010,52.8601493835449
SE.SEC.CUAT.UP.ZS,"Ensino medio completo (25+, %)",CHL,Chile,2009,52.3
SE.SEC.CUAT.UP.ZS,"Ensino medio completo (25+, %)",CHL,Chile,2008,51.8613586425781
SE.SEC.CUAT.UP.ZS,"Ensino medio completo (25+, %)",CHL,Chile,2007,50.5686492919922
SE.SEC.CUAT.UP.ZS,"Ensino medio completo (25+, %)",CHL,Chile,2006,47.2
SE.SEC.CUAT.UP.ZS,"Ensino medio completo (25+, %)",CHL,Chile,2004,50.0224189758301
SE.SEC.CUAT.UP.ZS,"Ensino medio completo (25+, %)",CHL,Chile,2003,45.9
SE.SEC.CUAT.UP.ZS,"Ensino medio completo (25+, %)",CHL,Chile,2000,43.9
SE.SEC.CUAT.UP.ZS,"Ensino medio completo (25+, %)",CHN,China,2020,31.7697906494141
SE.SEC.CUAT.UP.ZS,"Ensino medio completo (25+, %)",CHN,China,2010,22.3159999847412
SE.SEC.CUAT.UP.ZS,"Ensino medio completo (25+, %)",CHN,China,2000,13.8146864870906
SE.SEC.CUAT.UP.ZS,"Ensino medio completo (25+, %)",COL,Colombia,2024,58.815788269043
SE.SEC.CUAT.UP.ZS,"Ensino medio completo (25+, %)",COL,Colombia,2023,57.0
SE.SEC.CUAT.UP.ZS,"Ensino medio completo (25+, %)",COL,Colombia,2022,56.1
SE.SEC.CUAT.UP.ZS,"Ensino medio completo (25+, %)",COL,Colombia,2021,53.7
SE.SEC.CUAT.UP.ZS,"Ensino medio completo (25+, %)",COL,Colombia,2020,53.1528701782227
SE.SEC.CUAT.UP.ZS,"Ensino medio completo (25+, %)",COL,Colombia,2019,51.0982284545898
SE.SEC.CUAT.UP.ZS,"Ensino medio completo (25+, %)",COL,Colombia,2018,49.7744789123535
SE.SEC.CUAT.UP.ZS,"Ensino medio completo (25+, %)",COL,Colombia,2017,47.7
SE.SEC.CUAT.UP.ZS,"Ensino medio completo (25+, %)",COL,Colombia,2016,47.2685508728027
SE.SEC.CUAT.UP.ZS,"Ensino medio completo (25+, %)",COL,Colombia,2015,45.4046592712402
SE.SEC.CUAT.UP.ZS,"Ensino medio completo (25+, %)",COL,Colombia,2014,44.59130859375
SE.SEC.CUAT.UP.ZS,"Ensino medio completo (25+, %)",COL,Colombia,2013,43.2897491455078
SE.SEC.CUAT.UP.ZS,"Ensino medio completo (25+, %)",COL,Colombia,2012,41.4074287414551
SE.SEC.CUAT.UP.ZS,"Ensino medio completo (25+, %)",COL,Colombia,2011,40.2652816772461
SE.SEC.CUAT.UP.ZS,"Ensino medio completo (25+, %)",COL,Colombia,2010,39.1352615356445
SE.SEC.CUAT.UP.ZS,"Ensino medio completo (25+, %)",COL,Colombia,2009,37.6516304016113
SE.SEC.CUAT.UP.ZS,"Ensino medio completo (25+, %)",COL,Colombia,2008,38.061840057373
SE.SEC.CUAT.UP.ZS,"Ensino medio completo (25+, %)",COL,Colombia,2007,36.5237693786621
SE.SEC.CUAT.UP.ZS,"Ensino medio completo (25+, %)",COL,Colombia,2006,32.2696800231934
SE.SEC.CUAT.UP.ZS,"Ensino medio completo (25+, %)",COL,Colombia,2005,33.7099494934082
SE.SEC.CUAT.UP.ZS,"Ensino medio completo (25+, %)",COL,Colombia,2004,34.9496612548828
SE.SEC.CUAT.UP.ZS,"Ensino medio completo (25+, %)",COL,Colombia,2003,33.2
SE.SEC.CUAT.UP.ZS,"Ensino medio completo (25+, %)",COL,Colombia,2002,32.3
SE.SEC.CUAT.UP.ZS,"Ensino medio completo (25+, %)",ECU,Equador,2024,46.1535911560059
SE.SEC.CUAT.UP.ZS,"Ensino medio completo (25+, %)",ECU,Equador,2023,45.9
SE.SEC.CUAT.UP.ZS,"Ensino medio completo (25+, %)",ECU,Equador,2022,45.4
SE.SEC.CUAT.UP.ZS,"Ensino medio completo (25+, %)",ECU,Equador,2021,46.5856895446777
SE.SEC.CUAT.UP.ZS,"Ensino medio completo (25+, %)",ECU,Equador,2020,43.3669815063477
SE.SEC.CUAT.UP.ZS,"Ensino medio completo (25+, %)",ECU,Equador,2019,42.9
SE.SEC.CUAT.UP.ZS,"Ensino medio completo (25+, %)",ECU,Equador,2018,42.3
SE.SEC.CUAT.UP.ZS,"Ensino medio completo (25+, %)",ECU,Equador,2017,43.5343818664551
SE.SEC.CUAT.UP.ZS,"Ensino medio completo (25+, %)",ECU,Equador,2016,42.2995185852051
SE.SEC.CUAT.UP.ZS,"Ensino medio completo (25+, %)",ECU,Equador,2015,42.2561302185059
SE.SEC.CUAT.UP.ZS,"Ensino medio completo (25+, %)",ECU,Equador,2014,38.5256996154785
SE.SEC.CUAT.UP.ZS,"Ensino medio completo (25+, %)",ECU,Equador,2013,38.6495094299316
SE.SEC.CUAT.UP.ZS,"Ensino medio completo (25+, %)",ECU,Equador,2012,37.8762588500977
SE.SEC.CUAT.UP.ZS,"Ensino medio completo (25+, %)",ECU,Equador,2011,35.9011192321777
SE.SEC.CUAT.UP.ZS,"Ensino medio completo (25+, %)",ECU,Equador,2010,34.9176483154297
SE.SEC.CUAT.UP.ZS,"Ensino medio completo (25+, %)",ECU,Equador,2009,34.035888671875
SE.SEC.CUAT.UP.ZS,"Ensino medio completo (25+, %)",ECU,Equador,2008,33.225700378418
SE.SEC.CUAT.UP.ZS,"Ensino medio completo (25+, %)",ECU,Equador,2007,33.2486381530762
SE.SEC.CUAT.UP.ZS,"Ensino medio completo (25+, %)",ECU,Equador,2006,33.1
SE.SEC.CUAT.UP.ZS,"Ensino medio completo (25+, %)",ECU,Equador,2005,33.0
SE.SEC.CUAT.UP.ZS,"Ensino medio completo (25+, %)",ECU,Equador,2003,31.9
SE.SEC.CUAT.UP.ZS,"Ensino medio completo (25+, %)",ECU,Equador,2001,31.7
SE.SEC.CUAT.UP.ZS,"Ensino medio completo (25+, %)",ECU,Equador,2000,38.9600898906454
SE.SEC.CUAT.UP.ZS,"Ensino medio completo (25+, %)",IDN,Indonesia,2023,39.1046221610504
SE.SEC.CUAT.UP.ZS,"Ensino medio completo (25+, %)",IDN,Indonesia,2022,39.5653046324461
SE.SEC.CUAT.UP.ZS,"Ensino medio completo (25+, %)",IDN,Indonesia,2021,39.5576649933508
SE.SEC.CUAT.UP.ZS,"Ensino medio completo (25+, %)",IDN,Indonesia,2020,38.1022605895996
SE.SEC.CUAT.UP.ZS,"Ensino medio completo (25+, %)",IDN,Indonesia,2019,36.9919811506555
SE.SEC.CUAT.UP.ZS,"Ensino medio completo (25+, %)",IDN,Indonesia,2018,34.6013603210449
SE.SEC.CUAT.UP.ZS,"Ensino medio completo (25+, %)",IDN,Indonesia,2017,33.7715682983398
SE.SEC.CUAT.UP.ZS,"Ensino medio completo (25+, %)",IDN,Indonesia,2016,33.7317504882812
SE.SEC.CUAT.UP.ZS,"Ensino medio completo (25+, %)",IDN,Indonesia,2015,32.262020111084
SE.SEC.CUAT.UP.ZS,"Ensino medio completo (25+, %)",IDN,Indonesia,2014,31.0928401947021
SE.SEC.CUAT.UP.ZS,"Ensino medio completo (25+, %)",IDN,Indonesia,2013,30.4177818759345
SE.SEC.CUAT.UP.ZS,"Ensino medio completo (25+, %)",IDN,Indonesia,2012,29.5142825432068
SE.SEC.CUAT.UP.ZS,"Ensino medio completo (25+, %)",IDN,Indonesia,2011,28.9348602294922
SE.SEC.CUAT.UP.ZS,"Ensino medio completo (25+, %)",IDN,Indonesia,2010,28.0485247975574
SE.SEC.CUAT.UP.ZS,"Ensino medio completo (25+, %)",IDN,Indonesia,2009,27.8447093963623
SE.SEC.CUAT.UP.ZS,"Ensino medio completo (25+, %)",IDN,Indonesia,2008,26.2005100250244
SE.SEC.CUAT.UP.ZS,"Ensino medio completo (25+, %)",IDN,Indonesia,2007,26.007869720459
SE.SEC.CUAT.UP.ZS,"Ensino medio completo (25+, %)",IDN,Indonesia,2006,26.4083099365234
SE.SEC.CUAT.UP.ZS,"Ensino medio completo (25+, %)",IDN,Indonesia,2005,22.2908919089606
SE.SEC.CUAT.UP.ZS,"Ensino medio completo (25+, %)",IDN,Indonesia,2004,20.8877204743369
SE.SEC.CUAT.UP.ZS,"Ensino medio completo (25+, %)",IDN,Indonesia,2003,20.8980608801907
SE.SEC.CUAT.UP.ZS,"Ensino medio completo (25+, %)",IDN,Indonesia,2002,20.9041190123793
SE.SEC.CUAT.UP.ZS,"Ensino medio completo (25+, %)",IDN,Indonesia,2001,20.1508657510649
SE.SEC.CUAT.UP.ZS,"Ensino medio completo (25+, %)",IDN,Indonesia,2000,21.3958118325454
SE.SEC.CUAT.UP.ZS,"Ensino medio completo (25+, %)",IDN,Indonesia,1999,20.7943911483877
SE.SEC.CUAT.UP.ZS,"Ensino medio completo (25+, %)",IDN,Indonesia,1998,19.8637149380185
SE.SEC.CUAT.UP.ZS,"Ensino medio completo (25+, %)",IDN,Indonesia,1997,18.8248957881397
SE.SEC.CUAT.UP.ZS,"Ensino medio completo (25+, %)",IDN,Indonesia,1996,18.1583229750119
SE.SEC.CUAT.UP.ZS,"Ensino medio completo (25+, %)",IND,India,2023,41.3380012512207
SE.SEC.CUAT.UP.ZS,"Ensino medio completo (25+, %)",IND,India,2022,31.6138706207275
SE.SEC.CUAT.UP.ZS,"Ensino medio completo (25+, %)",IND,India,2020,31.7094497680664
SE.SEC.CUAT.UP.ZS,"Ensino medio completo (25+, %)",IND,India,2018,32.3433494567871
SE.SEC.CUAT.UP.ZS,"Ensino medio completo (25+, %)",IND,India,2011,26.8885498046875
SE.SEC.CUAT.UP.ZS,"Ensino medio completo (25+, %)",IND,India,2005,11.8794781412257
SE.SEC.CUAT.UP.ZS,"Ensino medio completo (25+, %)",IND,India,2000,9.76947738527724
SE.SEC.CUAT.UP.ZS,"Ensino medio completo (25+, %)",MEX,Mexico,2025,42.4773369188305
SE.SEC.CUAT.UP.ZS,"Ensino medio completo (25+, %)",MEX,Mexico,2024,40.8518714904785
SE.SEC.CUAT.UP.ZS,"Ensino medio completo (25+, %)",MEX,Mexico,2023,40.8621500693844
SE.SEC.CUAT.UP.ZS,"Ensino medio completo (25+, %)",MEX,Mexico,2022,38.9017181396484
SE.SEC.CUAT.UP.ZS,"Ensino medio completo (25+, %)",MEX,Mexico,2021,39.3577259193158
SE.SEC.CUAT.UP.ZS,"Ensino medio completo (25+, %)",MEX,Mexico,2020,38.5605812072754
SE.SEC.CUAT.UP.ZS,"Ensino medio completo (25+, %)",MEX,Mexico,2019,36.7302002654603
SE.SEC.CUAT.UP.ZS,"Ensino medio completo (25+, %)",MEX,Mexico,2018,35.6546287536621
SE.SEC.CUAT.UP.ZS,"Ensino medio completo (25+, %)",MEX,Mexico,2017,34.1090507507324
SE.SEC.CUAT.UP.ZS,"Ensino medio completo (25+, %)",MEX,Mexico,2016,33.2946891784668
SE.SEC.CUAT.UP.ZS,"Ensino medio completo (25+, %)",MEX,Mexico,2015,33.3462181091309
SE.SEC.CUAT.UP.ZS,"Ensino medio completo (25+, %)",MEX,Mexico,2014,31.7997303009033
SE.SEC.CUAT.UP.ZS,"Ensino medio completo (25+, %)",MEX,Mexico,2013,31.6299304962158
SE.SEC.CUAT.UP.ZS,"Ensino medio completo (25+, %)",MEX,Mexico,2012,33.7975082397461
SE.SEC.CUAT.UP.ZS,"Ensino medio completo (25+, %)",MEX,Mexico,2011,31.2047459662045
SE.SEC.CUAT.UP.ZS,"Ensino medio completo (25+, %)",MEX,Mexico,2010,29.2044105529785
SE.SEC.CUAT.UP.ZS,"Ensino medio completo (25+, %)",MEX,Mexico,2009,31.3502693176269
SE.SEC.CUAT.UP.ZS,"Ensino medio completo (25+, %)",MEX,Mexico,2008,30.3455104827881
SE.SEC.CUAT.UP.ZS,"Ensino medio completo (25+, %)",MEX,Mexico,2007,30.2054595947266
SE.SEC.CUAT.UP.ZS,"Ensino medio completo (25+, %)",MEX,Mexico,2006,30.2607498168945
SE.SEC.CUAT.UP.ZS,"Ensino medio completo (25+, %)",MEX,Mexico,2005,25.8786392211914
SE.SEC.CUAT.UP.ZS,"Ensino medio completo (25+, %)",MEX,Mexico,2004,22.4114398956299
SE.SEC.CUAT.UP.ZS,"Ensino medio completo (25+, %)",MEX,Mexico,2003,20.948407447291
SE.SEC.CUAT.UP.ZS,"Ensino medio completo (25+, %)",MEX,Mexico,2002,23.0
SE.SEC.CUAT.UP.ZS,"Ensino medio completo (25+, %)",MEX,Mexico,2000,18.5773105621338
SE.SEC.CUAT.UP.ZS,"Ensino medio completo (25+, %)",PER,Peru,2024,58.2721481323242
SE.SEC.CUAT.UP.ZS,"Ensino medio completo (25+, %)",PER,Peru,2023,57.2
SE.SEC.CUAT.UP.ZS,"Ensino medio completo (25+, %)",PER,Peru,2022,56.4
SE.SEC.CUAT.UP.ZS,"Ensino medio completo (25+, %)",PER,Peru,2021,54.8
SE.SEC.CUAT.UP.ZS,"Ensino medio completo (25+, %)",PER,Peru,2020,55.2
SE.SEC.CUAT.UP.ZS,"Ensino medio completo (25+, %)",PER,Peru,2019,55.1
SE.SEC.CUAT.UP.ZS,"Ensino medio completo (25+, %)",PER,Peru,2018,58.0391807556152
SE.SEC.CUAT.UP.ZS,"Ensino medio completo (25+, %)",PER,Peru,2017,53.5
SE.SEC.CUAT.UP.ZS,"Ensino medio completo (25+, %)",PER,Peru,2016,52.9
SE.SEC.CUAT.UP.ZS,"Ensino medio completo (25+, %)",PER,Peru,2015,56.0153999328613
SE.SEC.CUAT.UP.ZS,"Ensino medio completo (25+, %)",PER,Peru,2014,55.9319686889648
SE.SEC.CUAT.UP.ZS,"Ensino medio completo (25+, %)",PER,Peru,2013,55.8098411560059
SE.SEC.CUAT.UP.ZS,"Ensino medio completo (25+, %)",PER,Peru,2012,55.9918098449707
SE.SEC.CUAT.UP.ZS,"Ensino medio completo (25+, %)",PER,Peru,2011,53.5218811035156
SE.SEC.CUAT.UP.ZS,"Ensino medio completo (25+, %)",PER,Peru,2010,52.9390411376953
SE.SEC.CUAT.UP.ZS,"Ensino medio completo (25+, %)",PER,Peru,2009,47.0025901794434
SE.SEC.CUAT.UP.ZS,"Ensino medio completo (25+, %)",PER,Peru,2008,46.865909576416
SE.SEC.CUAT.UP.ZS,"Ensino medio completo (25+, %)",PER,Peru,2007,46.7049598693848
SE.SEC.CUAT.UP.ZS,"Ensino medio completo (25+, %)",PER,Peru,2006,44.0508117675781
SE.SEC.CUAT.UP.ZS,"Ensino medio completo (25+, %)",PER,Peru,2005,44.0397796630859
SE.SEC.CUAT.UP.ZS,"Ensino medio completo (25+, %)",PER,Peru,2004,46.7756118774414
SE.SEC.CUAT.UP.ZS,"Ensino medio completo (25+, %)",PER,Peru,2003,43.2
SE.SEC.CUAT.UP.ZS,"Ensino medio completo (25+, %)",PER,Peru,2002,43.6
SE.SEC.CUAT.UP.ZS,"Ensino medio completo (25+, %)",PER,Peru,2001,42.0
SE.SEC.CUAT.UP.ZS,"Ensino medio completo (25+, %)",PER,Peru,2000,41.8
SE.SEC.CUAT.UP.ZS,"Ensino medio completo (25+, %)",PER,Peru,1999,41.8682762028309
SE.SEC.CUAT.UP.ZS,"Ensino medio completo (25+, %)",PER,Peru,1998,42.6723685582061
SE.SEC.CUAT.UP.ZS,"Ensino medio completo (25+, %)",PER,Peru,1997,40.7158198660848
SE.SEC.CUAT.UP.ZS,"Ensino medio completo (25+, %)",TUR,Turquia,2023,41.0625784422624
SE.SEC.CUAT.UP.ZS,"Ensino medio completo (25+, %)",TUR,Turquia,2022,39.2632895114887
SE.SEC.CUAT.UP.ZS,"Ensino medio completo (25+, %)",TUR,Turquia,2021,37.7613341085524
SE.SEC.CUAT.UP.ZS,"Ensino medio completo (25+, %)",TUR,Turquia,2020,36.4845848043889
SE.SEC.CUAT.UP.ZS,"Ensino medio completo (25+, %)",TUR,Turquia,2019,42.1706085205078
SE.SEC.CUAT.UP.ZS,"Ensino medio completo (25+, %)",TUR,Turquia,2018,33.5020027713147
SE.SEC.CUAT.UP.ZS,"Ensino medio completo (25+, %)",TUR,Turquia,2017,39.0266990661621
SE.SEC.CUAT.UP.ZS,"Ensino medio completo (25+, %)",TUR,Turquia,2016,37.6567001342773
SE.SEC.CUAT.UP.ZS,"Ensino medio completo (25+, %)",TUR,Turquia,2015,37.073558807373
SE.SEC.CUAT.UP.ZS,"Ensino medio completo (25+, %)",TUR,Turquia,2014,35.237419128418
SE.SEC.CUAT.UP.ZS,"Ensino medio completo (25+, %)",TUR,Turquia,2013,33.7585105895996
SE.SEC.CUAT.UP.ZS,"Ensino medio completo (25+, %)",TUR,Turquia,2012,32.7662582397461
SE.SEC.CUAT.UP.ZS,"Ensino medio completo (25+, %)",TUR,Turquia,2011,31.7986698150635
SE.SEC.CUAT.UP.ZS,"Ensino medio completo (25+, %)",TUR,Turquia,2010,29.9863891601562
SE.SEC.CUAT.UP.ZS,"Ensino medio completo (25+, %)",TUR,Turquia,2009,27.7024993896484
SE.SEC.CUAT.UP.ZS,"Ensino medio completo (25+, %)",TUR,Turquia,2008,26.4928703308106
SE.SEC.CUAT.UP.ZS,"Ensino medio completo (25+, %)",TUR,Turquia,2007,23.6869201660156
SE.SEC.CUAT.UP.ZS,"Ensino medio completo (25+, %)",TUR,Turquia,2006,23.2007503509521
SE.SEC.CUAT.UP.ZS,"Ensino medio completo (25+, %)",TUR,Turquia,2005,22.1900291442871
SE.SEC.CUAT.UP.ZS,"Ensino medio completo (25+, %)",TUR,Turquia,2004,21.0269203186035
SE.SEC.CUAT.UP.ZS,"Ensino medio completo (25+, %)",TUR,Turquia,2003,14.9029898355808
SE.SEC.CUAT.UP.ZS,"Ensino medio completo (25+, %)",TUR,Turquia,2002,13.8504532336948
SE.SEC.CUAT.UP.ZS,"Ensino medio completo (25+, %)",TUR,Turquia,2001,12.8697608480764
SE.SEC.CUAT.UP.ZS,"Ensino medio completo (25+, %)",TUR,Turquia,2000,12.7576237445264
SE.SEC.CUAT.UP.ZS,"Ensino medio completo (25+, %)",ZAF,Africa do Sul,2024,47.9632415771484
SE.SEC.CUAT.UP.ZS,"Ensino medio completo (25+, %)",ZAF,Africa do Sul,2023,47.1957817077637
SE.SEC.CUAT.UP.ZS,"Ensino medio completo (25+, %)",ZAF,Africa do Sul,2022,45.5105018615723
SE.SEC.CUAT.UP.ZS,"Ensino medio completo (25+, %)",ZAF,Africa do Sul,2021,50.0408210754395
SE.SEC.CUAT.UP.ZS,"Ensino medio completo (25+, %)",ZAF,Africa do Sul,2020,49.127311706543
SE.SEC.CUAT.UP.ZS,"Ensino medio completo (25+, %)",ZAF,Africa do Sul,2019,43.6190376104454
SE.SEC.CUAT.UP.ZS,"Ensino medio completo (25+, %)",ZAF,Africa do Sul,2018,42.8261385016175
SE.SEC.CUAT.UP.ZS,"Ensino medio completo (25+, %)",ZAF,Africa do Sul,2017,42.4025035840145
SE.SEC.CUAT.UP.ZS,"Ensino medio completo (25+, %)",ZAF,Africa do Sul,2016,41.187928727249
SE.SEC.CUAT.UP.ZS,"Ensino medio completo (25+, %)",ZAF,Africa do Sul,2015,40.8310099723
SE.SEC.CUAT.UP.ZS,"Ensino medio completo (25+, %)",ZAF,Africa do Sul,2014,40.7220812391492
SE.SEC.CUAT.UP.ZS,"Ensino medio completo (25+, %)",ZAF,Africa do Sul,2013,39.6898406450314
SE.SEC.CUAT.UP.ZS,"Ensino medio completo (25+, %)",ZAF,Africa do Sul,2011,38.1154279412128
SE.SEC.CUAT.UP.ZS,"Ensino medio completo (25+, %)",ZAF,Africa do Sul,2010,37.3779548196508
SE.SEC.CUAT.UP.ZS,"Ensino medio completo (25+, %)",ZAF,Africa do Sul,2009,36.5986027043363
SE.SEC.CUAT.UP.ZS,"Ensino medio completo (25+, %)",ZAF,Africa do Sul,2001,26.9764499664307
SN.ITK.MSFI.ZS,Inseguranca alimentar moderada ou grave (%),ARG,Argentina,2023,33.8
SN.ITK.MSFI.ZS,Inseguranca alimentar moderada ou grave (%),ARG,Argentina,2022,36.1
SN.ITK.MSFI.ZS,Inseguranca alimentar moderada ou grave (%),ARG,Argentina,2021,36.9
SN.ITK.MSFI.ZS,Inseguranca alimentar moderada ou grave (%),ARG,Argentina,2020,36.9
SN.ITK.MSFI.ZS,Inseguranca alimentar moderada ou grave (%),ARG,Argentina,2019,35.8
SN.ITK.MSFI.ZS,Inseguranca alimentar moderada ou grave (%),ARG,Argentina,2018,35.8
SN.ITK.MSFI.ZS,Inseguranca alimentar moderada ou grave (%),ARG,Argentina,2017,32.3
SN.ITK.MSFI.ZS,Inseguranca alimentar moderada ou grave (%),ARG,Argentina,2016,25.9
SN.ITK.MSFI.ZS,Inseguranca alimentar moderada ou grave (%),ARG,Argentina,2015,19.2
SN.ITK.MSFI.ZS,Inseguranca alimentar moderada ou grave (%),BRA,Brasil,2023,13.5
SN.ITK.MSFI.ZS,Inseguranca alimentar moderada ou grave (%),BRA,Brasil,2022,18.4
SN.ITK.MSFI.ZS,Inseguranca alimentar moderada ou grave (%),BRA,Brasil,2021,22.1
SN.ITK.MSFI.ZS,Inseguranca alimentar moderada ou grave (%),BRA,Brasil,2020,19.4
SN.ITK.MSFI.ZS,Inseguranca alimentar moderada ou grave (%),BRA,Brasil,2019,15.8
SN.ITK.MSFI.ZS,Inseguranca alimentar moderada ou grave (%),BRA,Brasil,2018,14.2
SN.ITK.MSFI.ZS,Inseguranca alimentar moderada ou grave (%),BRA,Brasil,2017,15.5
SN.ITK.MSFI.ZS,Inseguranca alimentar moderada ou grave (%),BRA,Brasil,2016,15.6
SN.ITK.MSFI.ZS,Inseguranca alimentar moderada ou grave (%),BRA,Brasil,2015,13.3
SN.ITK.MSFI.ZS,Inseguranca alimentar moderada ou grave (%),CHL,Chile,2023,19.2
SN.ITK.MSFI.ZS,Inseguranca alimentar moderada ou grave (%),CHL,Chile,2022,17.6
SN.ITK.MSFI.ZS,Inseguranca alimentar moderada ou grave (%),CHL,Chile,2021,18.2
SN.ITK.MSFI.ZS,Inseguranca alimentar moderada ou grave (%),CHL,Chile,2020,17.4
SN.ITK.MSFI.ZS,Inseguranca alimentar moderada ou grave (%),CHL,Chile,2019,17.3
SN.ITK.MSFI.ZS,Inseguranca alimentar moderada ou grave (%),CHL,Chile,2018,15.3
SN.ITK.MSFI.ZS,Inseguranca alimentar moderada ou grave (%),CHL,Chile,2017,13.7
SN.ITK.MSFI.ZS,Inseguranca alimentar moderada ou grave (%),CHL,Chile,2016,12.2
SN.ITK.MSFI.ZS,Inseguranca alimentar moderada ou grave (%),CHL,Chile,2015,10.8
SN.ITK.MSFI.ZS,Inseguranca alimentar moderada ou grave (%),COL,Colombia,2023,27.8
SN.ITK.MSFI.ZS,Inseguranca alimentar moderada ou grave (%),COL,Colombia,2022,30.6
SN.ITK.MSFI.ZS,Inseguranca alimentar moderada ou grave (%),COL,Colombia,2021,31.6
SN.ITK.MSFI.ZS,Inseguranca alimentar moderada ou grave (%),COL,Colombia,2020,30.5
SN.ITK.MSFI.ZS,Inseguranca alimentar moderada ou grave (%),COL,Colombia,2019,28.5
SN.ITK.MSFI.ZS,Inseguranca alimentar moderada ou grave (%),COL,Colombia,2018,26.5
SN.ITK.MSFI.ZS,Inseguranca alimentar moderada ou grave (%),COL,Colombia,2017,24.9
SN.ITK.MSFI.ZS,Inseguranca alimentar moderada ou grave (%),COL,Colombia,2016,22.3
SN.ITK.MSFI.ZS,Inseguranca alimentar moderada ou grave (%),COL,Colombia,2015,19.9
SN.ITK.MSFI.ZS,Inseguranca alimentar moderada ou grave (%),ECU,Equador,2023,33.3
SN.ITK.MSFI.ZS,Inseguranca alimentar moderada ou grave (%),ECU,Equador,2022,36.9
SN.ITK.MSFI.ZS,Inseguranca alimentar moderada ou grave (%),ECU,Equador,2021,37.3
SN.ITK.MSFI.ZS,Inseguranca alimentar moderada ou grave (%),ECU,Equador,2020,36.8
SN.ITK.MSFI.ZS,Inseguranca alimentar moderada ou grave (%),ECU,Equador,2019,32.7
SN.ITK.MSFI.ZS,Inseguranca alimentar moderada ou grave (%),ECU,Equador,2018,29.2
SN.ITK.MSFI.ZS,Inseguranca alimentar moderada ou grave (%),ECU,Equador,2017,26.2
SN.ITK.MSFI.ZS,Inseguranca alimentar moderada ou grave (%),ECU,Equador,2016,23.3
SN.ITK.MSFI.ZS,Inseguranca alimentar moderada ou grave (%),ECU,Equador,2015,20.7
SN.ITK.MSFI.ZS,Inseguranca alimentar moderada ou grave (%),IDN,Indonesia,2023,4.5
SN.ITK.MSFI.ZS,Inseguranca alimentar moderada ou grave (%),IDN,Indonesia,2022,4.7
SN.ITK.MSFI.ZS,Inseguranca alimentar moderada ou grave (%),IDN,Indonesia,2021,4.9
SN.ITK.MSFI.ZS,Inseguranca alimentar moderada ou grave (%),IDN,Indonesia,2020,5.1
SN.ITK.MSFI.ZS,Inseguranca alimentar moderada ou grave (%),IDN,Indonesia,2019,5.8
SN.ITK.MSFI.ZS,Inseguranca alimentar moderada ou grave (%),IDN,Indonesia,2018,7.0
SN.ITK.MSFI.ZS,Inseguranca alimentar moderada ou grave (%),IDN,Indonesia,2017,7.6
SN.ITK.MSFI.ZS,Inseguranca alimentar moderada ou grave (%),IDN,Indonesia,2016,7.3
SN.ITK.MSFI.ZS,Inseguranca alimentar moderada ou grave (%),IDN,Indonesia,2015,6.0
SN.ITK.MSFI.ZS,Inseguranca alimentar moderada ou grave (%),MEX,Mexico,2023,19.3
SN.ITK.MSFI.ZS,Inseguranca alimentar moderada ou grave (%),MEX,Mexico,2022,20.7
SN.ITK.MSFI.ZS,Inseguranca alimentar moderada ou grave (%),MEX,Mexico,2021,23.5
SN.ITK.MSFI.ZS,Inseguranca alimentar moderada ou grave (%),MEX,Mexico,2020,25.5
SN.ITK.MSFI.ZS,Inseguranca alimentar moderada ou grave (%),MEX,Mexico,2019,25.3
SN.ITK.MSFI.ZS,Inseguranca alimentar moderada ou grave (%),MEX,Mexico,2018,23.8
SN.ITK.MSFI.ZS,Inseguranca alimentar moderada ou grave (%),MEX,Mexico,2017,23.0
SN.ITK.MSFI.ZS,Inseguranca alimentar moderada ou grave (%),MEX,Mexico,2016,23.6
SN.ITK.MSFI.ZS,Inseguranca alimentar moderada ou grave (%),MEX,Mexico,2015,24.9
SN.ITK.MSFI.ZS,Inseguranca alimentar moderada ou grave (%),PER,Peru,2023,41.0
SN.ITK.MSFI.ZS,Inseguranca alimentar moderada ou grave (%),PER,Peru,2022,42.5
SN.ITK.MSFI.ZS,Inseguranca alimentar moderada ou grave (%),PER,Peru,2021,41.6
SN.ITK.MSFI.ZS,Inseguranca alimentar moderada ou grave (%),PER,Peru,2020,38.9
SN.ITK.MSFI.ZS,Inseguranca alimentar moderada ou grave (%),PER,Peru,2019,36.9
SN.ITK.MSFI.ZS,Inseguranca alimentar moderada ou grave (%),PER,Peru,2018,35.7
SN.ITK.MSFI.ZS,Inseguranca alimentar moderada ou grave (%),PER,Peru,2017,35.0
SN.ITK.MSFI.ZS,Inseguranca alimentar moderada ou grave (%),PER,Peru,2016,34.8
SN.ITK.MSFI.ZS,Inseguranca alimentar moderada ou grave (%),PER,Peru,2015,30.4
SN.ITK.MSFI.ZS,Inseguranca alimentar moderada ou grave (%),,Upper middle income,2024,12.6137375
SN.ITK.MSFI.ZS,Inseguranca alimentar moderada ou grave (%),,Upper middle income,2023,13.1208955
SN.ITK.MSFI.ZS,Inseguranca alimentar moderada ou grave (%),,Upper middle income,2022,14.0302808
SN.ITK.MSFI.ZS,Inseguranca alimentar moderada ou grave (%),,Upper middle income,2021,15.0845604
SN.ITK.MSFI.ZS,Inseguranca alimentar moderada ou grave (%),,Upper middle income,2020,15.7392147
SN.ITK.MSFI.ZS,Inseguranca alimentar moderada ou grave (%),,Upper middle income,2019,13.8498965
SN.ITK.MSFI.ZS,Inseguranca alimentar moderada ou grave (%),,Upper middle income,2018,15.1634156
SN.ITK.MSFI.ZS,Inseguranca alimentar moderada ou grave (%),,Upper middle income,2017,15.7709232
SN.ITK.MSFI.ZS,Inseguranca alimentar moderada ou grave (%),,Upper middle income,2016,13.3618547
SN.ITK.MSFI.ZS,Inseguranca alimentar moderada ou grave (%),,Upper middle income,2015,12.8050112
SN.ITK.MSFI.ZS,Inseguranca alimentar moderada ou grave (%),,Upper middle income,2014,12.0742606
SN.ITK.MSFI.ZS,Inseguranca alimentar moderada ou grave (%),ZAF,Africa do Sul,2023,20.7
SN.ITK.MSFI.ZS,Inseguranca alimentar moderada ou grave (%),ZAF,Africa do Sul,2022,20.0
SN.ITK.MSFI.ZS,Inseguranca alimentar moderada ou grave (%),ZAF,Africa do Sul,2021,19.2
SN.ITK.MSFI.ZS,Inseguranca alimentar moderada ou grave (%),ZAF,Africa do Sul,2020,19.0
SN.ITK.MSFI.ZS,Inseguranca alimentar moderada ou grave (%),ZAF,Africa do Sul,2019,18.2
SN.ITK.MSFI.ZS,Inseguranca alimentar moderada ou grave (%),ZAF,Africa do Sul,2018,17.4
per_allsp.cov_pop_tot,Cobertura de protecao social (%),ARG,Argentina,2022,56.6332052805834
per_allsp.cov_pop_tot,Cobertura de protecao social (%),ARG,Argentina,2021,54.6234121271193
per_allsp.cov_pop_tot,Cobertura de protecao social (%),ARG,Argentina,2020,62.8483934912689
per_allsp.cov_pop_tot,Cobertura de protecao social (%),ARG,Argentina,2019,54.2673679112021
per_allsp.cov_pop_tot,Cobertura de protecao social (%),ARG,Argentina,2018,52.8467903707254
per_allsp.cov_pop_tot,Cobertura de protecao social (%),ARG,Argentina,2017,52.829945242481
per_allsp.cov_pop_tot,Cobertura de protecao social (%),ARG,Argentina,2016,52.273354344279
per_allsp.cov_pop_tot,Cobertura de protecao social (%),ARG,Argentina,2014,44.6937872308814
per_allsp.cov_pop_tot,Cobertura de protecao social (%),ARG,Argentina,2013,46.3608004514744
per_allsp.cov_pop_tot,Cobertura de protecao social (%),ARG,Argentina,2012,41.0549899327029
per_allsp.cov_pop_tot,Cobertura de protecao social (%),ARG,Argentina,2011,42.1377265862186
per_allsp.cov_pop_tot,Cobertura de protecao social (%),ARG,Argentina,2010,37.8010070793346
per_allsp.cov_pop_tot,Cobertura de protecao social (%),ARG,Argentina,2006,33.3358348155909
per_allsp.cov_pop_tot,Cobertura de protecao social (%),BRA,Brasil,2022,52.2632836375185
per_allsp.cov_pop_tot,Cobertura de protecao social (%),BRA,Brasil,2021,52.552075145552
per_allsp.cov_pop_tot,Cobertura de protecao social (%),BRA,Brasil,2020,69.1461337200939
per_allsp.cov_pop_tot,Cobertura de protecao social (%),BRA,Brasil,2019,50.5335168352442
per_allsp.cov_pop_tot,Cobertura de protecao social (%),BRA,Brasil,2018,50.9340540952991
per_allsp.cov_pop_tot,Cobertura de protecao social (%),BRA,Brasil,2017,50.4870278191956
per_allsp.cov_pop_tot,Cobertura de protecao social (%),BRA,Brasil,2016,50.7489056580992
per_allsp.cov_pop_tot,Cobertura de protecao social (%),BRA,Brasil,2015,53.8087112251176
per_allsp.cov_pop_tot,Cobertura de protecao social (%),BRA,Brasil,2012,46.3765817076202
per_allsp.cov_pop_tot,Cobertura de protecao social (%),BRA,Brasil,2011,45.3438802543435
per_allsp.cov_pop_tot,Cobertura de protecao social (%),BRA,Brasil,2009,45.4601754328202
per_allsp.cov_pop_tot,Cobertura de protecao social (%),BRA,Brasil,2006,53.9326690456655
per_allsp.cov_pop_tot,Cobertura de protecao social (%),CHL,Chile,2022,85.5861047492185
per_allsp.cov_pop_tot,Cobertura de protecao social (%),CHL,Chile,2020,77.7408859869686
per_allsp.cov_pop_tot,Cobertura de protecao social (%),CHL,Chile,2017,92.4174312936073
per_allsp.cov_pop_tot,Cobertura de protecao social (%),CHL,Chile,2015,87.7224742663194
per_allsp.cov_pop_tot,Cobertura de protecao social (%),CHL,Chile,2013,88.5411621214762
per_allsp.cov_pop_tot,Cobertura de protecao social (%),CHL,Chile,2011,83.433143962549
per_allsp.cov_pop_tot,Cobertura de protecao social (%),CHL,Chile,2009,90.4432119110454
per_allsp.cov_pop_tot,Cobertura de protecao social (%),CHL,Chile,2006,89.6893119595367
per_allsp.cov_pop_tot,Cobertura de protecao social (%),CHN,China,2013,63.0530006633408
per_allsp.cov_pop_tot,Cobertura de protecao social (%),COL,Colombia,2022,40.9822317936625
per_allsp.cov_pop_tot,Cobertura de protecao social (%),COL,Colombia,2021,41.4566773229655
per_allsp.cov_pop_tot,Cobertura de protecao social (%),COL,Colombia,2020,31.8103167837931
per_allsp.cov_pop_tot,Cobertura de protecao social (%),COL,Colombia,2019,31.5359996393931
per_allsp.cov_pop_tot,Cobertura de protecao social (%),COL,Colombia,2018,32.5350069388891
per_allsp.cov_pop_tot,Cobertura de protecao social (%),COL,Colombia,2017,33.6292768474659
per_allsp.cov_pop_tot,Cobertura de protecao social (%),COL,Colombia,2016,34.4457821234765
per_allsp.cov_pop_tot,Cobertura de protecao social (%),COL,Colombia,2015,36.2584519384938
per_allsp.cov_pop_tot,Cobertura de protecao social (%),COL,Colombia,2014,65.6766814024977
per_allsp.cov_pop_tot,Cobertura de protecao social (%),COL,Colombia,2012,48.8640961709377
per_allsp.cov_pop_tot,Cobertura de protecao social (%),COL,Colombia,2011,51.5969051118866
per_allsp.cov_pop_tot,Cobertura de protecao social (%),COL,Colombia,2010,52.3033899365011
per_allsp.cov_pop_tot,Cobertura de protecao social (%),ECU,Equador,2022,41.0937851460738
per_allsp.cov_pop_tot,Cobertura de protecao social (%),ECU,Equador,2021,44.6577104699495
per_allsp.cov_pop_tot,Cobertura de protecao social (%),ECU,Equador,2020,46.197561467271
per_allsp.cov_pop_tot,Cobertura de protecao social (%),ECU,Equador,2019,33.6200600489087
per_allsp.cov_pop_tot,Cobertura de protecao social (%),ECU,Equador,2018,32.0697228586638
per_allsp.cov_pop_tot,Cobertura de protecao social (%),ECU,Equador,2017,74.9561948236622
per_allsp.cov_pop_tot,Cobertura de protecao social (%),ECU,Equador,2016,73.802730134091
per_allsp.cov_pop_tot,Cobertura de protecao social (%),ECU,Equador,2015,74.9680965031751
per_allsp.cov_pop_tot,Cobertura de protecao social (%),ECU,Equador,2014,76.3344631961859
per_allsp.cov_pop_tot,Cobertura de protecao social (%),ECU,Equador,2012,73.9796403554603
per_allsp.cov_pop_tot,Cobertura de protecao social (%),ECU,Equador,2011,44.9282122316746
per_allsp.cov_pop_tot,Cobertura de protecao social (%),ECU,Equador,2010,70.4163391107322
per_allsp.cov_pop_tot,Cobertura de protecao social (%),ECU,Equador,2008,63.092704146437
per_allsp.cov_pop_tot,Cobertura de protecao social (%),IDN,Indonesia,2022,65.0930131345136
per_allsp.cov_pop_tot,Cobertura de protecao social (%),IDN,Indonesia,2021,56.4652134019141
per_allsp.cov_pop_tot,Cobertura de protecao social (%),IDN,Indonesia,2020,43.2566304065789
per_allsp.cov_pop_tot,Cobertura de protecao social (%),IDN,Indonesia,2019,46.0614690094651
per_allsp.cov_pop_tot,Cobertura de protecao social (%),IDN,Indonesia,2018,57.2085889203381
per_allsp.cov_pop_tot,Cobertura de protecao social (%),IDN,Indonesia,2017,54.0738336018437
per_allsp.cov_pop_tot,Cobertura de protecao social (%),IDN,Indonesia,2016,58.3412001493207
per_allsp.cov_pop_tot,Cobertura de protecao social (%),IDN,Indonesia,2015,57.4129369031463
per_allsp.cov_pop_tot,Cobertura de protecao social (%),IDN,Indonesia,2014,66.0737919301497
per_allsp.cov_pop_tot,Cobertura de protecao social (%),IDN,Indonesia,2012,55.0754214654009
per_allsp.cov_pop_tot,Cobertura de protecao social (%),IDN,Indonesia,2011,52.8032519405776
per_allsp.cov_pop_tot,Cobertura de protecao social (%),IDN,Indonesia,2009,41.6040097427849
per_allsp.cov_pop_tot,Cobertura de protecao social (%),IND,India,2011,77.1843544084959
per_allsp.cov_pop_tot,Cobertura de protecao social (%),IND,India,2009,21.4540260621091
per_allsp.cov_pop_tot,Cobertura de protecao social (%),IND,India,2004,27.2205840705591
per_allsp.cov_pop_tot,Cobertura de protecao social (%),MEX,Mexico,2022,48.1574389925059
per_allsp.cov_pop_tot,Cobertura de protecao social (%),MEX,Mexico,2020,46.6694929740684
per_allsp.cov_pop_tot,Cobertura de protecao social (%),MEX,Mexico,2018,46.7667530207002
per_allsp.cov_pop_tot,Cobertura de protecao social (%),MEX,Mexico,2016,51.7065184120154
per_allsp.cov_pop_tot,Cobertura de protecao social (%),MEX,Mexico,2014,41.1350368293745
per_allsp.cov_pop_tot,Cobertura de protecao social (%),MEX,Mexico,2012,46.5673447035278
per_allsp.cov_pop_tot,Cobertura de protecao social (%),MEX,Mexico,2010,40.4482529686928
per_allsp.cov_pop_tot,Cobertura de protecao social (%),MEX,Mexico,2008,24.7955725869768
per_allsp.cov_pop_tot,Cobertura de protecao social (%),PER,Peru,2022,83.3603268323727
per_allsp.cov_pop_tot,Cobertura de protecao social (%),PER,Peru,2021,90.053372415314
per_allsp.cov_pop_tot,Cobertura de protecao social (%),PER,Peru,2020,79.8362844850821
per_allsp.cov_pop_tot,Cobertura de protecao social (%),PER,Peru,2019,66.6088946427753
per_allsp.cov_pop_tot,Cobertura de protecao social (%),PER,Peru,2018,66.8237251244785
per_allsp.cov_pop_tot,Cobertura de protecao social (%),PER,Peru,2017,65.9196434010598
per_allsp.cov_pop_tot,Cobertura de protecao social (%),PER,Peru,2016,64.9473273561264
per_allsp.cov_pop_tot,Cobertura de protecao social (%),PER,Peru,2015,65.5979610351688
per_allsp.cov_pop_tot,Cobertura de protecao social (%),PER,Peru,2014,64.8544440009028
per_allsp.cov_pop_tot,Cobertura de protecao social (%),PER,Peru,2013,63.0238948956005
per_allsp.cov_pop_tot,Cobertura de protecao social (%),PER,Peru,2012,89.5209964043684
per_allsp.cov_pop_tot,Cobertura de protecao social (%),PER,Peru,2011,66.1201177166445
per_allsp.cov_pop_tot,Cobertura de protecao social (%),PER,Peru,2010,68.363349060479
per_allsp.cov_pop_tot,Cobertura de protecao social (%),PER,Peru,2009,64.1126200708008
per_allsp.cov_pop_tot,Cobertura de protecao social (%),PER,Peru,2008,52.4014734604822
per_allsp.cov_pop_tot,Cobertura de protecao social (%),TUR,Turquia,2019,49.3411218418971
per_allsp.cov_pop_tot,Cobertura de protecao social (%),TUR,Turquia,2018,49.6640478033582
per_allsp.cov_pop_tot,Cobertura de protecao social (%),TUR,Turquia,2017,49.387720513834
per_allsp.cov_pop_tot,Cobertura de protecao social (%),TUR,Turquia,2016,50.3621319405913
per_allsp.cov_pop_tot,Cobertura de protecao social (%),TUR,Turquia,2015,50.1852514001917
per_allsp.cov_pop_tot,Cobertura de protecao social (%),TUR,Turquia,2014,50.3473399443005
per_allsp.cov_pop_tot,Cobertura de protecao social (%),TUR,Turquia,2013,48.8656012212928
per_allsp.cov_pop_tot,Cobertura de protecao social (%),TUR,Turquia,2012,47.9376934989126
per_allsp.cov_pop_tot,Cobertura de protecao social (%),TUR,Turquia,2011,49.0695427325643
per_allsp.cov_pop_tot,Cobertura de protecao social (%),TUR,Turquia,2010,48.5727567366952
per_allsp.cov_pop_tot,Cobertura de protecao social (%),TUR,Turquia,2009,48.122378360421
per_allsp.cov_pop_tot,Cobertura de protecao social (%),TUR,Turquia,2008,63.7913990524854
per_allsp.cov_pop_tot,Cobertura de protecao social (%),TUR,Turquia,2007,58.6928899833598
per_allsp.cov_pop_tot,Cobertura de protecao social (%),TUR,Turquia,2006,55.206763280846
per_allsp.cov_pop_tot,Cobertura de protecao social (%),TUR,Turquia,2005,53.0461260542634
per_allsp.cov_pop_tot,Cobertura de protecao social (%),TUR,Turquia,2004,51.7030829544874
per_allsp.cov_pop_tot,Cobertura de protecao social (%),,Upper middle income,2021,62.217414855957
per_allsp.cov_pop_tot,Cobertura de protecao social (%),ZAF,Africa do Sul,2021,78.402145939791
per_allsp.cov_pop_tot,Cobertura de protecao social (%),ZAF,Africa do Sul,2020,78.66017623822
per_allsp.cov_pop_tot,Cobertura de protecao social (%),ZAF,Africa do Sul,2019,84.2121377282695
per_allsp.cov_pop_tot,Cobertura de protecao social (%),ZAF,Africa do Sul,2018,78.0644771432783
per_allsp.cov_pop_tot,Cobertura de protecao social (%),ZAF,Africa do Sul,2016,78.1472791671773
per_allsp.cov_pop_tot,Cobertura de protecao social (%),ZAF,Africa do Sul,2014,79.8689077494296
per_allsp.cov_pop_tot,Cobertura de protecao social (%),ZAF,Africa do Sul,2010,62.7635786920672
per_allsp.cov_pop_tot,Cobertura de protecao social (%),ZAF,Africa do Sul,2005,58.5375368130115
VC.IHR.PSRC.P5,Homicidios (por 100 mil hab.),ARG,Argentina,2023,4.49291137824536
VC.IHR.PSRC.P5,Homicidios (por 100 mil hab.),ARG,Argentina,2022,4.31202462020709
VC.IHR.PSRC.P5,Homicidios (por 100 mil hab.),ARG,Argentina,2021,4.62126366336244
VC.IHR.PSRC.P5,Homicidios (por 100 mil hab.),ARG,Argentina,2020,5.35272149985868
VC.IHR.PSRC.P5,Homicidios (por 100 mil hab.),ARG,Argentina,2019,5.13191495105041
VC.IHR.PSRC.P5,Homicidios (por 100 mil hab.),ARG,Argentina,2018,5.33872203870925
VC.IHR.PSRC.P5,Homicidios (por 100 mil hab.),ARG,Argentina,2017,5.23155985787317
VC.IHR.PSRC.P5,Homicidios (por 100 mil hab.),ARG,Argentina,2016,5.97945616037571
VC.IHR.PSRC.P5,Homicidios (por 100 mil hab.),ARG,Argentina,2015,6.52528743235621
VC.IHR.PSRC.P5,Homicidios (por 100 mil hab.),ARG,Argentina,2014,7.50277667235654
VC.IHR.PSRC.P5,Homicidios (por 100 mil hab.),ARG,Argentina,2013,7.2142387373598
VC.IHR.PSRC.P5,Homicidios (por 100 mil hab.),ARG,Argentina,2012,6.28057846262278
VC.IHR.PSRC.P5,Homicidios (por 100 mil hab.),ARG,Argentina,2011,6.01715853502966
VC.IHR.PSRC.P5,Homicidios (por 100 mil hab.),ARG,Argentina,2010,5.7739778082346
VC.IHR.PSRC.P5,Homicidios (por 100 mil hab.),ARG,Argentina,2009,6.46679948327286
VC.IHR.PSRC.P5,Homicidios (por 100 mil hab.),ARG,Argentina,2008,5.86530605419315
VC.IHR.PSRC.P5,Homicidios (por 100 mil hab.),ARG,Argentina,2007,5.34525993519266
VC.IHR.PSRC.P5,Homicidios (por 100 mil hab.),ARG,Argentina,2006,5.32783270151026
VC.IHR.PSRC.P5,Homicidios (por 100 mil hab.),ARG,Argentina,2005,5.6047423259877
VC.IHR.PSRC.P5,Homicidios (por 100 mil hab.),ARG,Argentina,2004,6.02330247756233
VC.IHR.PSRC.P5,Homicidios (por 100 mil hab.),ARG,Argentina,2003,7.72167974407433
VC.IHR.PSRC.P5,Homicidios (por 100 mil hab.),ARG,Argentina,2002,9.38748649102565
VC.IHR.PSRC.P5,Homicidios (por 100 mil hab.),ARG,Argentina,2001,8.31631763979875
VC.IHR.PSRC.P5,Homicidios (por 100 mil hab.),BRA,Brasil,2023,19.2752957673079
VC.IHR.PSRC.P5,Homicidios (por 100 mil hab.),BRA,Brasil,2022,20.0811754127452
VC.IHR.PSRC.P5,Homicidios (por 100 mil hab.),BRA,Brasil,2021,20.5048626655709
VC.IHR.PSRC.P5,Homicidios (por 100 mil hab.),BRA,Brasil,2020,21.8129091470528
VC.IHR.PSRC.P5,Homicidios (por 100 mil hab.),BRA,Brasil,2019,21.2445602088385
VC.IHR.PSRC.P5,Homicidios (por 100 mil hab.),BRA,Brasil,2018,27.1606152370358
VC.IHR.PSRC.P5,Homicidios (por 100 mil hab.),BRA,Brasil,2017,31.1611756216413
VC.IHR.PSRC.P5,Homicidios (por 100 mil hab.),BRA,Brasil,2016,30.1193623667804
VC.IHR.PSRC.P5,Homicidios (por 100 mil hab.),BRA,Brasil,2015,28.8503019791216
VC.IHR.PSRC.P5,Homicidios (por 100 mil hab.),BRA,Brasil,2014,29.8537931807395
VC.IHR.PSRC.P5,Homicidios (por 100 mil hab.),BRA,Brasil,2013,28.6404106359245
VC.IHR.PSRC.P5,Homicidios (por 100 mil hab.),BRA,Brasil,2012,28.6413621085766
VC.IHR.PSRC.P5,Homicidios (por 100 mil hab.),BRA,Brasil,2011,26.7470983503833
VC.IHR.PSRC.P5,Homicidios (por 100 mil hab.),BRA,Brasil,2010,26.9945684769237
VC.IHR.PSRC.P5,Homicidios (por 100 mil hab.),BRA,Brasil,2009,26.7914479705158
VC.IHR.PSRC.P5,Homicidios (por 100 mil hab.),BRA,Brasil,2008,26.3359303856077
VC.IHR.PSRC.P5,Homicidios (por 100 mil hab.),BRA,Brasil,2007,25.3144591379199
VC.IHR.PSRC.P5,Homicidios (por 100 mil hab.),BRA,Brasil,2006,26.3403064568888
VC.IHR.PSRC.P5,Homicidios (por 100 mil hab.),BRA,Brasil,2005,25.7693915381983
VC.IHR.PSRC.P5,Homicidios (por 100 mil hab.),BRA,Brasil,2004,26.4918363852054
VC.IHR.PSRC.P5,Homicidios (por 100 mil hab.),BRA,Brasil,2003,28.2710884352715
VC.IHR.PSRC.P5,Homicidios (por 100 mil hab.),BRA,Brasil,2002,27.848196026942
VC.IHR.PSRC.P5,Homicidios (por 100 mil hab.),BRA,Brasil,2001,27.2006084949971
VC.IHR.PSRC.P5,Homicidios (por 100 mil hab.),BRA,Brasil,2000,26.0748466246634
VC.IHR.PSRC.P5,Homicidios (por 100 mil hab.),BRA,Brasil,1999,25.0021056965213
VC.IHR.PSRC.P5,Homicidios (por 100 mil hab.),BRA,Brasil,1998,24.7990574348239
VC.IHR.PSRC.P5,Homicidios (por 100 mil hab.),BRA,Brasil,1997,24.3049302659348
VC.IHR.PSRC.P5,Homicidios (por 100 mil hab.),BRA,Brasil,1996,23.6865994083929
VC.IHR.PSRC.P5,Homicidios (por 100 mil hab.),BRA,Brasil,1995,21.0220886836161
VC.IHR.PSRC.P5,Homicidios (por 100 mil hab.),CHL,Chile,2023,6.34829073035101
VC.IHR.PSRC.P5,Homicidios (por 100 mil hab.),CHL,Chile,2022,6.80201256720408
VC.IHR.PSRC.P5,Homicidios (por 100 mil hab.),CHL,Chile,2021,4.65658124495601
VC.IHR.PSRC.P5,Homicidios (por 100 mil hab.),CHL,Chile,2020,5.75613878004137
VC.IHR.PSRC.P5,Homicidios (por 100 mil hab.),CHL,Chile,2019,4.81306553520039
VC.IHR.PSRC.P5,Homicidios (por 100 mil hab.),CHL,Chile,2018,4.36665251518391
VC.IHR.PSRC.P5,Homicidios (por 100 mil hab.),CHL,Chile,2017,4.19745439747334
VC.IHR.PSRC.P5,Homicidios (por 100 mil hab.),CHL,Chile,2016,3.39405749254204
VC.IHR.PSRC.P5,Homicidios (por 100 mil hab.),CHL,Chile,2015,2.32163505387454
VC.IHR.PSRC.P5,Homicidios (por 100 mil hab.),CHL,Chile,2014,2.4518317226161
VC.IHR.PSRC.P5,Homicidios (por 100 mil hab.),CHL,Chile,2013,3.14355060592079
VC.IHR.PSRC.P5,Homicidios (por 100 mil hab.),CHL,Chile,2012,2.47729352143792
VC.IHR.PSRC.P5,Homicidios (por 100 mil hab.),CHL,Chile,2011,3.66532251337043
VC.IHR.PSRC.P5,Homicidios (por 100 mil hab.),CHL,Chile,2010,3.14874215608169
VC.IHR.PSRC.P5,Homicidios (por 100 mil hab.),CHL,Chile,2009,3.70376238471268
VC.IHR.PSRC.P5,Homicidios (por 100 mil hab.),CHL,Chile,2008,3.4918963063576
VC.IHR.PSRC.P5,Homicidios (por 100 mil hab.),CHL,Chile,2007,3.6949106294991
VC.IHR.PSRC.P5,Homicidios (por 100 mil hab.),CHL,Chile,2006,3.57376612166027
VC.IHR.PSRC.P5,Homicidios (por 100 mil hab.),CHL,Chile,2005,3.52319921168418
VC.IHR.PSRC.P5,Homicidios (por 100 mil hab.),CHL,Chile,2003,3.20129769251024
VC.IHR.PSRC.P5,Homicidios (por 100 mil hab.),CHN,China,2020,0.5018560705357
VC.IHR.PSRC.P5,Homicidios (por 100 mil hab.),CHN,China,2019,0.518362801144556
VC.IHR.PSRC.P5,Homicidios (por 100 mil hab.),CHN,China,2018,0.530299683323493
VC.IHR.PSRC.P5,Homicidios (por 100 mil hab.),CHN,China,2017,0.565721900260259
VC.IHR.PSRC.P5,Homicidios (por 100 mil hab.),CHN,China,2016,0.614934212808057
VC.IHR.PSRC.P5,Homicidios (por 100 mil hab.),CHN,China,2015,0.658962453224414
VC.IHR.PSRC.P5,Homicidios (por 100 mil hab.),CHN,China,2014,0.726466059590713
VC.IHR.PSRC.P5,Homicidios (por 100 mil hab.),CHN,China,2013,0.771569105292682
VC.IHR.PSRC.P5,Homicidios (por 100 mil hab.),CHN,China,2012,0.824083830524219
VC.IHR.PSRC.P5,Homicidios (por 100 mil hab.),CHN,China,2011,0.883293080721741
VC.IHR.PSRC.P5,Homicidios (por 100 mil hab.),CHN,China,2010,0.992185694923539
VC.IHR.PSRC.P5,Homicidios (por 100 mil hab.),CHN,China,2009,1.09249548072451
VC.IHR.PSRC.P5,Homicidios (por 100 mil hab.),CHN,China,2008,1.11041885098023
VC.IHR.PSRC.P5,Homicidios (por 100 mil hab.),CHN,China,2007,1.21578178296856
VC.IHR.PSRC.P5,Homicidios (por 100 mil hab.),CHN,China,2006,1.3636011505677
VC.IHR.PSRC.P5,Homicidios (por 100 mil hab.),CHN,China,2005,1.5854633417248
VC.IHR.PSRC.P5,Homicidios (por 100 mil hab.),CHN,China,2004,1.89778004857568
VC.IHR.PSRC.P5,Homicidios (por 100 mil hab.),CHN,China,2003,1.88433167405903
VC.IHR.PSRC.P5,Homicidios (por 100 mil hab.),CHN,China,2002,2.04185850578199
VC.IHR.PSRC.P5,Homicidios (por 100 mil hab.),CHN,China,1997,2.10048890051469
VC.IHR.PSRC.P5,Homicidios (por 100 mil hab.),CHN,China,1996,2.06434925045202
VC.IHR.PSRC.P5,Homicidios (por 100 mil hab.),CHN,China,1995,2.24204895736743
VC.IHR.PSRC.P5,Homicidios (por 100 mil hab.),COL,Colombia,2023,24.9134420347488
VC.IHR.PSRC.P5,Homicidios (por 100 mil hab.),COL,Colombia,2022,24.9488076386337
VC.IHR.PSRC.P5,Homicidios (por 100 mil hab.),COL,Colombia,2021,25.5801274097033
VC.IHR.PSRC.P5,Homicidios (por 100 mil hab.),COL,Colombia,2020,22.6427030734102
VC.IHR.PSRC.P5,Homicidios (por 100 mil hab.),COL,Colombia,2019,23.3990612924966
VC.IHR.PSRC.P5,Homicidios (por 100 mil hab.),COL,Colombia,2018,23.8207594532571
VC.IHR.PSRC.P5,Homicidios (por 100 mil hab.),COL,Colombia,2017,25.5510587151196
VC.IHR.PSRC.P5,Homicidios (por 100 mil hab.),COL,Colombia,2016,26.1438669043183
VC.IHR.PSRC.P5,Homicidios (por 100 mil hab.),COL,Colombia,2015,27.2152782480106
VC.IHR.PSRC.P5,Homicidios (por 100 mil hab.),COL,Colombia,2014,28.654305199833
VC.IHR.PSRC.P5,Homicidios (por 100 mil hab.),COL,Colombia,2013,33.4159707994424
VC.IHR.PSRC.P5,Homicidios (por 100 mil hab.),COL,Colombia,2012,35.9613009153726
VC.IHR.PSRC.P5,Homicidios (por 100 mil hab.),COL,Colombia,2011,35.6322084408409
VC.IHR.PSRC.P5,Homicidios (por 100 mil hab.),COL,Colombia,2010,34.5241750628259
VC.IHR.PSRC.P5,Homicidios (por 100 mil hab.),COL,Colombia,2009,35.7272410703666
VC.IHR.PSRC.P5,Homicidios (por 100 mil hab.),COL,Colombia,2008,36.8840024517578
VC.IHR.PSRC.P5,Homicidios (por 100 mil hab.),COL,Colombia,2007,39.7776140409658
VC.IHR.PSRC.P5,Homicidios (por 100 mil hab.),COL,Colombia,2006,40.9429758324124
VC.IHR.PSRC.P5,Homicidios (por 100 mil hab.),COL,Colombia,2005,42.9894132012747
VC.IHR.PSRC.P5,Homicidios (por 100 mil hab.),COL,Colombia,2004,48.6481875848116
VC.IHR.PSRC.P5,Homicidios (por 100 mil hab.),COL,Colombia,2003,57.4608630160922
VC.IHR.PSRC.P5,Homicidios (por 100 mil hab.),COL,Colombia,2002,70.3960948977152
VC.IHR.PSRC.P5,Homicidios (por 100 mil hab.),COL,Colombia,2001,70.1095871523678
VC.IHR.PSRC.P5,Homicidios (por 100 mil hab.),COL,Colombia,2000,67.8921586309151
VC.IHR.PSRC.P5,Homicidios (por 100 mil hab.),COL,Colombia,1999,63.3339923743845
VC.IHR.PSRC.P5,Homicidios (por 100 mil hab.),COL,Colombia,1998,61.0946739886429
VC.IHR.PSRC.P5,Homicidios (por 100 mil hab.),COL,Colombia,1997,62.4980646140821
VC.IHR.PSRC.P5,Homicidios (por 100 mil hab.),COL,Colombia,1996,64.0379653259786
VC.IHR.PSRC.P5,Homicidios (por 100 mil hab.),COL,Colombia,1995,62.3410428739553
VC.IHR.PSRC.P5,Homicidios (por 100 mil hab.),ECU,Equador,2023,45.7228145164847
VC.IHR.PSRC.P5,Homicidios (por 100 mil hab.),ECU,Equador,2022,27.4126359684417
VC.IHR.PSRC.P5,Homicidios (por 100 mil hab.),ECU,Equador,2021,14.1156873894402
VC.IHR.PSRC.P5,Homicidios (por 100 mil hab.),ECU,Equador,2020,7.81941728300383
VC.IHR.PSRC.P5,Homicidios (por 100 mil hab.),ECU,Equador,2019,6.84543557226847
VC.IHR.PSRC.P5,Homicidios (por 100 mil hab.),ECU,Equador,2018,5.8300670929869
VC.IHR.PSRC.P5,Homicidios (por 100 mil hab.),ECU,Equador,2017,5.78775543057783
VC.IHR.PSRC.P5,Homicidios (por 100 mil hab.),ECU,Equador,2016,5.81031174018927
VC.IHR.PSRC.P5,Homicidios (por 100 mil hab.),ECU,Equador,2015,6.45509329915208
VC.IHR.PSRC.P5,Homicidios (por 100 mil hab.),ECU,Equador,2014,8.16956550602398
VC.IHR.PSRC.P5,Homicidios (por 100 mil hab.),ECU,Equador,2013,10.9127986726241
VC.IHR.PSRC.P5,Homicidios (por 100 mil hab.),ECU,Equador,2012,12.3425125579607
VC.IHR.PSRC.P5,Homicidios (por 100 mil hab.),ECU,Equador,2011,15.2875203821371
VC.IHR.PSRC.P5,Homicidios (por 100 mil hab.),ECU,Equador,2010,17.4043449177688
VC.IHR.PSRC.P5,Homicidios (por 100 mil hab.),ECU,Equador,2009,17.705436773059
VC.IHR.PSRC.P5,Homicidios (por 100 mil hab.),ECU,Equador,2008,17.886543943386
VC.IHR.PSRC.P5,Homicidios (por 100 mil hab.),ECU,Equador,2007,15.8631866106051
VC.IHR.PSRC.P5,Homicidios (por 100 mil hab.),ECU,Equador,2002,14.5070142098716
VC.IHR.PSRC.P5,Homicidios (por 100 mil hab.),ECU,Equador,2001,12.8420209514706
VC.IHR.PSRC.P5,Homicidios (por 100 mil hab.),ECU,Equador,2000,14.4453488439446
VC.IHR.PSRC.P5,Homicidios (por 100 mil hab.),ECU,Equador,1999,13.4875122235591
VC.IHR.PSRC.P5,Homicidios (por 100 mil hab.),ECU,Equador,1998,13.409254126692
VC.IHR.PSRC.P5,Homicidios (por 100 mil hab.),ECU,Equador,1997,10.9429833738619
VC.IHR.PSRC.P5,Homicidios (por 100 mil hab.),ECU,Equador,1996,12.3838470232859
VC.IHR.PSRC.P5,Homicidios (por 100 mil hab.),ECU,Equador,1995,11.8383919002488
VC.IHR.PSRC.P5,Homicidios (por 100 mil hab.),IDN,Indonesia,2022,0.303768746039586
VC.IHR.PSRC.P5,Homicidios (por 100 mil hab.),IDN,Indonesia,2004,0.62256871069078
VC.IHR.PSRC.P5,Homicidios (por 100 mil hab.),IDN,Indonesia,2003,0.726511653296908
VC.IHR.PSRC.P5,Homicidios (por 100 mil hab.),IDN,Indonesia,2000,1.02000302761334
VC.IHR.PSRC.P5,Homicidios (por 100 mil hab.),IDN,Indonesia,1999,0.98119915381385
VC.IHR.PSRC.P5,Homicidios (por 100 mil hab.),IDN,Indonesia,1998,0.837833916521102
VC.IHR.PSRC.P5,Homicidios (por 100 mil hab.),IND,India,2022,2.81530423021647
VC.IHR.PSRC.P5,Homicidios (por 100 mil hab.),IND,India,2021,2.92249230234054
VC.IHR.PSRC.P5,Homicidios (por 100 mil hab.),IND,India,2020,2.93529734667461
VC.IHR.PSRC.P5,Homicidios (por 100 mil hab.),IND,India,2019,2.94997162020176
VC.IHR.PSRC.P5,Homicidios (por 100 mil hab.),IND,India,2018,3.0299149142336
VC.IHR.PSRC.P5,Homicidios (por 100 mil hab.),IND,India,2017,3.07665739913599
VC.IHR.PSRC.P5,Homicidios (por 100 mil hab.),IND,India,2016,3.14894003612781
VC.IHR.PSRC.P5,Homicidios (por 100 mil hab.),IND,India,2015,3.341278725169
VC.IHR.PSRC.P5,Homicidios (por 100 mil hab.),IND,India,2014,3.60868879736221
VC.IHR.PSRC.P5,Homicidios (por 100 mil hab.),IND,India,2013,3.54043488192346
VC.IHR.PSRC.P5,Homicidios (por 100 mil hab.),IND,India,2012,3.71306379435684
VC.IHR.PSRC.P5,Homicidios (por 100 mil hab.),IND,India,2011,3.77728016164146
VC.IHR.PSRC.P5,Homicidios (por 100 mil hab.),IND,India,2010,3.73628378136533
VC.IHR.PSRC.P5,Homicidios (por 100 mil hab.),IND,India,2009,3.7391329622536
VC.IHR.PSRC.P5,Homicidios (por 100 mil hab.),IND,India,2008,3.80808186808269
VC.IHR.PSRC.P5,Homicidios (por 100 mil hab.),IND,India,2007,3.80976850285027
VC.IHR.PSRC.P5,Homicidios (por 100 mil hab.),IND,India,2006,3.83338811896998
VC.IHR.PSRC.P5,Homicidios (por 100 mil hab.),IND,India,2005,3.9054234629053
VC.IHR.PSRC.P5,Homicidios (por 100 mil hab.),IND,India,2004,4.09246015023157
VC.IHR.PSRC.P5,Homicidios (por 100 mil hab.),IND,India,2003,3.96945564811633
VC.IHR.PSRC.P5,Homicidios (por 100 mil hab.),IND,India,2002,4.16690817646815
VC.IHR.PSRC.P5,Homicidios (por 100 mil hab.),IND,India,2001,4.30652763410509
VC.IHR.PSRC.P5,Homicidios (por 100 mil hab.),IND,India,2000,4.55297901231507
VC.IHR.PSRC.P5,Homicidios (por 100 mil hab.),IND,India,1999,4.60217795989072
VC.IHR.PSRC.P5,Homicidios (por 100 mil hab.),IND,India,1998,4.83888188255162
VC.IHR.PSRC.P5,Homicidios (por 100 mil hab.),IND,India,1997,4.74591109090452
VC.IHR.PSRC.P5,Homicidios (por 100 mil hab.),IND,India,1996,4.7885099027111
VC.IHR.PSRC.P5,Homicidios (por 100 mil hab.),IND,India,1995,4.83036026191718
VC.IHR.PSRC.P5,Homicidios (por 100 mil hab.),MEX,Mexico,2023,24.8589948436701
VC.IHR.PSRC.P5,Homicidios (por 100 mil hab.),MEX,Mexico,2022,25.8814968854168
VC.IHR.PSRC.P5,Homicidios (por 100 mil hab.),MEX,Mexico,2021,27.9675034061893
VC.IHR.PSRC.P5,Homicidios (por 100 mil hab.),MEX,Mexico,2020,29.0010048931398
VC.IHR.PSRC.P5,Homicidios (por 100 mil hab.),MEX,Mexico,2019,29.150867187807
VC.IHR.PSRC.P5,Homicidios (por 100 mil hab.),MEX,Mexico,2018,29.4484283285099
VC.IHR.PSRC.P5,Homicidios (por 100 mil hab.),MEX,Mexico,2017,25.9959360229634
VC.IHR.PSRC.P5,Homicidios (por 100 mil hab.),MEX,Mexico,2016,20.0889396309777
VC.IHR.PSRC.P5,Homicidios (por 100 mil hab.),MEX,Mexico,2015,17.1484302942078
VC.IHR.PSRC.P5,Homicidios (por 100 mil hab.),MEX,Mexico,2014,16.7050327254596
VC.IHR.PSRC.P5,Homicidios (por 100 mil hab.),MEX,Mexico,2013,19.4881727966757
VC.IHR.PSRC.P5,Homicidios (por 100 mil hab.),MEX,Mexico,2012,22.2285552341782
VC.IHR.PSRC.P5,Homicidios (por 100 mil hab.),MEX,Mexico,2011,23.6134785680132
VC.IHR.PSRC.P5,Homicidios (por 100 mil hab.),MEX,Mexico,2010,22.6686472946558
VC.IHR.PSRC.P5,Homicidios (por 100 mil hab.),MEX,Mexico,2009,17.6812940453664
VC.IHR.PSRC.P5,Homicidios (por 100 mil hab.),MEX,Mexico,2008,12.6895495806052
VC.IHR.PSRC.P5,Homicidios (por 100 mil hab.),MEX,Mexico,2007,8.15173722925145
VC.IHR.PSRC.P5,Homicidios (por 100 mil hab.),MEX,Mexico,2006,9.74512148491559
VC.IHR.PSRC.P5,Homicidios (por 100 mil hab.),MEX,Mexico,2005,9.37610715749773
VC.IHR.PSRC.P5,Homicidios (por 100 mil hab.),MEX,Mexico,2004,8.93632612354424
VC.IHR.PSRC.P5,Homicidios (por 100 mil hab.),MEX,Mexico,2003,9.79524704840011
VC.IHR.PSRC.P5,Homicidios (por 100 mil hab.),MEX,Mexico,2002,9.93415725652767
VC.IHR.PSRC.P5,Homicidios (por 100 mil hab.),MEX,Mexico,2001,10.2748177070264
VC.IHR.PSRC.P5,Homicidios (por 100 mil hab.),MEX,Mexico,2000,10.8866310831903
VC.IHR.PSRC.P5,Homicidios (por 100 mil hab.),MEX,Mexico,1999,12.6127898786382
VC.IHR.PSRC.P5,Homicidios (por 100 mil hab.),MEX,Mexico,1998,14.2882186700123
VC.IHR.PSRC.P5,Homicidios (por 100 mil hab.),MEX,Mexico,1997,14.4137694382077
VC.IHR.PSRC.P5,Homicidios (por 100 mil hab.),MEX,Mexico,1996,15.6891033012258
VC.IHR.PSRC.P5,Homicidios (por 100 mil hab.),MEX,Mexico,1995,17.182014381969
VC.IHR.PSRC.P5,Homicidios (por 100 mil hab.),PER,Peru,2021,8.60480803979216
VC.IHR.PSRC.P5,Homicidios (por 100 mil hab.),PER,Peru,2020,5.79501314909191
VC.IHR.PSRC.P5,Homicidios (por 100 mil hab.),PER,Peru,2019,7.3499267457301
VC.IHR.PSRC.P5,Homicidios (por 100 mil hab.),PER,Peru,2018,7.68710269227761
VC.IHR.PSRC.P5,Homicidios (por 100 mil hab.),PER,Peru,2017,7.9394377010568
VC.IHR.PSRC.P5,Homicidios (por 100 mil hab.),PER,Peru,2016,7.88881315592262
VC.IHR.PSRC.P5,Homicidios (por 100 mil hab.),PER,Peru,2015,7.37746900609372
VC.IHR.PSRC.P5,Homicidios (por 100 mil hab.),PER,Peru,2014,6.89338555748064
VC.IHR.PSRC.P5,Homicidios (por 100 mil hab.),PER,Peru,2013,6.75097413739705
VC.IHR.PSRC.P5,Homicidios (por 100 mil hab.),PER,Peru,2012,6.65981599009637
VC.IHR.PSRC.P5,Homicidios (por 100 mil hab.),PER,Peru,2011,5.5180019181967
VC.IHR.PSRC.P5,Homicidios (por 100 mil hab.),TUR,Turquia,2023,3.22789482308636
VC.IHR.PSRC.P5,Homicidios (por 100 mil hab.),TUR,Turquia,2022,2.62122678525057
VC.IHR.PSRC.P5,Homicidios (por 100 mil hab.),TUR,Turquia,2021,2.49751250926437
VC.IHR.PSRC.P5,Homicidios (por 100 mil hab.),TUR,Turquia,2020,2.49036807460102
VC.IHR.PSRC.P5,Homicidios (por 100 mil hab.),TUR,Turquia,2019,2.39580104761995
VC.IHR.PSRC.P5,Homicidios (por 100 mil hab.),TUR,Turquia,2018,2.55994219861376
VC.IHR.PSRC.P5,Homicidios (por 100 mil hab.),TUR,Turquia,2017,3.05836302689691
VC.IHR.PSRC.P5,Homicidios (por 100 mil hab.),TUR,Turquia,2016,3.31161155785991
VC.IHR.PSRC.P5,Homicidios (por 100 mil hab.),TUR,Turquia,2015,2.79325328973375
VC.IHR.PSRC.P5,Homicidios (por 100 mil hab.),TUR,Turquia,2012,4.27675507086876
VC.IHR.PSRC.P5,Homicidios (por 100 mil hab.),TUR,Turquia,2011,4.1244918510834
VC.IHR.PSRC.P5,Homicidios (por 100 mil hab.),TUR,Turquia,2010,4.17741645852185
VC.IHR.PSRC.P5,Homicidios (por 100 mil hab.),TUR,Turquia,2008,4.55127664672389
VC.IHR.PSRC.P5,Homicidios (por 100 mil hab.),TUR,Turquia,2007,5.08688366199539
VC.IHR.PSRC.P5,Homicidios (por 100 mil hab.),TUR,Turquia,2006,4.52278419997034
VC.IHR.PSRC.P5,Homicidios (por 100 mil hab.),TUR,Turquia,2005,4.76708660324403
VC.IHR.PSRC.P5,Homicidios (por 100 mil hab.),TUR,Turquia,2004,4.24827062656029
VC.IHR.PSRC.P5,Homicidios (por 100 mil hab.),TUR,Turquia,2003,4.18240847006562
VC.IHR.PSRC.P5,Homicidios (por 100 mil hab.),,Upper middle income,2023,5.7
VC.IHR.PSRC.P5,Homicidios (por 100 mil hab.),,Upper middle income,2022,5.7
VC.IHR.PSRC.P5,Homicidios (por 100 mil hab.),,Upper middle income,2021,5.7
VC.IHR.PSRC.P5,Homicidios (por 100 mil hab.),,Upper middle income,2020,5.5
VC.IHR.PSRC.P5,Homicidios (por 100 mil hab.),,Upper middle income,2019,5.6
VC.IHR.PSRC.P5,Homicidios (por 100 mil hab.),,Upper middle income,2018,6.2
VC.IHR.PSRC.P5,Homicidios (por 100 mil hab.),,Upper middle income,2017,6.4
VC.IHR.PSRC.P5,Homicidios (por 100 mil hab.),,Upper middle income,2016,6.1
VC.IHR.PSRC.P5,Homicidios (por 100 mil hab.),,Upper middle income,2015,6.0
VC.IHR.PSRC.P5,Homicidios (por 100 mil hab.),,Upper middle income,2014,6.0
VC.IHR.PSRC.P5,Homicidios (por 100 mil hab.),,Upper middle income,2013,6.1
VC.IHR.PSRC.P5,Homicidios (por 100 mil hab.),,Upper middle income,2012,6.3
VC.IHR.PSRC.P5,Homicidios (por 100 mil hab.),,Upper middle income,2011,6.3
VC.IHR.PSRC.P5,Homicidios (por 100 mil hab.),,Upper middle income,2010,6.4
VC.IHR.PSRC.P5,Homicidios (por 100 mil hab.),ZAF,Africa do Sul,2022,43.7202551331462
VC.IHR.PSRC.P5,Homicidios (por 100 mil hab.),ZAF,Africa do Sul,2021,40.9429825270973
VC.IHR.PSRC.P5,Homicidios (por 100 mil hab.),ZAF,Africa do Sul,2020,32.9775673780065
VC.IHR.PSRC.P5,Homicidios (por 100 mil hab.),ZAF,Africa do Sul,2019,35.7874756270719
VC.IHR.PSRC.P5,Homicidios (por 100 mil hab.),ZAF,Africa do Sul,2018,35.8657632618552
VC.IHR.PSRC.P5,Homicidios (por 100 mil hab.),ZAF,Africa do Sul,2017,35.2840163787516
VC.IHR.PSRC.P5,Homicidios (por 100 mil hab.),ZAF,Africa do Sul,2016,33.2101800798263
VC.IHR.PSRC.P5,Homicidios (por 100 mil hab.),ZAF,Africa do Sul,2015,32.9193156001477
VC.IHR.PSRC.P5,Homicidios (por 100 mil hab.),ZAF,Africa do Sul,2014,32.026354388996
VC.IHR.PSRC.P5,Homicidios (por 100 mil hab.),ZAF,Africa do Sul,2013,31.132729039924
VC.IHR.PSRC.P5,Homicidios (por 100 mil hab.),ZAF,Africa do Sul,2012,30.1454561488805
VC.IHR.PSRC.P5,Homicidios (por 100 mil hab.),ZAF,Africa do Sul,2011,29.3498251398405
VC.IHR.PSRC.P5,Homicidios (por 100 mil hab.),ZAF,Africa do Sul,2010,30.3625716702744
VC.IHR.PSRC.P5,Homicidios (por 100 mil hab.),ZAF,Africa do Sul,2009,32.4134564386112
VC.IHR.PSRC.P5,Homicidios (por 100 mil hab.),ZAF,Africa do Sul,2008,35.379325145242
VC.IHR.PSRC.P5,Homicidios (por 100 mil hab.),ZAF,Africa do Sul,2007,36.4150322955323
VC.IHR.PSRC.P5,Homicidios (por 100 mil hab.),ZAF,Africa do Sul,2006,38.213316830898
VC.IHR.PSRC.P5,Homicidios (por 100 mil hab.),ZAF,Africa do Sul,2005,37.4378416502353
VC.IHR.PSRC.P5,Homicidios (por 100 mil hab.),ZAF,Africa do Sul,2004,38.3597777084255
VC.IHR.PSRC.P5,Homicidios (por 100 mil hab.),ZAF,Africa do Sul,2003,40.8739335231162
VC.IHR.PSRC.P5,Homicidios (por 100 mil hab.),ZAF,Africa do Sul,2002,44.8839287192482
VC.IHR.PSRC.P5,Homicidios (por 100 mil hab.),ZAF,Africa do Sul,2001,44.9998733885833
VC.IHR.PSRC.P5,Homicidios (por 100 mil hab.),ZAF,Africa do Sul,2000,46.1368317963984
VC.IHR.PSRC.P5,Homicidios (por 100 mil hab.),ZAF,Africa do Sul,1999,48.371149061953
VC.IHR.PSRC.P5,Homicidios (por 100 mil hab.),ZAF,Africa do Sul,1998,54.3593478699825
VC.IHR.PSRC.P5,Homicidios (por 100 mil hab.),ZAF,Africa do Sul,1997,53.6187769339318
VC.IHR.PSRC.P5,Homicidios (por 100 mil hab.),ZAF,Africa do Sul,1996,56.4456925288109
VC.IHR.PSRC.P5,Homicidios (por 100 mil hab.),ZAF,Africa do Sul,1995,60.3414054621735
GC.DOD.TOTL.GD.ZS,Divida do governo central / PIB (%),BRA,Brasil,2024,81.8554431191023
GC.DOD.TOTL.GD.ZS,Divida do governo central / PIB (%),BRA,Brasil,2023,83.0317498523878
GC.DOD.TOTL.GD.ZS,Divida do governo central / PIB (%),BRA,Brasil,2022,79.1023218878495
GC.DOD.TOTL.GD.ZS,Divida do governo central / PIB (%),BRA,Brasil,2021,85.0115036768016
GC.DOD.TOTL.GD.ZS,Divida do governo central / PIB (%),BRA,Brasil,2020,98.7098819468714
GC.DOD.TOTL.GD.ZS,Divida do governo central / PIB (%),BRA,Brasil,2019,92.5652531945418
GC.DOD.TOTL.GD.ZS,Divida do governo central / PIB (%),BRA,Brasil,2018,86.6078841211512
GC.DOD.TOTL.GD.ZS,Divida do governo central / PIB (%),BRA,Brasil,2017,83.669202649666
GC.DOD.TOTL.GD.ZS,Divida do governo central / PIB (%),BRA,Brasil,2016,73.4188038014782
GC.DOD.TOTL.GD.ZS,Divida do governo central / PIB (%),BRA,Brasil,2015,67.5375540310909
GC.DOD.TOTL.GD.ZS,Divida do governo central / PIB (%),BRA,Brasil,2014,58.4572711058609
GC.DOD.TOTL.GD.ZS,Divida do governo central / PIB (%),BRA,Brasil,2013,57.2284093845516
GC.DOD.TOTL.GD.ZS,Divida do governo central / PIB (%),BRA,Brasil,2012,59.8494900007969
GC.DOD.TOTL.GD.ZS,Divida do governo central / PIB (%),BRA,Brasil,2011,59.3416583028164
GC.DOD.TOTL.GD.ZS,Divida do governo central / PIB (%),BRA,Brasil,2010,61.3187804643039
GC.DOD.TOTL.GD.ZS,Divida do governo central / PIB (%),CHL,Chile,2000,13.1456400046218
GC.DOD.TOTL.GD.ZS,Divida do governo central / PIB (%),CHL,Chile,1999,13.2770070103556
GC.DOD.TOTL.GD.ZS,Divida do governo central / PIB (%),CHL,Chile,1998,12.1152964039874
GC.DOD.TOTL.GD.ZS,Divida do governo central / PIB (%),CHL,Chile,1997,12.7798231847422
GC.DOD.TOTL.GD.ZS,Divida do governo central / PIB (%),CHL,Chile,1996,14.5844761379403
GC.DOD.TOTL.GD.ZS,Divida do governo central / PIB (%),CHL,Chile,1995,17.2839264386827
GC.DOD.TOTL.GD.ZS,Divida do governo central / PIB (%),COL,Colombia,2024,71.1965371181288
GC.DOD.TOTL.GD.ZS,Divida do governo central / PIB (%),COL,Colombia,2023,71.2127173058669
GC.DOD.TOTL.GD.ZS,Divida do governo central / PIB (%),COL,Colombia,2022,70.2611599864283
GC.DOD.TOTL.GD.ZS,Divida do governo central / PIB (%),COL,Colombia,2021,80.4259616037106
GC.DOD.TOTL.GD.ZS,Divida do governo central / PIB (%),COL,Colombia,2020,91.1566069449736
GC.DOD.TOTL.GD.ZS,Divida do governo central / PIB (%),COL,Colombia,2019,72.7038785770822
GC.DOD.TOTL.GD.ZS,Divida do governo central / PIB (%),COL,Colombia,2018,71.6505702481056
GC.DOD.TOTL.GD.ZS,Divida do governo central / PIB (%),COL,Colombia,2017,66.7272478472146
GC.DOD.TOTL.GD.ZS,Divida do governo central / PIB (%),COL,Colombia,2016,66.9071609125065
GC.DOD.TOTL.GD.ZS,Divida do governo central / PIB (%),COL,Colombia,2015,53.2785874737167
GC.DOD.TOTL.GD.ZS,Divida do governo central / PIB (%),COL,Colombia,2014,47.9761695160459
GC.DOD.TOTL.GD.ZS,Divida do governo central / PIB (%),COL,Colombia,2013,67.1029119456429
GC.DOD.TOTL.GD.ZS,Divida do governo central / PIB (%),COL,Colombia,2012,65.227695883164
GC.DOD.TOTL.GD.ZS,Divida do governo central / PIB (%),COL,Colombia,2011,62.8601328222053
GC.DOD.TOTL.GD.ZS,Divida do governo central / PIB (%),COL,Colombia,2010,72.4526699261111
GC.DOD.TOTL.GD.ZS,Divida do governo central / PIB (%),COL,Colombia,2009,68.9990033374936
GC.DOD.TOTL.GD.ZS,Divida do governo central / PIB (%),COL,Colombia,2008,65.2450803056946
GC.DOD.TOTL.GD.ZS,Divida do governo central / PIB (%),COL,Colombia,2003,52.535419533379
GC.DOD.TOTL.GD.ZS,Divida do governo central / PIB (%),COL,Colombia,2000,17.7090216802298
GC.DOD.TOTL.GD.ZS,Divida do governo central / PIB (%),COL,Colombia,1999,19.0653508704071
GC.DOD.TOTL.GD.ZS,Divida do governo central / PIB (%),COL,Colombia,1998,5.40391549112143
GC.DOD.TOTL.GD.ZS,Divida do governo central / PIB (%),IDN,Indonesia,2009,29.997306381567
GC.DOD.TOTL.GD.ZS,Divida do governo central / PIB (%),IDN,Indonesia,2008,34.2250282105616
GC.DOD.TOTL.GD.ZS,Divida do governo central / PIB (%),IDN,Indonesia,2003,29.7173962466428
GC.DOD.TOTL.GD.ZS,Divida do governo central / PIB (%),IDN,Indonesia,2002,32.2241265309989
GC.DOD.TOTL.GD.ZS,Divida do governo central / PIB (%),IDN,Indonesia,1999,45.2079671076106
GC.DOD.TOTL.GD.ZS,Divida do governo central / PIB (%),IDN,Indonesia,1998,55.2040876648634
GC.DOD.TOTL.GD.ZS,Divida do governo central / PIB (%),IDN,Indonesia,1997,72.4853185253111
GC.DOD.TOTL.GD.ZS,Divida do governo central / PIB (%),IDN,Indonesia,1996,23.92314220907
GC.DOD.TOTL.GD.ZS,Divida do governo central / PIB (%),IDN,Indonesia,1995,30.8043248823304
GC.DOD.TOTL.GD.ZS,Divida do governo central / PIB (%),IND,India,2018,46.5224986659322
GC.DOD.TOTL.GD.ZS,Divida do governo central / PIB (%),IND,India,2017,47.5836093800197
GC.DOD.TOTL.GD.ZS,Divida do governo central / PIB (%),IND,India,2016,47.6337555915272
GC.DOD.TOTL.GD.ZS,Divida do governo central / PIB (%),IND,India,2015,49.9647183856551
GC.DOD.TOTL.GD.ZS,Divida do governo central / PIB (%),IND,India,2014,49.9009248748319
GC.DOD.TOTL.GD.ZS,Divida do governo central / PIB (%),IND,India,2013,50.3118273627008
GC.DOD.TOTL.GD.ZS,Divida do governo central / PIB (%),IND,India,2012,50.6780305618952
GC.DOD.TOTL.GD.ZS,Divida do governo central / PIB (%),IND,India,2011,51.5565536600977
GC.DOD.TOTL.GD.ZS,Divida do governo central / PIB (%),IND,India,2010,51.5919103003897
GC.DOD.TOTL.GD.ZS,Divida do governo central / PIB (%),IND,India,2009,55.2564461117969
GC.DOD.TOTL.GD.ZS,Divida do governo central / PIB (%),IND,India,2008,57.2922142809949
GC.DOD.TOTL.GD.ZS,Divida do governo central / PIB (%),IND,India,2007,57.4975363892468
GC.DOD.TOTL.GD.ZS,Divida do governo central / PIB (%),IND,India,2006,59.6667302762217
GC.DOD.TOTL.GD.ZS,Divida do governo central / PIB (%),IND,India,2005,62.2265261001737
GC.DOD.TOTL.GD.ZS,Divida do governo central / PIB (%),IND,India,2004,62.5929767433885
GC.DOD.TOTL.GD.ZS,Divida do governo central / PIB (%),IND,India,2003,62.1900538960464
GC.DOD.TOTL.GD.ZS,Divida do governo central / PIB (%),IND,India,2002,62.5527712945573
GC.DOD.TOTL.GD.ZS,Divida do governo central / PIB (%),IND,India,2001,59.0179097968845
GC.DOD.TOTL.GD.ZS,Divida do governo central / PIB (%),IND,India,2000,55.0042464964554
GC.DOD.TOTL.GD.ZS,Divida do governo central / PIB (%),IND,India,1999,51.3529514384148
GC.DOD.TOTL.GD.ZS,Divida do governo central / PIB (%),IND,India,1998,50.3192181735145
GC.DOD.TOTL.GD.ZS,Divida do governo central / PIB (%),IND,India,1997,50.3654361276153
GC.DOD.TOTL.GD.ZS,Divida do governo central / PIB (%),IND,India,1996,45.7233077028079
GC.DOD.TOTL.GD.ZS,Divida do governo central / PIB (%),IND,India,1995,47.4916413028303
GC.DOD.TOTL.GD.ZS,Divida do governo central / PIB (%),MEX,Mexico,2024,50.270950655733
GC.DOD.TOTL.GD.ZS,Divida do governo central / PIB (%),MEX,Mexico,2023,45.1534859576172
GC.DOD.TOTL.GD.ZS,Divida do governo central / PIB (%),MEX,Mexico,2022,43.9694401581611
GC.DOD.TOTL.GD.ZS,Divida do governo central / PIB (%),MEX,Mexico,2021,44.860955801458
GC.DOD.TOTL.GD.ZS,Divida do governo central / PIB (%),MEX,Mexico,2020,45.8373464207273
GC.DOD.TOTL.GD.ZS,Divida do governo central / PIB (%),MEX,Mexico,2019,41.3273940594335
GC.DOD.TOTL.GD.ZS,Divida do governo central / PIB (%),MEX,Mexico,2000,18.1918633340197
GC.DOD.TOTL.GD.ZS,Divida do governo central / PIB (%),MEX,Mexico,1999,19.4785244628191
GC.DOD.TOTL.GD.ZS,Divida do governo central / PIB (%),MEX,Mexico,1998,21.0082173789952
GC.DOD.TOTL.GD.ZS,Divida do governo central / PIB (%),MEX,Mexico,1997,19.7405052707619
GC.DOD.TOTL.GD.ZS,Divida do governo central / PIB (%),MEX,Mexico,1996,23.9323468344639
GC.DOD.TOTL.GD.ZS,Divida do governo central / PIB (%),MEX,Mexico,1995,30.7434988919319
GC.DOD.TOTL.GD.ZS,Divida do governo central / PIB (%),PER,Peru,2021,35.237190374692
GC.DOD.TOTL.GD.ZS,Divida do governo central / PIB (%),PER,Peru,2020,34.7649150438361
GC.DOD.TOTL.GD.ZS,Divida do governo central / PIB (%),PER,Peru,2019,26.5266050304096
GC.DOD.TOTL.GD.ZS,Divida do governo central / PIB (%),PER,Peru,2018,25.7290009576063
GC.DOD.TOTL.GD.ZS,Divida do governo central / PIB (%),PER,Peru,2017,24.7483395120072
GC.DOD.TOTL.GD.ZS,Divida do governo central / PIB (%),PER,Peru,2016,23.7062564342415
GC.DOD.TOTL.GD.ZS,Divida do governo central / PIB (%),PER,Peru,2015,22.865554469277
GC.DOD.TOTL.GD.ZS,Divida do governo central / PIB (%),PER,Peru,2014,19.56538960172
GC.DOD.TOTL.GD.ZS,Divida do governo central / PIB (%),PER,Peru,2013,18.3944203835345
GC.DOD.TOTL.GD.ZS,Divida do governo central / PIB (%),PER,Peru,2012,19.2166594587652
GC.DOD.TOTL.GD.ZS,Divida do governo central / PIB (%),PER,Peru,2011,20.7202165724133
GC.DOD.TOTL.GD.ZS,Divida do governo central / PIB (%),PER,Peru,2010,23.6817913396941
GC.DOD.TOTL.GD.ZS,Divida do governo central / PIB (%),PER,Peru,2009,26.4008658753596
GC.DOD.TOTL.GD.ZS,Divida do governo central / PIB (%),PER,Peru,2008,26.076322347553
GC.DOD.TOTL.GD.ZS,Divida do governo central / PIB (%),PER,Peru,2007,28.5288183926826
GC.DOD.TOTL.GD.ZS,Divida do governo central / PIB (%),PER,Peru,2006,32.5394575436311
GC.DOD.TOTL.GD.ZS,Divida do governo central / PIB (%),TUR,Turquia,2024,26.6192344930079
GC.DOD.TOTL.GD.ZS,Divida do governo central / PIB (%),TUR,Turquia,2023,33.2548360254558
GC.DOD.TOTL.GD.ZS,Divida do governo central / PIB (%),TUR,Turquia,2022,35.3300843740665
GC.DOD.TOTL.GD.ZS,Divida do governo central / PIB (%),TUR,Turquia,2021,41.6375124693568
GC.DOD.TOTL.GD.ZS,Divida do governo central / PIB (%),TUR,Turquia,2020,41.0396523893444
GC.DOD.TOTL.GD.ZS,Divida do governo central / PIB (%),TUR,Turquia,2019,33.4600744570718
GC.DOD.TOTL.GD.ZS,Divida do governo central / PIB (%),TUR,Turquia,2018,29.3999927208091
GC.DOD.TOTL.GD.ZS,Divida do governo central / PIB (%),TUR,Turquia,2017,29.5734179673603
GC.DOD.TOTL.GD.ZS,Divida do governo central / PIB (%),TUR,Turquia,2016,30.075201418508
GC.DOD.TOTL.GD.ZS,Divida do governo central / PIB (%),TUR,Turquia,2015,29.145145266046
GC.DOD.TOTL.GD.ZS,Divida do governo central / PIB (%),TUR,Turquia,2014,31.1206735016751
GC.DOD.TOTL.GD.ZS,Divida do governo central / PIB (%),TUR,Turquia,2013,31.7836465280795
GC.DOD.TOTL.GD.ZS,Divida do governo central / PIB (%),TUR,Turquia,2012,37.6997174684634
GC.DOD.TOTL.GD.ZS,Divida do governo central / PIB (%),TUR,Turquia,2011,39.9693425323809
GC.DOD.TOTL.GD.ZS,Divida do governo central / PIB (%),TUR,Turquia,2010,45.1797411840038
GC.DOD.TOTL.GD.ZS,Divida do governo central / PIB (%),TUR,Turquia,2009,48.4871401208098
GC.DOD.TOTL.GD.ZS,Divida do governo central / PIB (%),TUR,Turquia,2008,41.0318813015611
GC.DOD.TOTL.GD.ZS,Divida do governo central / PIB (%),TUR,Turquia,1998,30.2863787420054
GC.DOD.TOTL.GD.ZS,Divida do governo central / PIB (%),TUR,Turquia,1997,31.8793752282311
GC.DOD.TOTL.GD.ZS,Divida do governo central / PIB (%),TUR,Turquia,1996,27.4847222842895
GC.DOD.TOTL.GD.ZS,Divida do governo central / PIB (%),TUR,Turquia,1995,25.8570964356936
GC.DOD.TOTL.GD.ZS,Divida do governo central / PIB (%),ZAF,Africa do Sul,2024,82.7627080034486
GC.DOD.TOTL.GD.ZS,Divida do governo central / PIB (%),ZAF,Africa do Sul,2023,79.4140619824567
GC.DOD.TOTL.GD.ZS,Divida do governo central / PIB (%),ZAF,Africa do Sul,2022,76.2333180266081
GC.DOD.TOTL.GD.ZS,Divida do governo central / PIB (%),ZAF,Africa do Sul,2021,74.0826080051444
GC.DOD.TOTL.GD.ZS,Divida do governo central / PIB (%),ZAF,Africa do Sul,2020,75.7255090793216
GC.DOD.TOTL.GD.ZS,Divida do governo central / PIB (%),ZAF,Africa do Sul,2019,64.5892781351104
GC.DOD.TOTL.GD.ZS,Divida do governo central / PIB (%),ZAF,Africa do Sul,2018,59.1023114070608
GC.DOD.TOTL.GD.ZS,Divida do governo central / PIB (%),ZAF,Africa do Sul,2017,56.2597208390879
GC.DOD.TOTL.GD.ZS,Divida do governo central / PIB (%),ZAF,Africa do Sul,2016,53.7387913884354
GC.DOD.TOTL.GD.ZS,Divida do governo central / PIB (%),ZAF,Africa do Sul,2015,52.6511572360833
GC.DOD.TOTL.GD.ZS,Divida do governo central / PIB (%),ZAF,Africa do Sul,2000,39.6390583837328
GC.DOD.TOTL.GD.ZS,Divida do governo central / PIB (%),ZAF,Africa do Sul,1999,42.1780316027359
GC.DOD.TOTL.GD.ZS,Divida do governo central / PIB (%),ZAF,Africa do Sul,1998,44.6542617733798
GC.DOD.TOTL.GD.ZS,Divida do governo central / PIB (%),ZAF,Africa do Sul,1997,43.1755459966557
GC.DOD.TOTL.GD.ZS,Divida do governo central / PIB (%),ZAF,Africa do Sul,1996,44.2298759185659
GC.DOD.TOTL.GD.ZS,Divida do governo central / PIB (%),ZAF,Africa do Sul,1995,44.8686189886337
FP.CPI.TOTL.ZG,Inflacao ao consumidor (%),ARG,Argentina,2024,219.883929014578
FP.CPI.TOTL.ZG,Inflacao ao consumidor (%),ARG,Argentina,2023,133.488935594175
FP.CPI.TOTL.ZG,Inflacao ao consumidor (%),ARG,Argentina,2022,72.430757531824
FP.CPI.TOTL.ZG,Inflacao ao consumidor (%),ARG,Argentina,2021,48.4093786255199
FP.CPI.TOTL.ZG,Inflacao ao consumidor (%),ARG,Argentina,2020,42.0150947376509
FP.CPI.TOTL.ZG,Inflacao ao consumidor (%),ARG,Argentina,2019,53.5483043492339
FP.CPI.TOTL.ZG,Inflacao ao consumidor (%),ARG,Argentina,2018,34.2772237131003
FP.CPI.TOTL.ZG,Inflacao ao consumidor (%),BRA,Brasil,2025,5.01675279604836
FP.CPI.TOTL.ZG,Inflacao ao consumidor (%),BRA,Brasil,2024,4.36746407652337
FP.CPI.TOTL.ZG,Inflacao ao consumidor (%),BRA,Brasil,2023,4.59356282283204
FP.CPI.TOTL.ZG,Inflacao ao consumidor (%),BRA,Brasil,2022,9.28010608956873
FP.CPI.TOTL.ZG,Inflacao ao consumidor (%),BRA,Brasil,2021,8.30165975585673
FP.CPI.TOTL.ZG,Inflacao ao consumidor (%),BRA,Brasil,2020,3.21176803803376
FP.CPI.TOTL.ZG,Inflacao ao consumidor (%),BRA,Brasil,2019,3.73297621216894
FP.CPI.TOTL.ZG,Inflacao ao consumidor (%),BRA,Brasil,2018,3.66485028376729
FP.CPI.TOTL.ZG,Inflacao ao consumidor (%),BRA,Brasil,2017,3.44637335032669
FP.CPI.TOTL.ZG,Inflacao ao consumidor (%),BRA,Brasil,2016,8.73914352329393
FP.CPI.TOTL.ZG,Inflacao ao consumidor (%),BRA,Brasil,2015,9.02990102416136
FP.CPI.TOTL.ZG,Inflacao ao consumidor (%),BRA,Brasil,2014,6.32904015516139
FP.CPI.TOTL.ZG,Inflacao ao consumidor (%),BRA,Brasil,2013,6.20431066640101
FP.CPI.TOTL.ZG,Inflacao ao consumidor (%),BRA,Brasil,2012,5.40349914036997
FP.CPI.TOTL.ZG,Inflacao ao consumidor (%),BRA,Brasil,2011,6.6364496221309
FP.CPI.TOTL.ZG,Inflacao ao consumidor (%),BRA,Brasil,2010,5.03872690108075
FP.CPI.TOTL.ZG,Inflacao ao consumidor (%),BRA,Brasil,2009,4.88803479876799
FP.CPI.TOTL.ZG,Inflacao ao consumidor (%),BRA,Brasil,2008,5.67859390284168
FP.CPI.TOTL.ZG,Inflacao ao consumidor (%),BRA,Brasil,2007,3.64127299102652
FP.CPI.TOTL.ZG,Inflacao ao consumidor (%),BRA,Brasil,2006,4.18356812896909
FP.CPI.TOTL.ZG,Inflacao ao consumidor (%),BRA,Brasil,2005,6.86953720898964
FP.CPI.TOTL.ZG,Inflacao ao consumidor (%),BRA,Brasil,2004,6.59718509985963
FP.CPI.TOTL.ZG,Inflacao ao consumidor (%),BRA,Brasil,2003,14.7149197228147
FP.CPI.TOTL.ZG,Inflacao ao consumidor (%),BRA,Brasil,2002,8.45016437708331
FP.CPI.TOTL.ZG,Inflacao ao consumidor (%),BRA,Brasil,2001,6.84035902487523
FP.CPI.TOTL.ZG,Inflacao ao consumidor (%),BRA,Brasil,2000,7.04414105947266
FP.CPI.TOTL.ZG,Inflacao ao consumidor (%),BRA,Brasil,1999,4.85844749902667
FP.CPI.TOTL.ZG,Inflacao ao consumidor (%),BRA,Brasil,1998,3.19507629280052
FP.CPI.TOTL.ZG,Inflacao ao consumidor (%),BRA,Brasil,1997,6.92671251629154
FP.CPI.TOTL.ZG,Inflacao ao consumidor (%),BRA,Brasil,1996,15.7576656002606
FP.CPI.TOTL.ZG,Inflacao ao consumidor (%),BRA,Brasil,1995,66.0070335542481
FP.CPI.TOTL.ZG,Inflacao ao consumidor (%),CHL,Chile,2025,4.21293601694293
FP.CPI.TOTL.ZG,Inflacao ao consumidor (%),CHL,Chile,2024,4.29763891572524
FP.CPI.TOTL.ZG,Inflacao ao consumidor (%),CHL,Chile,2023,7.58168251407962
FP.CPI.TOTL.ZG,Inflacao ao consumidor (%),CHL,Chile,2022,11.643866711056
FP.CPI.TOTL.ZG,Inflacao ao consumidor (%),CHL,Chile,2021,4.52456838259144
FP.CPI.TOTL.ZG,Inflacao ao consumidor (%),CHL,Chile,2020,3.04549084804326
FP.CPI.TOTL.ZG,Inflacao ao consumidor (%),CHL,Chile,2019,2.55754475703327
FP.CPI.TOTL.ZG,Inflacao ao consumidor (%),CHL,Chile,2018,2.43488981353057
FP.CPI.TOTL.ZG,Inflacao ao consumidor (%),CHL,Chile,2017,2.18271846868519
FP.CPI.TOTL.ZG,Inflacao ao consumidor (%),CHL,Chile,2016,3.78619355893118
FP.CPI.TOTL.ZG,Inflacao ao consumidor (%),CHL,Chile,2015,4.34877353217044
FP.CPI.TOTL.ZG,Inflacao ao consumidor (%),CHL,Chile,2014,4.71867527854672
FP.CPI.TOTL.ZG,Inflacao ao consumidor (%),CHL,Chile,2013,1.7895555398459
FP.CPI.TOTL.ZG,Inflacao ao consumidor (%),CHL,Chile,2012,3.00744840213047
FP.CPI.TOTL.ZG,Inflacao ao consumidor (%),CHL,Chile,2011,3.34121694259302
FP.CPI.TOTL.ZG,Inflacao ao consumidor (%),CHL,Chile,2010,1.41071107954321
FP.CPI.TOTL.ZG,Inflacao ao consumidor (%),CHL,Chile,2009,0.353045178360937
FP.CPI.TOTL.ZG,Inflacao ao consumidor (%),CHL,Chile,2008,8.71626873039607
FP.CPI.TOTL.ZG,Inflacao ao consumidor (%),CHL,Chile,2007,4.40779938398044
FP.CPI.TOTL.ZG,Inflacao ao consumidor (%),CHL,Chile,2006,3.39201733699405
FP.CPI.TOTL.ZG,Inflacao ao consumidor (%),CHL,Chile,2005,3.05257621387849
FP.CPI.TOTL.ZG,Inflacao ao consumidor (%),CHL,Chile,2004,1.05473871403517
FP.CPI.TOTL.ZG,Inflacao ao consumidor (%),CHL,Chile,2003,2.8101787574361
FP.CPI.TOTL.ZG,Inflacao ao consumidor (%),CHL,Chile,2002,2.48939816650705
FP.CPI.TOTL.ZG,Inflacao ao consumidor (%),CHL,Chile,2001,3.56910053001467
FP.CPI.TOTL.ZG,Inflacao ao consumidor (%),CHL,Chile,2000,3.84327295706565
FP.CPI.TOTL.ZG,Inflacao ao consumidor (%),CHL,Chile,1999,3.33687917526023
FP.CPI.TOTL.ZG,Inflacao ao consumidor (%),CHL,Chile,1998,5.11024954517559
FP.CPI.TOTL.ZG,Inflacao ao consumidor (%),CHL,Chile,1997,6.13386464357927
FP.CPI.TOTL.ZG,Inflacao ao consumidor (%),CHL,Chile,1996,7.35911781788767
FP.CPI.TOTL.ZG,Inflacao ao consumidor (%),CHL,Chile,1995,8.23263034116114
FP.CPI.TOTL.ZG,Inflacao ao consumidor (%),CHN,China,2025,0.0595646916565403
FP.CPI.TOTL.ZG,Inflacao ao consumidor (%),CHN,China,2024,0.218128938439177
FP.CPI.TOTL.ZG,Inflacao ao consumidor (%),CHN,China,2023,0.234836828893051
FP.CPI.TOTL.ZG,Inflacao ao consumidor (%),CHN,China,2022,1.97357555739051
FP.CPI.TOTL.ZG,Inflacao ao consumidor (%),CHN,China,2021,0.981015135544882
FP.CPI.TOTL.ZG,Inflacao ao consumidor (%),CHN,China,2020,2.41942189457782
FP.CPI.TOTL.ZG,Inflacao ao consumidor (%),CHN,China,2019,2.89923416358227
FP.CPI.TOTL.ZG,Inflacao ao consumidor (%),CHN,China,2018,2.07479039965576
FP.CPI.TOTL.ZG,Inflacao ao consumidor (%),CHN,China,2017,1.59313600071436
FP.CPI.TOTL.ZG,Inflacao ao consumidor (%),CHN,China,2016,2.00000182191943
FP.CPI.TOTL.ZG,Inflacao ao consumidor (%),CHN,China,2015,1.43702380935655
FP.CPI.TOTL.ZG,Inflacao ao consumidor (%),CHN,China,2014,1.92164162788521
FP.CPI.TOTL.ZG,Inflacao ao consumidor (%),CHN,China,2013,2.62105001748115
FP.CPI.TOTL.ZG,Inflacao ao consumidor (%),CHN,China,2012,2.61952432645541
FP.CPI.TOTL.ZG,Inflacao ao consumidor (%),CHN,China,2011,5.55389892257493
FP.CPI.TOTL.ZG,Inflacao ao consumidor (%),CHN,China,2010,3.17532475269199
FP.CPI.TOTL.ZG,Inflacao ao consumidor (%),CHN,China,2009,-0.728165250932898
FP.CPI.TOTL.ZG,Inflacao ao consumidor (%),CHN,China,2008,5.92525137041092
FP.CPI.TOTL.ZG,Inflacao ao consumidor (%),CHN,China,2007,4.81676767378834
FP.CPI.TOTL.ZG,Inflacao ao consumidor (%),CHN,China,2006,1.6494309945586
FP.CPI.TOTL.ZG,Inflacao ao consumidor (%),CHN,China,2005,1.77641407667571
FP.CPI.TOTL.ZG,Inflacao ao consumidor (%),CHN,China,2004,3.82463743108159
FP.CPI.TOTL.ZG,Inflacao ao consumidor (%),CHN,China,2003,1.12760348729637
FP.CPI.TOTL.ZG,Inflacao ao consumidor (%),CHN,China,2002,-0.731970902350244
FP.CPI.TOTL.ZG,Inflacao ao consumidor (%),CHN,China,2001,0.719125609120114
FP.CPI.TOTL.ZG,Inflacao ao consumidor (%),CHN,China,2000,0.347811226864587
FP.CPI.TOTL.ZG,Inflacao ao consumidor (%),CHN,China,1999,-1.40147268276465
FP.CPI.TOTL.ZG,Inflacao ao consumidor (%),CHN,China,1998,-0.773186011549318
FP.CPI.TOTL.ZG,Inflacao ao consumidor (%),CHN,China,1997,2.78646505531882
FP.CPI.TOTL.ZG,Inflacao ao consumidor (%),CHN,China,1996,8.3131587270211
FP.CPI.TOTL.ZG,Inflacao ao consumidor (%),CHN,China,1995,16.7912268492666
FP.CPI.TOTL.ZG,Inflacao ao consumidor (%),COL,Colombia,2025,5.14222911946201
FP.CPI.TOTL.ZG,Inflacao ao consumidor (%),COL,Colombia,2024,6.60908593728228
FP.CPI.TOTL.ZG,Inflacao ao consumidor (%),COL,Colombia,2023,11.7359044948689
FP.CPI.TOTL.ZG,Inflacao ao consumidor (%),COL,Colombia,2022,10.1772313546166
FP.CPI.TOTL.ZG,Inflacao ao consumidor (%),COL,Colombia,2021,3.49505757399448
FP.CPI.TOTL.ZG,Inflacao ao consumidor (%),COL,Colombia,2020,2.52663500084706
FP.CPI.TOTL.ZG,Inflacao ao consumidor (%),COL,Colombia,2019,3.52301932741447
FP.CPI.TOTL.ZG,Inflacao ao consumidor (%),COL,Colombia,2018,3.24056932930569
FP.CPI.TOTL.ZG,Inflacao ao consumidor (%),COL,Colombia,2017,4.31431325695011
FP.CPI.TOTL.ZG,Inflacao ao consumidor (%),COL,Colombia,2016,7.51346024627675
FP.CPI.TOTL.ZG,Inflacao ao consumidor (%),COL,Colombia,2015,4.9898311584953
FP.CPI.TOTL.ZG,Inflacao ao consumidor (%),COL,Colombia,2014,2.89883787761738
FP.CPI.TOTL.ZG,Inflacao ao consumidor (%),COL,Colombia,2013,2.01699224310383
FP.CPI.TOTL.ZG,Inflacao ao consumidor (%),COL,Colombia,2012,3.16930188840055
FP.CPI.TOTL.ZG,Inflacao ao consumidor (%),COL,Colombia,2011,3.4150334477625
FP.CPI.TOTL.ZG,Inflacao ao consumidor (%),COL,Colombia,2010,2.27200227892008
FP.CPI.TOTL.ZG,Inflacao ao consumidor (%),COL,Colombia,2009,4.20251661216482
FP.CPI.TOTL.ZG,Inflacao ao consumidor (%),COL,Colombia,2008,6.99688495554511
FP.CPI.TOTL.ZG,Inflacao ao consumidor (%),COL,Colombia,2007,5.54438485815156
FP.CPI.TOTL.ZG,Inflacao ao consumidor (%),COL,Colombia,2006,4.29342363628927
FP.CPI.TOTL.ZG,Inflacao ao consumidor (%),COL,Colombia,2005,5.05101962689696
FP.CPI.TOTL.ZG,Inflacao ao consumidor (%),COL,Colombia,2004,5.90402005546502
FP.CPI.TOTL.ZG,Inflacao ao consumidor (%),COL,Colombia,2003,7.1297886294186
FP.CPI.TOTL.ZG,Inflacao ao consumidor (%),COL,Colombia,2002,6.35150728778872
FP.CPI.TOTL.ZG,Inflacao ao consumidor (%),COL,Colombia,2001,7.96556090304834
FP.CPI.TOTL.ZG,Inflacao ao consumidor (%),COL,Colombia,2000,9.22534818585366
FP.CPI.TOTL.ZG,Inflacao ao consumidor (%),COL,Colombia,1999,10.8736870857471
FP.CPI.TOTL.ZG,Inflacao ao consumidor (%),COL,Colombia,1998,18.6769799276672
FP.CPI.TOTL.ZG,Inflacao ao consumidor (%),COL,Colombia,1997,18.4700217119089
FP.CPI.TOTL.ZG,Inflacao ao consumidor (%),COL,Colombia,1996,20.7975755127402
FP.CPI.TOTL.ZG,Inflacao ao consumidor (%),COL,Colombia,1995,20.8917930194849
FP.CPI.TOTL.ZG,Inflacao ao consumidor (%),ECU,Equador,2025,0.710469324989076
FP.CPI.TOTL.ZG,Inflacao ao consumidor (%),ECU,Equador,2024,1.54732515615369
FP.CPI.TOTL.ZG,Inflacao ao consumidor (%),ECU,Equador,2023,2.21568764237058
FP.CPI.TOTL.ZG,Inflacao ao consumidor (%),ECU,Equador,2022,3.46616972213077
FP.CPI.TOTL.ZG,Inflacao ao consumidor (%),ECU,Equador,2021,0.133251386096389
FP.CPI.TOTL.ZG,Inflacao ao consumidor (%),ECU,Equador,2020,-0.338872392562139
FP.CPI.TOTL.ZG,Inflacao ao consumidor (%),ECU,Equador,2019,0.266012515466155
FP.CPI.TOTL.ZG,Inflacao ao consumidor (%),ECU,Equador,2018,-0.224103246005552
FP.CPI.TOTL.ZG,Inflacao ao consumidor (%),ECU,Equador,2017,0.417335588666825
FP.CPI.TOTL.ZG,Inflacao ao consumidor (%),ECU,Equador,2016,1.72826463324533
FP.CPI.TOTL.ZG,Inflacao ao consumidor (%),ECU,Equador,2015,3.96664623255358
FP.CPI.TOTL.ZG,Inflacao ao consumidor (%),ECU,Equador,2014,3.58922016616663
FP.CPI.TOTL.ZG,Inflacao ao consumidor (%),ECU,Equador,2013,2.72177577710371
FP.CPI.TOTL.ZG,Inflacao ao consumidor (%),ECU,Equador,2012,5.10172180958666
FP.CPI.TOTL.ZG,Inflacao ao consumidor (%),ECU,Equador,2011,4.4745326579584
FP.CPI.TOTL.ZG,Inflacao ao consumidor (%),ECU,Equador,2010,3.55437734567843
FP.CPI.TOTL.ZG,Inflacao ao consumidor (%),ECU,Equador,2009,5.15996829181047
FP.CPI.TOTL.ZG,Inflacao ao consumidor (%),ECU,Equador,2008,8.40009593987462
FP.CPI.TOTL.ZG,Inflacao ao consumidor (%),ECU,Equador,2007,2.27618478002121
FP.CPI.TOTL.ZG,Inflacao ao consumidor (%),ECU,Equador,2006,3.29874846258215
FP.CPI.TOTL.ZG,Inflacao ao consumidor (%),ECU,Equador,2005,2.1682770118372
FP.CPI.TOTL.ZG,Inflacao ao consumidor (%),ECU,Equador,2004,2.74323198926704
FP.CPI.TOTL.ZG,Inflacao ao consumidor (%),ECU,Equador,2003,7.92936487461556
FP.CPI.TOTL.ZG,Inflacao ao consumidor (%),ECU,Equador,2002,12.4835980082095
FP.CPI.TOTL.ZG,Inflacao ao consumidor (%),ECU,Equador,2001,37.6767454518094
FP.CPI.TOTL.ZG,Inflacao ao consumidor (%),ECU,Equador,2000,96.0963756926096
FP.CPI.TOTL.ZG,Inflacao ao consumidor (%),ECU,Equador,1999,52.2420051858225
FP.CPI.TOTL.ZG,Inflacao ao consumidor (%),ECU,Equador,1998,36.0984331623886
FP.CPI.TOTL.ZG,Inflacao ao consumidor (%),ECU,Equador,1997,30.6575675722173
FP.CPI.TOTL.ZG,Inflacao ao consumidor (%),ECU,Equador,1996,24.4114592150674
FP.CPI.TOTL.ZG,Inflacao ao consumidor (%),ECU,Equador,1995,22.9341344145802
FP.CPI.TOTL.ZG,Inflacao ao consumidor (%),IDN,Indonesia,2025,1.9133344329508
FP.CPI.TOTL.ZG,Inflacao ao consumidor (%),IDN,Indonesia,2024,2.18151273615189
FP.CPI.TOTL.ZG,Inflacao ao consumidor (%),IDN,Indonesia,2023,3.66938654859761
FP.CPI.TOTL.ZG,Inflacao ao consumidor (%),IDN,Indonesia,2022,4.20946463714784
FP.CPI.TOTL.ZG,Inflacao ao consumidor (%),IDN,Indonesia,2021,1.56007882983334
FP.CPI.TOTL.ZG,Inflacao ao consumidor (%),IDN,Indonesia,2020,1.91983527270793
FP.CPI.TOTL.ZG,Inflacao ao consumidor (%),IDN,Indonesia,2019,3.03058460941661
FP.CPI.TOTL.ZG,Inflacao ao consumidor (%),IDN,Indonesia,2018,3.19834755924996
FP.CPI.TOTL.ZG,Inflacao ao consumidor (%),IDN,Indonesia,2017,3.80879857691949
FP.CPI.TOTL.ZG,Inflacao ao consumidor (%),IDN,Indonesia,2016,3.52580452815451
FP.CPI.TOTL.ZG,Inflacao ao consumidor (%),IDN,Indonesia,2015,6.36312061196646
FP.CPI.TOTL.ZG,Inflacao ao consumidor (%),IDN,Indonesia,2014,6.39492882396559
FP.CPI.TOTL.ZG,Inflacao ao consumidor (%),IDN,Indonesia,2013,6.41249457900391
FP.CPI.TOTL.ZG,Inflacao ao consumidor (%),IDN,Indonesia,2012,4.2795142691943
FP.CPI.TOTL.ZG,Inflacao ao consumidor (%),IDN,Indonesia,2011,5.35604849112582
FP.CPI.TOTL.ZG,Inflacao ao consumidor (%),IDN,Indonesia,2010,5.13420639015885
FP.CPI.TOTL.ZG,Inflacao ao consumidor (%),IDN,Indonesia,2009,4.38641311792074
FP.CPI.TOTL.ZG,Inflacao ao consumidor (%),IDN,Indonesia,2008,10.2266663272483
FP.CPI.TOTL.ZG,Inflacao ao consumidor (%),IDN,Indonesia,2007,6.40656087966005
FP.CPI.TOTL.ZG,Inflacao ao consumidor (%),IDN,Indonesia,2006,13.108670985346
FP.CPI.TOTL.ZG,Inflacao ao consumidor (%),IDN,Indonesia,2005,10.4532001873347
FP.CPI.TOTL.ZG,Inflacao ao consumidor (%),IDN,Indonesia,2004,6.06406189133648
FP.CPI.TOTL.ZG,Inflacao ao consumidor (%),IDN,Indonesia,2003,6.75731256333564
FP.CPI.TOTL.ZG,Inflacao ao consumidor (%),IDN,Indonesia,2002,11.9001200338414
FP.CPI.TOTL.ZG,Inflacao ao consumidor (%),IDN,Indonesia,2001,11.5001160550887
FP.CPI.TOTL.ZG,Inflacao ao consumidor (%),IDN,Indonesia,2000,3.68862037056682
FP.CPI.TOTL.ZG,Inflacao ao consumidor (%),IDN,Indonesia,1999,20.4778324428892
FP.CPI.TOTL.ZG,Inflacao ao consumidor (%),IDN,Indonesia,1998,58.4510413515526
FP.CPI.TOTL.ZG,Inflacao ao consumidor (%),IDN,Indonesia,1997,6.22615154887214
FP.CPI.TOTL.ZG,Inflacao ao consumidor (%),IDN,Indonesia,1996,7.97328096513346
FP.CPI.TOTL.ZG,Inflacao ao consumidor (%),IDN,Indonesia,1995,9.42030300572996
FP.CPI.TOTL.ZG,Inflacao ao consumidor (%),IND,India,2025,2.39884954182294
FP.CPI.TOTL.ZG,Inflacao ao consumidor (%),IND,India,2024,4.95303550973661
FP.CPI.TOTL.ZG,Inflacao ao consumidor (%),IND,India,2023,5.64914318907925
FP.CPI.TOTL.ZG,Inflacao ao consumidor (%),IND,India,2022,6.69903414079858
FP.CPI.TOTL.ZG,Inflacao ao consumidor (%),IND,India,2021,5.13140747176364
FP.CPI.TOTL.ZG,Inflacao ao consumidor (%),IND,India,2020,6.6234367762853
FP.CPI.TOTL.ZG,Inflacao ao consumidor (%),IND,India,2019,3.72950573539123
FP.CPI.TOTL.ZG,Inflacao ao consumidor (%),IND,India,2018,3.93882646691643
FP.CPI.TOTL.ZG,Inflacao ao consumidor (%),IND,India,2017,3.32817337461305
FP.CPI.TOTL.ZG,Inflacao ao consumidor (%),IND,India,2016,4.94821634062134
FP.CPI.TOTL.ZG,Inflacao ao consumidor (%),IND,India,2015,4.90697344127249
FP.CPI.TOTL.ZG,Inflacao ao consumidor (%),IND,India,2014,6.66565671867899
FP.CPI.TOTL.ZG,Inflacao ao consumidor (%),IND,India,2013,10.0178784746104
FP.CPI.TOTL.ZG,Inflacao ao consumidor (%),IND,India,2012,9.47899691419793
FP.CPI.TOTL.ZG,Inflacao ao consumidor (%),IND,India,2011,8.9117933648336
FP.CPI.TOTL.ZG,Inflacao ao consumidor (%),IND,India,2010,11.9893899204245
FP.CPI.TOTL.ZG,Inflacao ao consumidor (%),IND,India,2009,10.8823529411764
FP.CPI.TOTL.ZG,Inflacao ao consumidor (%),IND,India,2008,8.34926704907575
FP.CPI.TOTL.ZG,Inflacao ao consumidor (%),IND,India,2007,6.37288135593231
FP.CPI.TOTL.ZG,Inflacao ao consumidor (%),IND,India,2006,5.79652337561634
FP.CPI.TOTL.ZG,Inflacao ao consumidor (%),IND,India,2005,4.24634362031924
FP.CPI.TOTL.ZG,Inflacao ao consumidor (%),IND,India,2004,3.76725173477517
FP.CPI.TOTL.ZG,Inflacao ao consumidor (%),IND,India,2003,3.80585899528853
FP.CPI.TOTL.ZG,Inflacao ao consumidor (%),IND,India,2002,4.29715203929562
FP.CPI.TOTL.ZG,Inflacao ao consumidor (%),IND,India,2001,3.77929312235637
FP.CPI.TOTL.ZG,Inflacao ao consumidor (%),IND,India,2000,4.0094359104519
FP.CPI.TOTL.ZG,Inflacao ao consumidor (%),IND,India,1999,4.6698203803759
FP.CPI.TOTL.ZG,Inflacao ao consumidor (%),IND,India,1998,13.2308389767977
FP.CPI.TOTL.ZG,Inflacao ao consumidor (%),IND,India,1997,7.16425211462721
FP.CPI.TOTL.ZG,Inflacao ao consumidor (%),IND,India,1996,8.97715233826453
FP.CPI.TOTL.ZG,Inflacao ao consumidor (%),IND,India,1995,10.2248861637545
FP.CPI.TOTL.ZG,Inflacao ao consumidor (%),MEX,Mexico,2025,3.80668650726485
FP.CPI.TOTL.ZG,Inflacao ao consumidor (%),MEX,Mexico,2024,4.72225588452932
FP.CPI.TOTL.ZG,Inflacao ao consumidor (%),MEX,Mexico,2023,5.52796087314389
FP.CPI.TOTL.ZG,Inflacao ao consumidor (%),MEX,Mexico,2022,7.8962761916855
FP.CPI.TOTL.ZG,Inflacao ao consumidor (%),MEX,Mexico,2021,5.68920847683753
FP.CPI.TOTL.ZG,Inflacao ao consumidor (%),MEX,Mexico,2020,3.39683415570006
FP.CPI.TOTL.ZG,Inflacao ao consumidor (%),MEX,Mexico,2019,3.63596142127046
FP.CPI.TOTL.ZG,Inflacao ao consumidor (%),MEX,Mexico,2018,4.89935015356551
FP.CPI.TOTL.ZG,Inflacao ao consumidor (%),MEX,Mexico,2017,6.04145724018986
FP.CPI.TOTL.ZG,Inflacao ao consumidor (%),MEX,Mexico,2016,2.8217078474766
FP.CPI.TOTL.ZG,Inflacao ao consumidor (%),MEX,Mexico,2015,2.72064064964023
FP.CPI.TOTL.ZG,Inflacao ao consumidor (%),MEX,Mexico,2014,4.01861608078679
FP.CPI.TOTL.ZG,Inflacao ao consumidor (%),MEX,Mexico,2013,3.80639069747204
FP.CPI.TOTL.ZG,Inflacao ao consumidor (%),MEX,Mexico,2012,4.11150981070289
FP.CPI.TOTL.ZG,Inflacao ao consumidor (%),MEX,Mexico,2011,3.40737824605742
FP.CPI.TOTL.ZG,Inflacao ao consumidor (%),MEX,Mexico,2010,4.15672722680174
FP.CPI.TOTL.ZG,Inflacao ao consumidor (%),MEX,Mexico,2009,5.29735584228856
FP.CPI.TOTL.ZG,Inflacao ao consumidor (%),MEX,Mexico,2008,5.12498274575896
FP.CPI.TOTL.ZG,Inflacao ao consumidor (%),MEX,Mexico,2007,3.96684905458235
FP.CPI.TOTL.ZG,Inflacao ao consumidor (%),MEX,Mexico,2006,3.62946762439132
FP.CPI.TOTL.ZG,Inflacao ao consumidor (%),MEX,Mexico,2005,3.98805714597437
FP.CPI.TOTL.ZG,Inflacao ao consumidor (%),MEX,Mexico,2004,4.68840884843143
FP.CPI.TOTL.ZG,Inflacao ao consumidor (%),MEX,Mexico,2003,4.54690012118718
FP.CPI.TOTL.ZG,Inflacao ao consumidor (%),MEX,Mexico,2002,5.03072733151295
FP.CPI.TOTL.ZG,Inflacao ao consumidor (%),MEX,Mexico,2001,6.36773806235037
FP.CPI.TOTL.ZG,Inflacao ao consumidor (%),MEX,Mexico,2000,9.49156149435403
FP.CPI.TOTL.ZG,Inflacao ao consumidor (%),MEX,Mexico,1999,16.5856169707538
FP.CPI.TOTL.ZG,Inflacao ao consumidor (%),MEX,Mexico,1998,15.9283950119353
FP.CPI.TOTL.ZG,Inflacao ao consumidor (%),MEX,Mexico,1997,20.6256287259247
FP.CPI.TOTL.ZG,Inflacao ao consumidor (%),MEX,Mexico,1996,34.3783832235168
FP.CPI.TOTL.ZG,Inflacao ao consumidor (%),MEX,Mexico,1995,34.9992712889592
FP.CPI.TOTL.ZG,Inflacao ao consumidor (%),PER,Peru,2025,1.53125450314273
FP.CPI.TOTL.ZG,Inflacao ao consumidor (%),PER,Peru,2024,2.00770739412712
FP.CPI.TOTL.ZG,Inflacao ao consumidor (%),PER,Peru,2023,6.45561348369586
FP.CPI.TOTL.ZG,Inflacao ao consumidor (%),PER,Peru,2022,8.33370630096231
FP.CPI.TOTL.ZG,Inflacao ao consumidor (%),PER,Peru,2021,4.27166381536798
FP.CPI.TOTL.ZG,Inflacao ao consumidor (%),PER,Peru,2020,2.00241205759292
FP.CPI.TOTL.ZG,Inflacao ao consumidor (%),PER,Peru,2019,2.25212191358027
FP.CPI.TOTL.ZG,Inflacao ao consumidor (%),PER,Peru,2018,1.50915423024742
FP.CPI.TOTL.ZG,Inflacao ao consumidor (%),PER,Peru,2017,2.99490045809443
FP.CPI.TOTL.ZG,Inflacao ao consumidor (%),PER,Peru,2016,3.55717663556279
FP.CPI.TOTL.ZG,Inflacao ao consumidor (%),PER,Peru,2015,3.39809194746308
FP.CPI.TOTL.ZG,Inflacao ao consumidor (%),PER,Peru,2014,3.41194579807465
FP.CPI.TOTL.ZG,Inflacao ao consumidor (%),PER,Peru,2013,2.76789666082002
FP.CPI.TOTL.ZG,Inflacao ao consumidor (%),PER,Peru,2012,3.61121294940163
FP.CPI.TOTL.ZG,Inflacao ao consumidor (%),PER,Peru,2011,3.36931095333853
FP.CPI.TOTL.ZG,Inflacao ao consumidor (%),PER,Peru,2010,1.52832059732901
FP.CPI.TOTL.ZG,Inflacao ao consumidor (%),PER,Peru,2009,2.936231535967
FP.CPI.TOTL.ZG,Inflacao ao consumidor (%),PER,Peru,2008,5.78587598206755
FP.CPI.TOTL.ZG,Inflacao ao consumidor (%),PER,Peru,2007,1.77998644680372
FP.CPI.TOTL.ZG,Inflacao ao consumidor (%),PER,Peru,2006,2.00225801248819
FP.CPI.TOTL.ZG,Inflacao ao consumidor (%),PER,Peru,2005,1.61630193862544
FP.CPI.TOTL.ZG,Inflacao ao consumidor (%),PER,Peru,2004,3.66247320092233
FP.CPI.TOTL.ZG,Inflacao ao consumidor (%),PER,Peru,2003,2.25937753363072
FP.CPI.TOTL.ZG,Inflacao ao consumidor (%),PER,Peru,2002,0.193135003853722
FP.CPI.TOTL.ZG,Inflacao ao consumidor (%),PER,Peru,2001,1.97709878502053
FP.CPI.TOTL.ZG,Inflacao ao consumidor (%),PER,Peru,2000,3.75733833344474
FP.CPI.TOTL.ZG,Inflacao ao consumidor (%),PER,Peru,1999,3.46965996293019
FP.CPI.TOTL.ZG,Inflacao ao consumidor (%),PER,Peru,1998,7.24782175213469
FP.CPI.TOTL.ZG,Inflacao ao consumidor (%),PER,Peru,1997,8.56218948953653
FP.CPI.TOTL.ZG,Inflacao ao consumidor (%),PER,Peru,1996,11.5379424115177
FP.CPI.TOTL.ZG,Inflacao ao consumidor (%),PER,Peru,1995,11.1287029707089
FP.CPI.TOTL.ZG,Inflacao ao consumidor (%),TUR,Turquia,2025,34.8811629820306
FP.CPI.TOTL.ZG,Inflacao ao consumidor (%),TUR,Turquia,2024,58.5064507300342
FP.CPI.TOTL.ZG,Inflacao ao consumidor (%),TUR,Turquia,2023,53.8594087593315
FP.CPI.TOTL.ZG,Inflacao ao consumidor (%),TUR,Turquia,2022,72.3088359891207
FP.CPI.TOTL.ZG,Inflacao ao consumidor (%),TUR,Turquia,2021,19.5964926913324
FP.CPI.TOTL.ZG,Inflacao ao consumidor (%),TUR,Turquia,2020,12.2789574462574
FP.CPI.TOTL.ZG,Inflacao ao consumidor (%),TUR,Turquia,2019,15.1768215720022
FP.CPI.TOTL.ZG,Inflacao ao consumidor (%),TUR,Turquia,2018,16.3324638988929
FP.CPI.TOTL.ZG,Inflacao ao consumidor (%),TUR,Turquia,2017,11.1443110840764
FP.CPI.TOTL.ZG,Inflacao ao consumidor (%),TUR,Turquia,2016,7.7751341532833
FP.CPI.TOTL.ZG,Inflacao ao consumidor (%),TUR,Turquia,2015,7.67085364845885
FP.CPI.TOTL.ZG,Inflacao ao consumidor (%),TUR,Turquia,2014,8.85457271364316
FP.CPI.TOTL.ZG,Inflacao ao consumidor (%),TUR,Turquia,2013,7.49309030547693
FP.CPI.TOTL.ZG,Inflacao ao consumidor (%),TUR,Turquia,2012,8.89156996512163
FP.CPI.TOTL.ZG,Inflacao ao consumidor (%),TUR,Turquia,2011,6.471879671151
FP.CPI.TOTL.ZG,Inflacao ao consumidor (%),TUR,Turquia,2010,8.56644420552976
FP.CPI.TOTL.ZG,Inflacao ao consumidor (%),TUR,Turquia,2009,6.25097663090626
FP.CPI.TOTL.ZG,Inflacao ao consumidor (%),TUR,Turquia,2008,10.4441283764885
FP.CPI.TOTL.ZG,Inflacao ao consumidor (%),TUR,Turquia,2007,8.75618090972632
FP.CPI.TOTL.ZG,Inflacao ao consumidor (%),TUR,Turquia,2006,9.59724212288446
FP.CPI.TOTL.ZG,Inflacao ao consumidor (%),TUR,Turquia,2005,8.17916036802008
FP.CPI.TOTL.ZG,Inflacao ao consumidor (%),TUR,Turquia,2004,8.59826168115262
FP.CPI.TOTL.ZG,Inflacao ao consumidor (%),TUR,Turquia,2003,21.6024384490573
FP.CPI.TOTL.ZG,Inflacao ao consumidor (%),TUR,Turquia,2002,44.964120947985
FP.CPI.TOTL.ZG,Inflacao ao consumidor (%),TUR,Turquia,2001,54.4001887619074
FP.CPI.TOTL.ZG,Inflacao ao consumidor (%),TUR,Turquia,2000,54.9153705812683
FP.CPI.TOTL.ZG,Inflacao ao consumidor (%),TUR,Turquia,1999,64.8674876350757
FP.CPI.TOTL.ZG,Inflacao ao consumidor (%),TUR,Turquia,1998,84.6413434846314
FP.CPI.TOTL.ZG,Inflacao ao consumidor (%),TUR,Turquia,1997,85.6693616499779
FP.CPI.TOTL.ZG,Inflacao ao consumidor (%),TUR,Turquia,1996,80.4121511388042
FP.CPI.TOTL.ZG,Inflacao ao consumidor (%),TUR,Turquia,1995,89.1133172248499
FP.CPI.TOTL.ZG,Inflacao ao consumidor (%),,Upper middle income,2025,3.20550474112603
FP.CPI.TOTL.ZG,Inflacao ao consumidor (%),,Upper middle income,2024,3.18188924237472
FP.CPI.TOTL.ZG,Inflacao ao consumidor (%),,Upper middle income,2023,5.0341072621757
FP.CPI.TOTL.ZG,Inflacao ao consumidor (%),,Upper middle income,2022,8.81109209279587
FP.CPI.TOTL.ZG,Inflacao ao consumidor (%),,Upper middle income,2021,3.92718022100332
FP.CPI.TOTL.ZG,Inflacao ao consumidor (%),,Upper middle income,2020,1.8903591682421
FP.CPI.TOTL.ZG,Inflacao ao consumidor (%),,Upper middle income,2019,1.93780995920407
FP.CPI.TOTL.ZG,Inflacao ao consumidor (%),,Upper middle income,2018,3.12170076631027
FP.CPI.TOTL.ZG,Inflacao ao consumidor (%),,Upper middle income,2017,3.31608762172158
FP.CPI.TOTL.ZG,Inflacao ao consumidor (%),,Upper middle income,2016,2.04528420858843
FP.CPI.TOTL.ZG,Inflacao ao consumidor (%),,Upper middle income,2015,1.78640243954172
FP.CPI.TOTL.ZG,Inflacao ao consumidor (%),,Upper middle income,2014,3.03372718252381
FP.CPI.TOTL.ZG,Inflacao ao consumidor (%),,Upper middle income,2013,2.70281658214477
FP.CPI.TOTL.ZG,Inflacao ao consumidor (%),,Upper middle income,2012,3.73815231282227
FP.CPI.TOTL.ZG,Inflacao ao consumidor (%),,Upper middle income,2011,5.55389892257493
FP.CPI.TOTL.ZG,Inflacao ao consumidor (%),,Upper middle income,2010,3.82467272315376
FP.CPI.TOTL.ZG,Inflacao ao consumidor (%),,Upper middle income,2009,3.03363356306333
FP.CPI.TOTL.ZG,Inflacao ao consumidor (%),,Upper middle income,2008,9.82113386576177
FP.CPI.TOTL.ZG,Inflacao ao consumidor (%),,Upper middle income,2007,5.28735184747553
FP.CPI.TOTL.ZG,Inflacao ao consumidor (%),,Upper middle income,2006,4.63742222298699
FP.CPI.TOTL.ZG,Inflacao ao consumidor (%),,Upper middle income,2005,4.61565895269152
FP.CPI.TOTL.ZG,Inflacao ao consumidor (%),,Upper middle income,2004,4.76979071866839
FP.CPI.TOTL.ZG,Inflacao ao consumidor (%),,Upper middle income,2003,4.22085086801267
FP.CPI.TOTL.ZG,Inflacao ao consumidor (%),,Upper middle income,2002,5.03072733151295
FP.CPI.TOTL.ZG,Inflacao ao consumidor (%),,Upper middle income,2001,5.34550195567142
FP.CPI.TOTL.ZG,Inflacao ao consumidor (%),,Upper middle income,2000,4.06396201382596
FP.CPI.TOTL.ZG,Inflacao ao consumidor (%),,Upper middle income,1999,4.57803015362164
FP.CPI.TOTL.ZG,Inflacao ao consumidor (%),,Upper middle income,1998,6.84566922417272
FP.CPI.TOTL.ZG,Inflacao ao consumidor (%),,Upper middle income,1997,7.01859185741422
FP.CPI.TOTL.ZG,Inflacao ao consumidor (%),,Upper middle income,1996,8.14321984607728
FP.CPI.TOTL.ZG,Inflacao ao consumidor (%),,Upper middle income,1995,10.512546081579
FP.CPI.TOTL.ZG,Inflacao ao consumidor (%),ZAF,Africa do Sul,2025,3.20550474112603
FP.CPI.TOTL.ZG,Inflacao ao consumidor (%),ZAF,Africa do Sul,2024,4.36115246518962
FP.CPI.TOTL.ZG,Inflacao ao consumidor (%),ZAF,Africa do Sul,2023,6.0752438457966
FP.CPI.TOTL.ZG,Inflacao ao consumidor (%),ZAF,Africa do Sul,2022,7.03987272546482
FP.CPI.TOTL.ZG,Inflacao ao consumidor (%),ZAF,Africa do Sul,2021,4.61874544887136
FP.CPI.TOTL.ZG,Inflacao ao consumidor (%),ZAF,Africa do Sul,2020,3.23238831615113
FP.CPI.TOTL.ZG,Inflacao ao consumidor (%),ZAF,Africa do Sul,2019,4.10285075461156
FP.CPI.TOTL.ZG,Inflacao ao consumidor (%),ZAF,Africa do Sul,2018,4.50987264867388
FP.CPI.TOTL.ZG,Inflacao ao consumidor (%),ZAF,Africa do Sul,2017,5.18618655524149
FP.CPI.TOTL.ZG,Inflacao ao consumidor (%),ZAF,Africa do Sul,2016,6.60290842394872
FP.CPI.TOTL.ZG,Inflacao ao consumidor (%),ZAF,Africa do Sul,2015,4.51869094892506
FP.CPI.TOTL.ZG,Inflacao ao consumidor (%),ZAF,Africa do Sul,2014,6.13282953059149
FP.CPI.TOTL.ZG,Inflacao ao consumidor (%),ZAF,Africa do Sul,2013,5.78016910069176
FP.CPI.TOTL.ZG,Inflacao ao consumidor (%),ZAF,Africa do Sul,2012,5.73797139141739
FP.CPI.TOTL.ZG,Inflacao ao consumidor (%),ZAF,Africa do Sul,2011,5.0008533879502
FP.CPI.TOTL.ZG,Inflacao ao consumidor (%),ZAF,Africa do Sul,2010,4.06749555950263
FP.CPI.TOTL.ZG,Inflacao ao consumidor (%),ZAF,Africa do Sul,2009,7.23809523809527
FP.CPI.TOTL.ZG,Inflacao ao consumidor (%),ZAF,Africa do Sul,2008,9.90998456005467
FP.CPI.TOTL.ZG,Inflacao ao consumidor (%),ZAF,Africa do Sul,2007,6.17781214809388
FP.CPI.TOTL.ZG,Inflacao ao consumidor (%),ZAF,Africa do Sul,2006,3.2439076541923
FP.CPI.TOTL.ZG,Inflacao ao consumidor (%),ZAF,Africa do Sul,2005,2.06285308223427
FP.CPI.TOTL.ZG,Inflacao ao consumidor (%),ZAF,Africa do Sul,2004,-0.692039437857687
FP.CPI.TOTL.ZG,Inflacao ao consumidor (%),ZAF,Africa do Sul,2003,5.67942414068799
FP.CPI.TOTL.ZG,Inflacao ao consumidor (%),ZAF,Africa do Sul,2002,9.494713780996
FP.CPI.TOTL.ZG,Inflacao ao consumidor (%),ZAF,Africa do Sul,2001,5.70189483049608
FP.CPI.TOTL.ZG,Inflacao ao consumidor (%),ZAF,Africa do Sul,2000,5.33895913599828
FP.CPI.TOTL.ZG,Inflacao ao consumidor (%),ZAF,Africa do Sul,1999,5.18148905111697
FP.CPI.TOTL.ZG,Inflacao ao consumidor (%),ZAF,Africa do Sul,1998,6.88054521037351
FP.CPI.TOTL.ZG,Inflacao ao consumidor (%),ZAF,Africa do Sul,1997,8.59777611252274
FP.CPI.TOTL.ZG,Inflacao ao consumidor (%),ZAF,Africa do Sul,1996,7.35411972085333
FP.CPI.TOTL.ZG,Inflacao ao consumidor (%),ZAF,Africa do Sul,1995,8.68042421392631
NE.TRD.GNFS.ZS,Comercio / PIB (%),ARG,Argentina,2025,30.364633685192
NE.TRD.GNFS.ZS,Comercio / PIB (%),ARG,Argentina,2024,27.929760849367
NE.TRD.GNFS.ZS,Comercio / PIB (%),ARG,Argentina,2023,26.6769512482215
NE.TRD.GNFS.ZS,Comercio / PIB (%),ARG,Argentina,2022,31.5801792606256
NE.TRD.GNFS.ZS,Comercio / PIB (%),ARG,Argentina,2021,33.078689567466
NE.TRD.GNFS.ZS,Comercio / PIB (%),ARG,Argentina,2020,30.203698807416
NE.TRD.GNFS.ZS,Comercio / PIB (%),ARG,Argentina,2019,32.6306150458499
NE.TRD.GNFS.ZS,Comercio / PIB (%),ARG,Argentina,2018,30.7625359549926
NE.TRD.GNFS.ZS,Comercio / PIB (%),ARG,Argentina,2017,25.2896011376779
NE.TRD.GNFS.ZS,Comercio / PIB (%),ARG,Argentina,2016,26.0938878488799
NE.TRD.GNFS.ZS,Comercio / PIB (%),ARG,Argentina,2015,22.4862260889792
NE.TRD.GNFS.ZS,Comercio / PIB (%),ARG,Argentina,2014,28.4067936452275
NE.TRD.GNFS.ZS,Comercio / PIB (%),ARG,Argentina,2013,29.3339290021037
NE.TRD.GNFS.ZS,Comercio / PIB (%),ARG,Argentina,2012,30.5265423717108
NE.TRD.GNFS.ZS,Comercio / PIB (%),ARG,Argentina,2011,35.2061549999644
NE.TRD.GNFS.ZS,Comercio / PIB (%),ARG,Argentina,2010,34.9710132635696
NE.TRD.GNFS.ZS,Comercio / PIB (%),ARG,Argentina,2009,34.0571269054879
NE.TRD.GNFS.ZS,Comercio / PIB (%),ARG,Argentina,2008,40.4026733790382
NE.TRD.GNFS.ZS,Comercio / PIB (%),ARG,Argentina,2007,40.945170618571
NE.TRD.GNFS.ZS,Comercio / PIB (%),ARG,Argentina,2006,40.4334798719151
NE.TRD.GNFS.ZS,Comercio / PIB (%),ARG,Argentina,2005,40.5512709706238
NE.TRD.GNFS.ZS,Comercio / PIB (%),ARG,Argentina,2004,40.692646108947
NE.TRD.GNFS.ZS,Comercio / PIB (%),ARG,Argentina,2003,40.6447480311085
NE.TRD.GNFS.ZS,Comercio / PIB (%),ARG,Argentina,2002,41.7527243585642
NE.TRD.GNFS.ZS,Comercio / PIB (%),ARG,Argentina,2001,21.8522554515453
NE.TRD.GNFS.ZS,Comercio / PIB (%),ARG,Argentina,2000,22.6224447777343
NE.TRD.GNFS.ZS,Comercio / PIB (%),ARG,Argentina,1999,21.3827449624898
NE.TRD.GNFS.ZS,Comercio / PIB (%),ARG,Argentina,1998,23.3500279730689
NE.TRD.GNFS.ZS,Comercio / PIB (%),ARG,Argentina,1997,23.3361788437439
NE.TRD.GNFS.ZS,Comercio / PIB (%),ARG,Argentina,1996,21.5064684057215
NE.TRD.GNFS.ZS,Comercio / PIB (%),ARG,Argentina,1995,19.7714230903755
NE.TRD.GNFS.ZS,Comercio / PIB (%),BRA,Brasil,2025,35.2914822615074
NE.TRD.GNFS.ZS,Comercio / PIB (%),BRA,Brasil,2024,35.5845239386244
NE.TRD.GNFS.ZS,Comercio / PIB (%),BRA,Brasil,2023,33.6662298301438
NE.TRD.GNFS.ZS,Comercio / PIB (%),BRA,Brasil,2022,38.8160659763397
NE.TRD.GNFS.ZS,Comercio / PIB (%),BRA,Brasil,2021,37.6563307598082
NE.TRD.GNFS.ZS,Comercio / PIB (%),BRA,Brasil,2020,32.3020785437939
NE.TRD.GNFS.ZS,Comercio / PIB (%),BRA,Brasil,2019,28.8902578698964
NE.TRD.GNFS.ZS,Comercio / PIB (%),BRA,Brasil,2018,28.8762033763866
NE.TRD.GNFS.ZS,Comercio / PIB (%),BRA,Brasil,2017,24.3197343743057
NE.TRD.GNFS.ZS,Comercio / PIB (%),BRA,Brasil,2016,24.5336820777006
NE.TRD.GNFS.ZS,Comercio / PIB (%),BRA,Brasil,2015,26.95362593736
NE.TRD.GNFS.ZS,Comercio / PIB (%),BRA,Brasil,2014,24.6854058131291
NE.TRD.GNFS.ZS,Comercio / PIB (%),BRA,Brasil,2013,25.7859573274674
NE.TRD.GNFS.ZS,Comercio / PIB (%),BRA,Brasil,2012,25.1142736107398
NE.TRD.GNFS.ZS,Comercio / PIB (%),BRA,Brasil,2011,23.9344051758721
NE.TRD.GNFS.ZS,Comercio / PIB (%),BRA,Brasil,2010,22.772178113177
NE.TRD.GNFS.ZS,Comercio / PIB (%),BRA,Brasil,2009,22.1059756060333
NE.TRD.GNFS.ZS,Comercio / PIB (%),BRA,Brasil,2008,27.257569417356
NE.TRD.GNFS.ZS,Comercio / PIB (%),BRA,Brasil,2007,25.2926113755394
NE.TRD.GNFS.ZS,Comercio / PIB (%),BRA,Brasil,2006,26.04169989179
NE.TRD.GNFS.ZS,Comercio / PIB (%),BRA,Brasil,2005,27.0867952043315
NE.TRD.GNFS.ZS,Comercio / PIB (%),BRA,Brasil,2004,29.6782524787535
NE.TRD.GNFS.ZS,Comercio / PIB (%),BRA,Brasil,2003,28.1403847231593
NE.TRD.GNFS.ZS,Comercio / PIB (%),BRA,Brasil,2002,27.6183574022309
NE.TRD.GNFS.ZS,Comercio / PIB (%),BRA,Brasil,2001,26.936285022064
NE.TRD.GNFS.ZS,Comercio / PIB (%),BRA,Brasil,2000,22.6397613567941
NE.TRD.GNFS.ZS,Comercio / PIB (%),BRA,Brasil,1999,20.9821664782285
NE.TRD.GNFS.ZS,Comercio / PIB (%),BRA,Brasil,1998,16.4385849312059
NE.TRD.GNFS.ZS,Comercio / PIB (%),BRA,Brasil,1997,16.5762092613247
NE.TRD.GNFS.ZS,Comercio / PIB (%),BRA,Brasil,1996,15.6355914758682
NE.TRD.GNFS.ZS,Comercio / PIB (%),BRA,Brasil,1995,16.9844599991956
NE.TRD.GNFS.ZS,Comercio / PIB (%),CHL,Chile,2025,64.984377042281
NE.TRD.GNFS.ZS,Comercio / PIB (%),CHL,Chile,2024,63.9577465302563
NE.TRD.GNFS.ZS,Comercio / PIB (%),CHL,Chile,2023,60.6766444736157
NE.TRD.GNFS.ZS,Comercio / PIB (%),CHL,Chile,2022,75.2334197533759
NE.TRD.GNFS.ZS,Comercio / PIB (%),CHL,Chile,2021,64.8399924791736
NE.TRD.GNFS.ZS,Comercio / PIB (%),CHL,Chile,2020,58.1687693933374
NE.TRD.GNFS.ZS,Comercio / PIB (%),CHL,Chile,2019,57.6069157856537
NE.TRD.GNFS.ZS,Comercio / PIB (%),CHL,Chile,2018,58.1770513035882
NE.TRD.GNFS.ZS,Comercio / PIB (%),CHL,Chile,2017,56.0261586393213
NE.TRD.GNFS.ZS,Comercio / PIB (%),CHL,Chile,2016,56.0578603070995
NE.TRD.GNFS.ZS,Comercio / PIB (%),CHL,Chile,2015,59.3491105681231
NE.TRD.GNFS.ZS,Comercio / PIB (%),CHL,Chile,2014,65.6346274347707
NE.TRD.GNFS.ZS,Comercio / PIB (%),CHL,Chile,2013,65.1432877063737
NE.TRD.GNFS.ZS,Comercio / PIB (%),CHL,Chile,2012,68.1561435339271
NE.TRD.GNFS.ZS,Comercio / PIB (%),CHL,Chile,2011,72.481642209343
NE.TRD.GNFS.ZS,Comercio / PIB (%),CHL,Chile,2010,69.7176802332624
NE.TRD.GNFS.ZS,Comercio / PIB (%),CHL,Chile,2009,66.6860312494996
NE.TRD.GNFS.ZS,Comercio / PIB (%),CHL,Chile,2008,80.676626653784
NE.TRD.GNFS.ZS,Comercio / PIB (%),CHL,Chile,2007,76.9770240591423
NE.TRD.GNFS.ZS,Comercio / PIB (%),CHL,Chile,2006,73.7116341203328
NE.TRD.GNFS.ZS,Comercio / PIB (%),CHL,Chile,2005,72.062533372953
NE.TRD.GNFS.ZS,Comercio / PIB (%),CHL,Chile,2004,69.8893603825954
NE.TRD.GNFS.ZS,Comercio / PIB (%),CHL,Chile,2003,65.6934161956491
NE.TRD.GNFS.ZS,Comercio / PIB (%),CHL,Chile,2002,62.4838547414591
NE.TRD.GNFS.ZS,Comercio / PIB (%),CHL,Chile,2001,62.144766332768
NE.TRD.GNFS.ZS,Comercio / PIB (%),CHL,Chile,2000,58.7119233335812
NE.TRD.GNFS.ZS,Comercio / PIB (%),CHL,Chile,1999,54.6956096251975
NE.TRD.GNFS.ZS,Comercio / PIB (%),CHL,Chile,1998,53.8361806045338
NE.TRD.GNFS.ZS,Comercio / PIB (%),CHL,Chile,1997,54.099302009374
NE.TRD.GNFS.ZS,Comercio / PIB (%),CHL,Chile,1996,53.9207522864456
NE.TRD.GNFS.ZS,Comercio / PIB (%),CHL,Chile,1995,54.6874835998853
NE.TRD.GNFS.ZS,Comercio / PIB (%),CHN,China,2025,37.9563878652312
NE.TRD.GNFS.ZS,Comercio / PIB (%),CHN,China,2024,37.9560601372544
NE.TRD.GNFS.ZS,Comercio / PIB (%),CHN,China,2023,36.7391496938394
NE.TRD.GNFS.ZS,Comercio / PIB (%),CHN,China,2022,37.512555678171
NE.TRD.GNFS.ZS,Comercio / PIB (%),CHN,China,2021,36.6428789643754
NE.TRD.GNFS.ZS,Comercio / PIB (%),CHN,China,2020,34.337778473884
NE.TRD.GNFS.ZS,Comercio / PIB (%),CHN,China,2019,35.4544350281407
NE.TRD.GNFS.ZS,Comercio / PIB (%),CHN,China,2018,36.8943843914718
NE.TRD.GNFS.ZS,Comercio / PIB (%),CHN,China,2017,36.95085261586
NE.TRD.GNFS.ZS,Comercio / PIB (%),CHN,China,2016,36.177170692978
NE.TRD.GNFS.ZS,Comercio / PIB (%),CHN,China,2015,38.6971848362625
NE.TRD.GNFS.ZS,Comercio / PIB (%),CHN,China,2014,44.0684564812532
NE.TRD.GNFS.ZS,Comercio / PIB (%),CHN,China,2013,45.9160413795571
NE.TRD.GNFS.ZS,Comercio / PIB (%),CHN,China,2012,47.4802130784317
NE.TRD.GNFS.ZS,Comercio / PIB (%),CHN,China,2011,49.9458272253643
NE.TRD.GNFS.ZS,Comercio / PIB (%),CHN,China,2010,49.8540722338977
NE.TRD.GNFS.ZS,Comercio / PIB (%),CHN,China,2009,44.4197644331119
NE.TRD.GNFS.ZS,Comercio / PIB (%),CHN,China,2008,56.7111330003209
NE.TRD.GNFS.ZS,Comercio / PIB (%),CHN,China,2007,61.2664640006176
NE.TRD.GNFS.ZS,Comercio / PIB (%),CHN,China,2006,63.5695798621627
NE.TRD.GNFS.ZS,Comercio / PIB (%),CHN,China,2005,61.3600749408237
NE.TRD.GNFS.ZS,Comercio / PIB (%),CHN,China,2004,58.6403340408439
NE.TRD.GNFS.ZS,Comercio / PIB (%),CHN,China,2003,51.0774801301803
NE.TRD.GNFS.ZS,Comercio / PIB (%),CHN,China,2002,42.1944423387413
NE.TRD.GNFS.ZS,Comercio / PIB (%),CHN,China,2001,38.0826469518334
NE.TRD.GNFS.ZS,Comercio / PIB (%),CHN,China,2000,39.0109424774998
NE.TRD.GNFS.ZS,Comercio / PIB (%),CHN,China,1999,33.2255380760054
NE.TRD.GNFS.ZS,Comercio / PIB (%),CHN,China,1998,32.1717399357488
NE.TRD.GNFS.ZS,Comercio / PIB (%),CHN,China,1997,34.3135763220021
NE.TRD.GNFS.ZS,Comercio / PIB (%),CHN,China,1996,33.6287512313005
NE.TRD.GNFS.ZS,Comercio / PIB (%),CHN,China,1995,34.1049521589323
NE.TRD.GNFS.ZS,Comercio / PIB (%),COL,Colombia,2025,35.3689564685036
NE.TRD.GNFS.ZS,Comercio / PIB (%),COL,Colombia,2024,36.3179938785373
NE.TRD.GNFS.ZS,Comercio / PIB (%),COL,Colombia,2023,40.1333165322581
NE.TRD.GNFS.ZS,Comercio / PIB (%),COL,Colombia,2022,48.2826551123359
NE.TRD.GNFS.ZS,Comercio / PIB (%),COL,Colombia,2021,40.0591463936128
NE.TRD.GNFS.ZS,Comercio / PIB (%),COL,Colombia,2020,34.0555709680101
NE.TRD.GNFS.ZS,Comercio / PIB (%),COL,Colombia,2019,37.558533980839
NE.TRD.GNFS.ZS,Comercio / PIB (%),COL,Colombia,2018,36.5347527968973
NE.TRD.GNFS.ZS,Comercio / PIB (%),COL,Colombia,2017,35.2829149424588
NE.TRD.GNFS.ZS,Comercio / PIB (%),COL,Colombia,2016,36.202652984202
NE.TRD.GNFS.ZS,Comercio / PIB (%),COL,Colombia,2015,38.3607641184453
NE.TRD.GNFS.ZS,Comercio / PIB (%),COL,Colombia,2014,37.4874656411103
NE.TRD.GNFS.ZS,Comercio / PIB (%),COL,Colombia,2013,37.9866487978457
NE.TRD.GNFS.ZS,Comercio / PIB (%),COL,Colombia,2012,38.835151018669
NE.TRD.GNFS.ZS,Comercio / PIB (%),COL,Colombia,2011,39.4704235545367
NE.TRD.GNFS.ZS,Comercio / PIB (%),COL,Colombia,2010,34.2646031687681
NE.TRD.GNFS.ZS,Comercio / PIB (%),COL,Colombia,2009,35.1561285074585
NE.TRD.GNFS.ZS,Comercio / PIB (%),COL,Colombia,2008,39.1676494164355
NE.TRD.GNFS.ZS,Comercio / PIB (%),COL,Colombia,2007,37.0988970982903
NE.TRD.GNFS.ZS,Comercio / PIB (%),COL,Colombia,2006,39.6413559606293
NE.TRD.GNFS.ZS,Comercio / PIB (%),COL,Colombia,2005,37.422697494955
NE.TRD.GNFS.ZS,Comercio / PIB (%),COL,Colombia,2004,35.8634269337995
NE.TRD.GNFS.ZS,Comercio / PIB (%),COL,Colombia,2003,36.51618351723
NE.TRD.GNFS.ZS,Comercio / PIB (%),COL,Colombia,2002,32.9826392144234
NE.TRD.GNFS.ZS,Comercio / PIB (%),COL,Colombia,2001,33.9011117949445
NE.TRD.GNFS.ZS,Comercio / PIB (%),COL,Colombia,2000,32.6670854693067
NE.TRD.GNFS.ZS,Comercio / PIB (%),COL,Colombia,1999,36.1492793141794
NE.TRD.GNFS.ZS,Comercio / PIB (%),COL,Colombia,1998,35.9089230535138
NE.TRD.GNFS.ZS,Comercio / PIB (%),COL,Colombia,1997,35.5970680886793
NE.TRD.GNFS.ZS,Comercio / PIB (%),COL,Colombia,1996,36.0441071863282
NE.TRD.GNFS.ZS,Comercio / PIB (%),COL,Colombia,1995,35.4972303177666
NE.TRD.GNFS.ZS,Comercio / PIB (%),ECU,Equador,2025,59.3567812036511
NE.TRD.GNFS.ZS,Comercio / PIB (%),ECU,Equador,2024,57.4436448205751
NE.TRD.GNFS.ZS,Comercio / PIB (%),ECU,Equador,2023,57.1626938264309
NE.TRD.GNFS.ZS,Comercio / PIB (%),ECU,Equador,2022,61.880792818786
NE.TRD.GNFS.ZS,Comercio / PIB (%),ECU,Equador,2021,53.261275610573
NE.TRD.GNFS.ZS,Comercio / PIB (%),ECU,Equador,2020,43.9893109378389
NE.TRD.GNFS.ZS,Comercio / PIB (%),ECU,Equador,2019,48.0828494933307
NE.TRD.GNFS.ZS,Comercio / PIB (%),ECU,Equador,2018,48.0093476154836
NE.TRD.GNFS.ZS,Comercio / PIB (%),ECU,Equador,2017,43.6177233172817
NE.TRD.GNFS.ZS,Comercio / PIB (%),ECU,Equador,2016,40.5344917996647
NE.TRD.GNFS.ZS,Comercio / PIB (%),ECU,Equador,2015,47.8280397077826
NE.TRD.GNFS.ZS,Comercio / PIB (%),ECU,Equador,2014,61.4263766217565
NE.TRD.GNFS.ZS,Comercio / PIB (%),ECU,Equador,2013,63.4333003342414
NE.TRD.GNFS.ZS,Comercio / PIB (%),ECU,Equador,2012,67.0029290916898
NE.TRD.GNFS.ZS,Comercio / PIB (%),ECU,Equador,2011,70.0356837525249
NE.TRD.GNFS.ZS,Comercio / PIB (%),ECU,Equador,2010,65.7773849135062
NE.TRD.GNFS.ZS,Comercio / PIB (%),ECU,Equador,2009,57.3473460627608
NE.TRD.GNFS.ZS,Comercio / PIB (%),ECU,Equador,2008,74.5902963648439
NE.TRD.GNFS.ZS,Comercio / PIB (%),ECU,Equador,2007,68.8505854462677
NE.TRD.GNFS.ZS,Comercio / PIB (%),ECU,Equador,2006,65.8423556166562
NE.TRD.GNFS.ZS,Comercio / PIB (%),ECU,Equador,2005,61.9581507902572
NE.TRD.GNFS.ZS,Comercio / PIB (%),ECU,Equador,2004,56.0745467239942
NE.TRD.GNFS.ZS,Comercio / PIB (%),ECU,Equador,2003,52.3575426975979
NE.TRD.GNFS.ZS,Comercio / PIB (%),ECU,Equador,2002,54.7966439366136
NE.TRD.GNFS.ZS,Comercio / PIB (%),ECU,Equador,2001,56.128486744205
NE.TRD.GNFS.ZS,Comercio / PIB (%),ECU,Equador,2000,65.4042953826391
NE.TRD.GNFS.ZS,Comercio / PIB (%),ECU,Equador,1999,49.2012507989376
NE.TRD.GNFS.ZS,Comercio / PIB (%),ECU,Equador,1998,43.395107949805
NE.TRD.GNFS.ZS,Comercio / PIB (%),ECU,Equador,1997,45.0171863180765
NE.TRD.GNFS.ZS,Comercio / PIB (%),ECU,Equador,1996,44.2157026832153
NE.TRD.GNFS.ZS,Comercio / PIB (%),ECU,Equador,1995,45.9112707318244
NE.TRD.GNFS.ZS,Comercio / PIB (%),IDN,Indonesia,2025,43.3912070511204
NE.TRD.GNFS.ZS,Comercio / PIB (%),IDN,Indonesia,2024,42.809937870822
NE.TRD.GNFS.ZS,Comercio / PIB (%),IDN,Indonesia,2023,41.4604765447233
NE.TRD.GNFS.ZS,Comercio / PIB (%),IDN,Indonesia,2022,45.4646701959453
NE.TRD.GNFS.ZS,Comercio / PIB (%),IDN,Indonesia,2021,40.2047582749671
NE.TRD.GNFS.ZS,Comercio / PIB (%),IDN,Indonesia,2020,32.9721754002427
NE.TRD.GNFS.ZS,Comercio / PIB (%),IDN,Indonesia,2019,37.6277775357108
NE.TRD.GNFS.ZS,Comercio / PIB (%),IDN,Indonesia,2018,43.0743089552002
NE.TRD.GNFS.ZS,Comercio / PIB (%),IDN,Indonesia,2017,39.3554970704606
NE.TRD.GNFS.ZS,Comercio / PIB (%),IDN,Indonesia,2016,37.4213418023318
NE.TRD.GNFS.ZS,Comercio / PIB (%),IDN,Indonesia,2015,41.9376402415294
NE.TRD.GNFS.ZS,Comercio / PIB (%),IDN,Indonesia,2014,48.0801755855227
NE.TRD.GNFS.ZS,Comercio / PIB (%),IDN,Indonesia,2013,48.6373726752893
NE.TRD.GNFS.ZS,Comercio / PIB (%),IDN,Indonesia,2012,49.5828982992627
NE.TRD.GNFS.ZS,Comercio / PIB (%),IDN,Indonesia,2011,50.1800131841104
NE.TRD.GNFS.ZS,Comercio / PIB (%),IDN,Indonesia,2010,46.7012738758737
NE.TRD.GNFS.ZS,Comercio / PIB (%),IDN,Indonesia,2009,45.5121213687054
NE.TRD.GNFS.ZS,Comercio / PIB (%),IDN,Indonesia,2008,58.5613996312961
NE.TRD.GNFS.ZS,Comercio / PIB (%),IDN,Indonesia,2007,54.8292499782075
NE.TRD.GNFS.ZS,Comercio / PIB (%),IDN,Indonesia,2006,56.6571268148867
NE.TRD.GNFS.ZS,Comercio / PIB (%),IDN,Indonesia,2005,63.9879358688635
NE.TRD.GNFS.ZS,Comercio / PIB (%),IDN,Indonesia,2004,59.761294836691
NE.TRD.GNFS.ZS,Comercio / PIB (%),IDN,Indonesia,2003,53.6164937473016
NE.TRD.GNFS.ZS,Comercio / PIB (%),IDN,Indonesia,2002,59.0794617663723
NE.TRD.GNFS.ZS,Comercio / PIB (%),IDN,Indonesia,2001,69.7932075256238
NE.TRD.GNFS.ZS,Comercio / PIB (%),IDN,Indonesia,2000,71.4368759173731
NE.TRD.GNFS.ZS,Comercio / PIB (%),IDN,Indonesia,1999,62.9439128601924
NE.TRD.GNFS.ZS,Comercio / PIB (%),IDN,Indonesia,1998,96.1861923602686
NE.TRD.GNFS.ZS,Comercio / PIB (%),IDN,Indonesia,1997,55.9938588086777
NE.TRD.GNFS.ZS,Comercio / PIB (%),IDN,Indonesia,1996,52.264743657148
NE.TRD.GNFS.ZS,Comercio / PIB (%),IDN,Indonesia,1995,53.9585900635426
NE.TRD.GNFS.ZS,Comercio / PIB (%),IND,India,2025,46.2682006859907
NE.TRD.GNFS.ZS,Comercio / PIB (%),IND,India,2024,45.9166907678748
NE.TRD.GNFS.ZS,Comercio / PIB (%),IND,India,2023,46.3229520582338
NE.TRD.GNFS.ZS,Comercio / PIB (%),IND,India,2022,50.6979382758042
NE.TRD.GNFS.ZS,Comercio / PIB (%),IND,India,2021,45.4230887840446
NE.TRD.GNFS.ZS,Comercio / PIB (%),IND,India,2020,37.7581053292768
NE.TRD.GNFS.ZS,Comercio / PIB (%),IND,India,2019,39.9054035306442
NE.TRD.GNFS.ZS,Comercio / PIB (%),IND,India,2018,43.6169693323889
NE.TRD.GNFS.ZS,Comercio / PIB (%),IND,India,2017,40.7424969545225
NE.TRD.GNFS.ZS,Comercio / PIB (%),IND,India,2016,40.082485713276
NE.TRD.GNFS.ZS,Comercio / PIB (%),IND,India,2015,41.9229138658647
NE.TRD.GNFS.ZS,Comercio / PIB (%),IND,India,2014,48.9221857470669
NE.TRD.GNFS.ZS,Comercio / PIB (%),IND,India,2013,53.8441319466777
NE.TRD.GNFS.ZS,Comercio / PIB (%),IND,India,2012,55.7937217287511
NE.TRD.GNFS.ZS,Comercio / PIB (%),IND,India,2011,55.6238800135298
NE.TRD.GNFS.ZS,Comercio / PIB (%),IND,India,2010,49.2552064974161
NE.TRD.GNFS.ZS,Comercio / PIB (%),IND,India,2009,46.2728696428837
NE.TRD.GNFS.ZS,Comercio / PIB (%),IND,India,2008,53.3682204392226
NE.TRD.GNFS.ZS,Comercio / PIB (%),IND,India,2007,45.686268679348
NE.TRD.GNFS.ZS,Comercio / PIB (%),IND,India,2006,45.7244804992652
NE.TRD.GNFS.ZS,Comercio / PIB (%),IND,India,2005,42.0016696148691
NE.TRD.GNFS.ZS,Comercio / PIB (%),IND,India,2004,37.503814059447
NE.TRD.GNFS.ZS,Comercio / PIB (%),IND,India,2003,30.592436132908
NE.TRD.GNFS.ZS,Comercio / PIB (%),IND,India,2002,29.5086629350614
NE.TRD.GNFS.ZS,Comercio / PIB (%),IND,India,2001,25.9932547534365
NE.TRD.GNFS.ZS,Comercio / PIB (%),IND,India,2000,26.9009229104474
NE.TRD.GNFS.ZS,Comercio / PIB (%),IND,India,1999,24.8155980442929
NE.TRD.GNFS.ZS,Comercio / PIB (%),IND,India,1998,23.6994700790647
NE.TRD.GNFS.ZS,Comercio / PIB (%),IND,India,1997,22.6193868670479
NE.TRD.GNFS.ZS,Comercio / PIB (%),IND,India,1996,21.9294878713867
NE.TRD.GNFS.ZS,Comercio / PIB (%),IND,India,1995,22.8674487062499
NE.TRD.GNFS.ZS,Comercio / PIB (%),MEX,Mexico,2025,79.9239525815655
NE.TRD.GNFS.ZS,Comercio / PIB (%),MEX,Mexico,2024,75.4259015415068
NE.TRD.GNFS.ZS,Comercio / PIB (%),MEX,Mexico,2023,73.7390758255664
NE.TRD.GNFS.ZS,Comercio / PIB (%),MEX,Mexico,2022,88.7984855897261
NE.TRD.GNFS.ZS,Comercio / PIB (%),MEX,Mexico,2021,83.0692976264524
NE.TRD.GNFS.ZS,Comercio / PIB (%),MEX,Mexico,2020,76.8545557151738
NE.TRD.GNFS.ZS,Comercio / PIB (%),MEX,Mexico,2019,77.4619722509459
NE.TRD.GNFS.ZS,Comercio / PIB (%),MEX,Mexico,2018,80.212661650262
NE.TRD.GNFS.ZS,Comercio / PIB (%),MEX,Mexico,2017,76.95212604414
NE.TRD.GNFS.ZS,Comercio / PIB (%),MEX,Mexico,2016,75.6903034088551
NE.TRD.GNFS.ZS,Comercio / PIB (%),MEX,Mexico,2015,70.4129746799259
NE.TRD.GNFS.ZS,Comercio / PIB (%),MEX,Mexico,2014,64.0984090315875
NE.TRD.GNFS.ZS,Comercio / PIB (%),MEX,Mexico,2013,62.6916747661852
NE.TRD.GNFS.ZS,Comercio / PIB (%),MEX,Mexico,2012,64.2579318938989
NE.TRD.GNFS.ZS,Comercio / PIB (%),MEX,Mexico,2011,62.1623872764498
NE.TRD.GNFS.ZS,Comercio / PIB (%),MEX,Mexico,2010,59.2733845336286
NE.TRD.GNFS.ZS,Comercio / PIB (%),MEX,Mexico,2009,54.5917421356323
NE.TRD.GNFS.ZS,Comercio / PIB (%),MEX,Mexico,2008,56.3652818731773
NE.TRD.GNFS.ZS,Comercio / PIB (%),MEX,Mexico,2007,55.2585243990368
NE.TRD.GNFS.ZS,Comercio / PIB (%),MEX,Mexico,2006,54.4821160886169
NE.TRD.GNFS.ZS,Comercio / PIB (%),MEX,Mexico,2005,52.5626446570451
NE.TRD.GNFS.ZS,Comercio / PIB (%),MEX,Mexico,2004,52.0406200335632
NE.TRD.GNFS.ZS,Comercio / PIB (%),MEX,Mexico,2003,48.7004168690455
NE.TRD.GNFS.ZS,Comercio / PIB (%),MEX,Mexico,2002,45.209829259652
NE.TRD.GNFS.ZS,Comercio / PIB (%),MEX,Mexico,2001,44.7401090123173
NE.TRD.GNFS.ZS,Comercio / PIB (%),MEX,Mexico,2000,49.9104091872497
NE.TRD.GNFS.ZS,Comercio / PIB (%),MEX,Mexico,1999,48.0122495761105
NE.TRD.GNFS.ZS,Comercio / PIB (%),MEX,Mexico,1998,48.0318841400179
NE.TRD.GNFS.ZS,Comercio / PIB (%),MEX,Mexico,1997,46.4918755715735
NE.TRD.GNFS.ZS,Comercio / PIB (%),MEX,Mexico,1996,47.7678235339067
NE.TRD.GNFS.ZS,Comercio / PIB (%),MEX,Mexico,1995,43.6658317263397
NE.TRD.GNFS.ZS,Comercio / PIB (%),PER,Peru,2025,51.8154829678647
NE.TRD.GNFS.ZS,Comercio / PIB (%),PER,Peru,2024,51.6811479870417
NE.TRD.GNFS.ZS,Comercio / PIB (%),PER,Peru,2023,50.9070307213493
NE.TRD.GNFS.ZS,Comercio / PIB (%),PER,Peru,2022,57.2727003111939
NE.TRD.GNFS.ZS,Comercio / PIB (%),PER,Peru,2021,55.4083231938774
NE.TRD.GNFS.ZS,Comercio / PIB (%),PER,Peru,2020,44.245967197744
NE.TRD.GNFS.ZS,Comercio / PIB (%),PER,Peru,2019,46.9435053754409
NE.TRD.GNFS.ZS,Comercio / PIB (%),PER,Peru,2018,48.631470171736
NE.TRD.GNFS.ZS,Comercio / PIB (%),PER,Peru,2017,47.5135503619971
NE.TRD.GNFS.ZS,Comercio / PIB (%),PER,Peru,2016,45.3888411964154
NE.TRD.GNFS.ZS,Comercio / PIB (%),PER,Peru,2015,45.1627686891148
NE.TRD.GNFS.ZS,Comercio / PIB (%),PER,Peru,2014,46.8531210912899
NE.TRD.GNFS.ZS,Comercio / PIB (%),PER,Peru,2013,49.7871424471444
NE.TRD.GNFS.ZS,Comercio / PIB (%),PER,Peru,2012,52.6198952632294
NE.TRD.GNFS.ZS,Comercio / PIB (%),PER,Peru,2011,55.9882802838607
NE.TRD.GNFS.ZS,Comercio / PIB (%),PER,Peru,2010,51.6728089370033
NE.TRD.GNFS.ZS,Comercio / PIB (%),PER,Peru,2009,48.1119296153519
NE.TRD.GNFS.ZS,Comercio / PIB (%),PER,Peru,2008,58.4337673899053
NE.TRD.GNFS.ZS,Comercio / PIB (%),PER,Peru,2007,55.6881132836815
NE.TRD.GNFS.ZS,Comercio / PIB (%),PER,Peru,2006,51.7850560338442
NE.TRD.GNFS.ZS,Comercio / PIB (%),PER,Peru,2005,47.3573174768394
NE.TRD.GNFS.ZS,Comercio / PIB (%),PER,Peru,2004,41.9360782679273
NE.TRD.GNFS.ZS,Comercio / PIB (%),PER,Peru,2003,37.6246103251002
NE.TRD.GNFS.ZS,Comercio / PIB (%),PER,Peru,2002,35.2491813317695
NE.TRD.GNFS.ZS,Comercio / PIB (%),PER,Peru,2001,35.0644014310212
NE.TRD.GNFS.ZS,Comercio / PIB (%),PER,Peru,2000,35.5380321623178
NE.TRD.GNFS.ZS,Comercio / PIB (%),PER,Peru,1999,33.2057765558493
NE.TRD.GNFS.ZS,Comercio / PIB (%),PER,Peru,1998,32.9530217853936
NE.TRD.GNFS.ZS,Comercio / PIB (%),PER,Peru,1997,33.4695458506827
NE.TRD.GNFS.ZS,Comercio / PIB (%),PER,Peru,1996,31.6542040912644
NE.TRD.GNFS.ZS,Comercio / PIB (%),PER,Peru,1995,30.9272178475508
NE.TRD.GNFS.ZS,Comercio / PIB (%),TUR,Turquia,2025,49.9346783626928
NE.TRD.GNFS.ZS,Comercio / PIB (%),TUR,Turquia,2024,54.5988061195916
NE.TRD.GNFS.ZS,Comercio / PIB (%),TUR,Turquia,2023,65.6832084738667
NE.TRD.GNFS.ZS,Comercio / PIB (%),TUR,Turquia,2022,79.8982722314341
NE.TRD.GNFS.ZS,Comercio / PIB (%),TUR,Turquia,2021,69.6088976086437
NE.TRD.GNFS.ZS,Comercio / PIB (%),TUR,Turquia,2020,60.389853117297
NE.TRD.GNFS.ZS,Comercio / PIB (%),TUR,Turquia,2019,62.5784589326239
NE.TRD.GNFS.ZS,Comercio / PIB (%),TUR,Turquia,2018,62.8251323851165
NE.TRD.GNFS.ZS,Comercio / PIB (%),TUR,Turquia,2017,56.1356585158689
NE.TRD.GNFS.ZS,Comercio / PIB (%),TUR,Turquia,2016,48.870183807987
NE.TRD.GNFS.ZS,Comercio / PIB (%),TUR,Turquia,2015,51.8749252596832
NE.TRD.GNFS.ZS,Comercio / PIB (%),TUR,Turquia,2014,54.30677404128
NE.TRD.GNFS.ZS,Comercio / PIB (%),TUR,Turquia,2013,53.0683530043043
NE.TRD.GNFS.ZS,Comercio / PIB (%),TUR,Turquia,2012,53.3277612968607
NE.TRD.GNFS.ZS,Comercio / PIB (%),TUR,Turquia,2011,53.651583897618
NE.TRD.GNFS.ZS,Comercio / PIB (%),TUR,Turquia,2010,46.9433366709891
NE.TRD.GNFS.ZS,Comercio / PIB (%),TUR,Turquia,2009,47.0391385732199
NE.TRD.GNFS.ZS,Comercio / PIB (%),TUR,Turquia,2008,50.7612500066681
NE.TRD.GNFS.ZS,Comercio / PIB (%),TUR,Turquia,2007,48.027468179713
NE.TRD.GNFS.ZS,Comercio / PIB (%),TUR,Turquia,2006,48.9456766641314
NE.TRD.GNFS.ZS,Comercio / PIB (%),TUR,Turquia,2005,46.3088308846211
NE.TRD.GNFS.ZS,Comercio / PIB (%),TUR,Turquia,2004,48.9934575435266
NE.TRD.GNFS.ZS,Comercio / PIB (%),TUR,Turquia,2003,46.3681553387846
NE.TRD.GNFS.ZS,Comercio / PIB (%),TUR,Turquia,2002,48.1026101234402
NE.TRD.GNFS.ZS,Comercio / PIB (%),TUR,Turquia,2001,49.9447830679013
NE.TRD.GNFS.ZS,Comercio / PIB (%),TUR,Turquia,2000,42.3746746988077
NE.TRD.GNFS.ZS,Comercio / PIB (%),TUR,Turquia,1999,37.6665043273244
NE.TRD.GNFS.ZS,Comercio / PIB (%),TUR,Turquia,1998,40.3769887377902
NE.TRD.GNFS.ZS,Comercio / PIB (%),TUR,Turquia,1997,42.7610666826994
NE.TRD.GNFS.ZS,Comercio / PIB (%),TUR,Turquia,1996,39.6477180344549
NE.TRD.GNFS.ZS,Comercio / PIB (%),TUR,Turquia,1995,35.9924804952774
NE.TRD.GNFS.ZS,Comercio / PIB (%),,Upper middle income,2025,48.8968233184097
NE.TRD.GNFS.ZS,Comercio / PIB (%),,Upper middle income,2024,49.2616599675973
NE.TRD.GNFS.ZS,Comercio / PIB (%),,Upper middle income,2023,48.6021119364551
NE.TRD.GNFS.ZS,Comercio / PIB (%),,Upper middle income,2022,52.272195392288
NE.TRD.GNFS.ZS,Comercio / PIB (%),,Upper middle income,2021,49.1579063788983
NE.TRD.GNFS.ZS,Comercio / PIB (%),,Upper middle income,2020,44.1113027365394
NE.TRD.GNFS.ZS,Comercio / PIB (%),,Upper middle income,2019,46.2323771478939
NE.TRD.GNFS.ZS,Comercio / PIB (%),,Upper middle income,2018,48.008530269726
NE.TRD.GNFS.ZS,Comercio / PIB (%),,Upper middle income,2017,46.1583956079429
NE.TRD.GNFS.ZS,Comercio / PIB (%),,Upper middle income,2016,44.8357832133482
NE.TRD.GNFS.ZS,Comercio / PIB (%),,Upper middle income,2015,46.634579040827
NE.TRD.GNFS.ZS,Comercio / PIB (%),,Upper middle income,2014,49.9902543121874
NE.TRD.GNFS.ZS,Comercio / PIB (%),,Upper middle income,2013,51.1923965832213
NE.TRD.GNFS.ZS,Comercio / PIB (%),,Upper middle income,2012,52.5563590114725
NE.TRD.GNFS.ZS,Comercio / PIB (%),,Upper middle income,2011,53.9437605981235
NE.TRD.GNFS.ZS,Comercio / PIB (%),,Upper middle income,2010,52.564851722336
NE.TRD.GNFS.ZS,Comercio / PIB (%),,Upper middle income,2009,49.1065601365113
NE.TRD.GNFS.ZS,Comercio / PIB (%),,Upper middle income,2008,59.2905777730701
NE.TRD.GNFS.ZS,Comercio / PIB (%),,Upper middle income,2007,61.0270282387511
NE.TRD.GNFS.ZS,Comercio / PIB (%),,Upper middle income,2006,62.717485417369
NE.TRD.GNFS.ZS,Comercio / PIB (%),,Upper middle income,2005,62.0145576093913
NE.TRD.GNFS.ZS,Comercio / PIB (%),,Upper middle income,2004,60.6861828344415
NE.TRD.GNFS.ZS,Comercio / PIB (%),,Upper middle income,2003,55.4267543122948
NE.TRD.GNFS.ZS,Comercio / PIB (%),,Upper middle income,2002,50.250045776496
NE.TRD.GNFS.ZS,Comercio / PIB (%),,Upper middle income,2001,47.9789437411193
NE.TRD.GNFS.ZS,Comercio / PIB (%),,Upper middle income,2000,48.6708048315672
NE.TRD.GNFS.ZS,Comercio / PIB (%),,Upper middle income,1999,43.380785522195
NE.TRD.GNFS.ZS,Comercio / PIB (%),,Upper middle income,1998,43.4685007848029
NE.TRD.GNFS.ZS,Comercio / PIB (%),,Upper middle income,1997,42.3102119665719
NE.TRD.GNFS.ZS,Comercio / PIB (%),,Upper middle income,1996,40.0835487251975
NE.TRD.GNFS.ZS,Comercio / PIB (%),,Upper middle income,1995,40.2472401751556
NE.TRD.GNFS.ZS,Comercio / PIB (%),ZAF,Africa do Sul,2025,60.9110971393628
NE.TRD.GNFS.ZS,Comercio / PIB (%),ZAF,Africa do Sul,2024,61.646770473025
NE.TRD.GNFS.ZS,Comercio / PIB (%),ZAF,Africa do Sul,2023,65.6798759740707
NE.TRD.GNFS.ZS,Comercio / PIB (%),ZAF,Africa do Sul,2022,64.94713440234
NE.TRD.GNFS.ZS,Comercio / PIB (%),ZAF,Africa do Sul,2021,56.1647136277546
NE.TRD.GNFS.ZS,Comercio / PIB (%),ZAF,Africa do Sul,2020,50.7596590804177
NE.TRD.GNFS.ZS,Comercio / PIB (%),ZAF,Africa do Sul,2019,53.8979964081406
NE.TRD.GNFS.ZS,Comercio / PIB (%),ZAF,Africa do Sul,2018,54.4855451276341
NE.TRD.GNFS.ZS,Comercio / PIB (%),ZAF,Africa do Sul,2017,53.5359318293741
NE.TRD.GNFS.ZS,Comercio / PIB (%),ZAF,Africa do Sul,2016,55.8612575048782
NE.TRD.GNFS.ZS,Comercio / PIB (%),ZAF,Africa do Sul,2015,56.7266761447156
NE.TRD.GNFS.ZS,Comercio / PIB (%),ZAF,Africa do Sul,2014,59.4995740550593
NE.TRD.GNFS.ZS,Comercio / PIB (%),ZAF,Africa do Sul,2013,58.875027630051
NE.TRD.GNFS.ZS,Comercio / PIB (%),ZAF,Africa do Sul,2012,55.5826171933345
NE.TRD.GNFS.ZS,Comercio / PIB (%),ZAF,Africa do Sul,2011,54.6363504358971
NE.TRD.GNFS.ZS,Comercio / PIB (%),ZAF,Africa do Sul,2010,50.4060871625999
NE.TRD.GNFS.ZS,Comercio / PIB (%),ZAF,Africa do Sul,2009,49.5875353278801
NE.TRD.GNFS.ZS,Comercio / PIB (%),ZAF,Africa do Sul,2008,65.9745237996233
NE.TRD.GNFS.ZS,Comercio / PIB (%),ZAF,Africa do Sul,2007,57.125139137747
NE.TRD.GNFS.ZS,Comercio / PIB (%),ZAF,Africa do Sul,2006,53.7681412741145
NE.TRD.GNFS.ZS,Comercio / PIB (%),ZAF,Africa do Sul,2005,47.4277813970329
NE.TRD.GNFS.ZS,Comercio / PIB (%),ZAF,Africa do Sul,2004,45.6435752240041
NE.TRD.GNFS.ZS,Comercio / PIB (%),ZAF,Africa do Sul,2003,45.723862568979
NE.TRD.GNFS.ZS,Comercio / PIB (%),ZAF,Africa do Sul,2002,53.4655016294369
NE.TRD.GNFS.ZS,Comercio / PIB (%),ZAF,Africa do Sul,2001,49.170945185829
NE.TRD.GNFS.ZS,Comercio / PIB (%),ZAF,Africa do Sul,2000,46.2207217354077
NE.TRD.GNFS.ZS,Comercio / PIB (%),ZAF,Africa do Sul,1999,42.2582960172673
NE.TRD.GNFS.ZS,Comercio / PIB (%),ZAF,Africa do Sul,1998,44.0357453368965
NE.TRD.GNFS.ZS,Comercio / PIB (%),ZAF,Africa do Sul,1997,42.3013344291831
NE.TRD.GNFS.ZS,Comercio / PIB (%),ZAF,Africa do Sul,1996,42.199251732528
NE.TRD.GNFS.ZS,Comercio / PIB (%),ZAF,Africa do Sul,1995,39.4780337793026
